"scenario","quantity","fast","reference","abs_diff","rel_diff"
"PH exponential","z",3.60788830317625,3.60788830317626,-3.5527136788005e-15,-9.84707224908492e-16
"PH exponential","p",0.000154349663475221,0.000154349663475273,-5.160802341031e-17,-3.34357861548417e-13
"Delayed effect","z",2.19355084741526,2.19355084741526,4.44089209850063e-16,2.02452206828645e-16
"Delayed effect","p",0.014133857664196,0.0141338576641961,-6.76542155630955e-17,-4.78667729437218e-15
"Crossing hazards","z",-1.03150947978738,-1.03150947978738,1.77635683940025e-15,-1.72209453641318e-15
"Crossing hazards","p",0.848849017479256,0.848849017479256,-4.44089209850063e-16,-5.23166311918262e-16
"Null (identical)","z",0.543629798715735,0.543629798715736,-5.55111512312578e-16,-1.02112046400688e-15
"Null (identical)","p",0.293348124864937,0.293348124864937,1.11022302462516e-16,3.78466037625543e-16
