"fn","fast_ms","base_ms","speed_ratio"
"survfit",0.0637515,3.2743005,51.3603679913414
"survdiff",0.073101,2.297901,31.4346041777814
"coxph",0.112001,3.7979005,33.9095231292578
"rmst",0.087451,4.544101,51.9616813987261
"wlr_fh",0.142701,46.63815,326.824268925936
