"crossover","trial","cutoff","events","rows","n_ctrl","n_trt","z","p","log_hr","p_os"
FALSE,1,21.3256948436347,380,600,300,300,-3.92786788594862,4.28511325431446e-05,-0.406335379787424,0.771522933327463
FALSE,2,21.108797787751,380,600,300,300,-3.36748308657218,0.000379288396592725,-0.364296393919457,0.0299273038550444
FALSE,3,20.9417416431027,380,600,300,300,-4.09294123538345,2.1296784698222e-05,-0.417125517386601,0.0686375154483641
FALSE,4,21.660382455095,380,600,300,300,-2.912216407724,0.00179436954223428,-0.295580104663614,0.0383599809806775
FALSE,5,20.7273225018716,380,600,300,300,-3.3266755422459,0.00043944321388613,-0.341943237010338,0.00793287360578418
FALSE,6,21.364825095491,380,600,300,300,-2.10468617402384,0.0176593173922542,-0.214217432452681,0.151298710986959
FALSE,7,21.7505270247318,380,600,300,300,-2.92707526940166,0.00171083030025229,-0.304454208262862,0.225950560825329
FALSE,8,22.2936152802003,380,600,300,300,-2.67217004840305,0.00376812237982947,-0.269690825074369,0.0128464498373967
FALSE,9,20.6484772644545,380,600,300,300,-2.54783966577977,0.00541961378138411,-0.268031726805591,0.247142904932183
FALSE,10,21.1243446217894,380,600,300,300,-3.1717815848221,0.000757534540789839,-0.328064648325319,0.000695655887020137
FALSE,11,21.8138256847913,380,600,300,300,-3.29987913677599,0.000483632379143532,-0.333877277646373,0.0714960104712132
FALSE,12,21.1620519574707,380,600,300,300,-2.17387214108635,0.0148573693957082,-0.226330830010142,0.395940985519795
FALSE,13,21.5734908464178,380,600,300,300,-5.02047921090527,2.57713647794427e-07,-0.528070589490751,0.000173685540718233
FALSE,14,21.013443445062,380,600,300,300,-4.10528511681806,2.01908253285434e-05,-0.425576962655836,0.233893222606634
FALSE,15,21.1012806431596,380,600,300,300,-2.98913417762807,0.0013988462130512,-0.323076161757517,0.0144637797052885
FALSE,16,21.950591646747,380,600,300,300,-4.94634629078977,3.78096933572928e-07,-0.516099825740765,0.000873572629876664
FALSE,17,21.5302977663789,380,600,300,300,-3.53435368609144,0.000204386841752873,-0.3779228548835,0.461613644228133
FALSE,18,21.025963571677,380,600,300,300,-3.23848195059681,0.00060083812126806,-0.3341737150078,0.26789914745251
FALSE,19,22.2157790163941,380,600,300,300,-4.21173481456527,1.26708470228805e-05,-0.430730429828855,0.00360988158036847
FALSE,20,22.0214249144455,380,600,300,300,-4.48339321233797,3.67326874930567e-06,-0.462391193023905,0.0101370866757502
FALSE,21,21.4249762407769,380,600,300,300,-2.1677585360463,0.0150885315734472,-0.225420249908155,0.11966393907518
FALSE,22,22.2149499245163,380,600,300,300,-4.35531124352907,6.64389885869986e-06,-0.446770230219611,0.0315157937416158
FALSE,23,21.8771477209619,380,600,300,300,-4.7143667884785,1.21231782045644e-06,-0.454854968450272,0.0724106128698538
FALSE,24,22.3370254841856,380,600,300,300,-1.81292685530281,0.034921551781718,-0.193894596849612,0.260539398050657
FALSE,25,21.4820911712103,380,600,300,300,-2.78195093322449,0.00270166042855812,-0.289946255195456,0.156081314171136
FALSE,26,20.7644219916787,380,600,300,300,-2.86510756777847,0.00208433805016285,-0.290570071725993,0.0327764866151107
FALSE,27,21.2592588494724,380,600,300,300,-2.33228828155974,0.00984276529328777,-0.233066904499477,0.0115917688324185
FALSE,28,21.1469023000684,380,600,300,300,-3.13396039337781,0.000862320664198887,-0.312927883604245,0.0410804904435349
FALSE,29,21.4447210747509,380,600,300,300,-3.45420106128985,0.000275962863816754,-0.351301428717979,0.12280885445858
FALSE,30,21.8524310236562,380,600,300,300,-2.75203147644252,0.00296134139501342,-0.282790320397754,0.176911381912961
FALSE,31,21.6612347733901,380,600,300,300,-5.13632460410854,1.40081790057102e-07,-0.521077919988391,0.000457882764596762
FALSE,32,21.7012353730695,380,600,300,300,-4.44027356840312,4.49222964936051e-06,-0.454298785717419,0.278592660050983
FALSE,33,21.5361366290346,380,600,300,300,-2.27199538778282,0.0115433944526503,-0.23184747009486,0.102356215467541
FALSE,34,20.8978179588518,380,600,300,300,-3.14614955055199,0.000827176949787011,-0.333040164546413,0.254729524027694
FALSE,35,21.615739463603,380,600,300,300,-1.81655323547006,0.0346427747653345,-0.186901023027061,0.363997356320225
FALSE,36,21.1925870684868,380,600,300,300,-1.39245848858151,0.081891801832604,-0.148508052532842,0.0655240800809567
FALSE,37,20.8909613024693,380,600,300,300,-4.40958994622621,5.17832681214801e-06,-0.452236667666469,0.0116139394931901
FALSE,38,21.8977733920077,380,600,300,300,-3.27677645769829,0.000524997320705551,-0.338714243535728,0.157271294904255
FALSE,39,21.7643677746308,380,600,300,300,-2.42826725047956,0.00758557966909848,-0.238041768993584,0.0160305843127121
FALSE,40,21.0954809580006,380,600,300,300,-3.67174680980758,0.000120449139936615,-0.376417598415239,0.0804067639518439
FALSE,41,21.5726317868697,380,600,300,300,-4.81300883797642,7.43373557892017e-07,-0.485233877709285,0.0230986368734997
FALSE,42,21.592128480571,380,600,300,300,-5.36312986140015,4.08960792200984e-08,-0.542471008155079,0.0482794627356603
FALSE,43,21.0479304141163,380,600,300,300,-4.66948373868922,1.50978799336636e-06,-0.461522869810168,0.00314036628580509
FALSE,44,22.154779919507,380,600,300,300,-3.14211621772795,0.000838657220934321,-0.334687953543613,0.07162922460077
FALSE,45,22.2416601835138,380,600,300,300,-2.93805892250178,0.00165137123199315,-0.299842082127738,9.62903426649835e-05
FALSE,46,21.3152594691329,380,600,300,300,-3.7241018692751,9.8005886193767e-05,-0.388602345982489,0.224525284131262
FALSE,47,21.8459980954465,380,600,300,300,-4.415326134182,5.04289080744009e-06,-0.441416129095017,0.00109301043494411
FALSE,48,21.3376405332708,380,600,300,300,-4.29856673904206,8.59530699008518e-06,-0.443357559121379,0.00421366927409538
FALSE,49,22.0778344468145,380,600,300,300,-3.99822722383094,3.19093359209271e-05,-0.429419347589349,0.00169474673393217
FALSE,50,20.5559832729164,380,600,300,300,-3.3193551761367,0.000451127956860173,-0.325832097605465,0.0388182094855229
FALSE,51,21.6683646987832,380,600,300,300,-2.83227475909981,0.00231090577284177,-0.283175609308205,0.245587569875276
FALSE,52,22.3201874326466,380,600,300,300,-5.02276728082006,2.54661224109621e-07,-0.530390781886686,0.00230225901548136
FALSE,53,22.8875346348954,380,600,300,300,-3.31314438354409,0.000461266710064888,-0.363749942297461,0.720412629244921
FALSE,54,21.5446254888824,380,600,300,300,-3.74541070964291,9.00494478048173e-05,-0.387305196350378,0.0186996341851319
FALSE,55,21.4236880795641,380,600,300,300,-2.71990186995219,0.00326506460196893,-0.267820001670077,0.426022618624839
FALSE,56,21.0089488124067,380,600,300,300,-6.29179798959515,1.56904850127199e-10,-0.591738380344491,0.00404391020565097
FALSE,57,22.0673038429746,380,600,300,300,-3.73944479049352,9.22135734810371e-05,-0.402269883159852,0.00502051964384151
FALSE,58,21.4874143547133,380,600,300,300,-2.70680182628626,0.00339673985352766,-0.284975806685228,0.0262648189492193
FALSE,59,22.7702615208881,380,600,300,300,-2.09368545482498,0.0181440047371327,-0.208751910056967,0.411331716214766
FALSE,60,21.3436542885685,380,600,300,300,-3.76733526724963,8.24996736210585e-05,-0.393668577628354,0.229351781855941
FALSE,61,20.8245127725471,380,600,300,300,-2.95101905276126,0.00158363689514386,-0.297755851864039,0.00350253979594831
FALSE,62,21.5634164633752,380,600,300,300,-3.11291090252372,0.000926259672500307,-0.319786104015984,0.0327770355577221
FALSE,63,21.0373087043222,380,600,300,300,-3.28609094535147,0.000507941023257872,-0.326554452013634,0.000449486552502646
FALSE,64,21.6429976799916,380,600,300,300,-3.11783716211056,0.0009109171554973,-0.327407889723486,0.473033159283918
FALSE,65,21.9567668150797,380,600,300,300,-3.82689175733198,6.48857725549383e-05,-0.405304508437172,0.0600674777404148
FALSE,66,20.499623409724,380,600,300,300,-3.10291433391189,0.000958125502451857,-0.329384476730015,0.390225396368258
FALSE,67,22.3282888753725,380,600,300,300,-2.57039377020489,0.00507914881557091,-0.268001873969457,0.08553084919383
FALSE,68,22.7472525120683,380,600,300,300,-4.02792807598604,2.81352754348739e-05,-0.41848072799524,0.00362180559221116
FALSE,69,21.2854911992606,380,600,300,300,-4.3776264117855,5.99893875559513e-06,-0.440282872961252,0.00118108174868855
FALSE,70,21.4963597030977,380,600,300,300,-4.59942544137432,2.11828892264531e-06,-0.489028762435718,0.00313951157259531
FALSE,71,21.7604868679642,380,600,300,300,-3.62138458835879,0.000146515262058031,-0.368530491784395,0.0260418220382478
FALSE,72,21.6063093915766,380,600,300,300,-4.36669603957011,6.3070037150958e-06,-0.435492841287204,0.0283229596406604
FALSE,73,20.3440679023359,380,600,300,300,-3.454276982625,0.000275885181249044,-0.356055257401519,0.128296512144071
FALSE,74,22.2422714618761,380,600,300,300,-2.87360563763925,0.00202907669091942,-0.290446921075088,0.0405603257670736
FALSE,75,21.279729168779,380,600,300,300,-4.66477255054341,1.5447929203084e-06,-0.475450469107783,3.38122807574911e-06
FALSE,76,21.5433162187692,380,600,300,300,-2.98240308234152,0.00142997591496351,-0.315754254872109,0.257889488280164
FALSE,77,22.757081348625,380,600,300,300,-4.15732299512964,1.60999292074336e-05,-0.432010065217307,0.00314138506178977
FALSE,78,21.166824954846,380,600,300,300,-1.17468599961262,0.120060181301232,-0.12202455679568,0.19242528487851
FALSE,79,20.9741401728282,380,600,300,300,-1.07941631557324,0.140201090431625,-0.120097042942842,0.289053202581966
FALSE,80,22.4549599496329,380,600,300,300,-5.05399737928322,2.16328772872582e-07,-0.535062765374984,0.115178513968347
FALSE,81,21.1631225295279,380,600,300,300,-4.69245491861621,1.34973016214238e-06,-0.488589823443041,0.000310587485325052
FALSE,82,21.0263271111655,380,600,300,300,-3.5132197566273,0.000221355577150406,-0.357878748547216,0.00740357246744997
FALSE,83,21.4035683522308,380,600,300,300,-5.16445847129074,1.20568001895425e-07,-0.555979811085163,0.000757049281310939
FALSE,84,22.3125189253339,380,600,300,300,-3.66671377995963,0.00012284376478754,-0.378539493350917,0.00790327568008867
FALSE,85,21.4584799753853,380,600,300,300,-1.97235075609416,0.0242847896057923,-0.204401964776425,0.401797790926727
FALSE,86,20.0032742920239,380,600,300,300,-3.99606428945118,3.22021253425877e-05,-0.391580738247649,0.0125373956508513
FALSE,87,22.3996285705677,380,600,300,300,-2.67744919902038,0.00370925507454765,-0.270067677101621,0.350407971775165
FALSE,88,20.9241853066152,380,600,300,300,-3.28570574560074,0.000508636094864069,-0.338957172682753,0.279082393750346
FALSE,89,21.7518090071445,380,600,300,300,-2.66075798687,0.00389824868380216,-0.274980599433264,0.284643132976987
FALSE,90,20.8292661644798,380,600,300,300,-3.09434973321636,0.000986224117969097,-0.316625153111375,0.0550562745696886
FALSE,91,21.548263906515,380,600,300,300,-4.44748400008707,4.34409640988729e-06,-0.455848871079436,0.0140596001086935
FALSE,92,20.985824813481,380,600,300,300,-3.21544706087236,0.000651207574089829,-0.321695579629862,0.00414119782607272
FALSE,93,22.281972694894,380,600,300,300,-3.45204956685929,0.000278172757307276,-0.36627758485405,0.00147865685416089
FALSE,94,21.7744714788068,380,600,300,300,-3.42606068473714,0.000306201770965209,-0.347781330077517,0.455224688982313
FALSE,95,21.3773695993703,380,600,300,300,-4.89985048488529,4.79548071697181e-07,-0.51577520003089,0.0054448029707515
FALSE,96,21.7409474263576,380,600,300,300,-2.58518176279965,0.00486638369503812,-0.27533010510168,0.00115405844408214
FALSE,97,21.6877382815909,380,600,300,300,-3.8913491995188,4.98441696395815e-05,-0.40134658689391,0.00969788528847574
FALSE,98,20.7610448438229,380,600,300,300,-3.87758090579045,5.27501245413102e-05,-0.382099045362645,0.0183173015648913
FALSE,99,21.2195456561561,380,600,300,300,-3.73573981230755,9.35820573048019e-05,-0.384180093948181,0.0209092263138437
FALSE,100,20.810978814857,380,600,300,300,-3.75187703913671,8.77577735338034e-05,-0.368602619585168,0.146759446350707
FALSE,101,20.7627544709783,380,600,300,300,-3.24219625173557,0.000593061561874786,-0.340205866651457,0.0489448842075008
FALSE,102,21.4688057179983,380,600,300,300,-2.74299492719842,0.00304408129989401,-0.276672056101032,0.025385680408024
FALSE,103,20.8348607812402,380,600,300,300,-3.85647612798416,5.75166630904099e-05,-0.408018728038451,0.00185629212829708
FALSE,104,21.228660306525,380,600,300,300,-4.09044828283728,2.15270105680602e-05,-0.425052759867142,0.0174351148578049
FALSE,105,22.7403339664824,380,600,300,300,-4.46588001530495,3.98701464495937e-06,-0.462328063514504,0.00440587255402912
FALSE,106,21.3097968507115,380,600,300,300,-2.31649801483768,0.0102655463510369,-0.230000774055506,0.379982891957258
FALSE,107,21.8915964545061,380,600,300,300,-2.37655031999962,0.00873768882247511,-0.243428752442082,0.0300114443264787
FALSE,108,22.1826634524018,380,600,300,300,-5.17676629123355,1.12882366277408e-07,-0.530991352674501,0.00661665590259882
FALSE,109,21.9503813111586,380,600,300,300,-4.05880554322618,2.46621825839804e-05,-0.410445272337207,0.0199478166515383
FALSE,110,21.9801267461078,380,600,300,300,-2.77414667631355,0.00276733590269953,-0.275249343914229,0.345221569290787
FALSE,111,21.0960756797696,380,600,300,300,-3.20411263422401,0.00067739731868715,-0.320787911020545,0.235089900984926
FALSE,112,21.9557491754559,380,600,300,300,-5.07444683892471,1.94312428694052e-07,-0.515038384433757,5.92529746708991e-05
FALSE,113,22.7307314145192,380,600,300,300,-4.6690909715269,1.51267699691896e-06,-0.479598922974054,0.296646390083549
FALSE,114,22.1164653187966,380,600,300,300,-2.38828163926191,0.00846368207441993,-0.246929061686341,0.0658524337835579
FALSE,115,22.2528528662714,380,600,300,300,-4.2123484429451,1.26364641290758e-05,-0.430037348124387,0.00140904938915098
FALSE,116,22.1238492189975,380,600,300,300,-2.53289795042905,0.0056561940666512,-0.255985529946924,0.326543273554026
FALSE,117,21.2317128916242,380,600,300,300,-3.40280228352503,0.000333492640385271,-0.329642436789468,0.0749319560534226
FALSE,118,22.2088044223971,380,600,300,300,-2.55498552330678,0.00530961072216053,-0.255987520730691,0.0981473717160458
FALSE,119,21.3782160730856,380,600,300,300,-4.83192572439851,6.76093525976742e-07,-0.486802161422101,0.0117474218174855
FALSE,120,20.4684731910094,380,600,300,300,-3.56530608187118,0.000181715898064767,-0.361042272242167,0.0162277202706591
FALSE,121,22.8675349363312,380,600,300,300,-3.40179382480689,0.000334725608437048,-0.358163256967295,0.0163925437087982
FALSE,122,20.6315635878034,380,600,300,300,-2.15613601535344,0.0155365229879251,-0.217354585304881,0.444911236376276
FALSE,123,22.1149738370252,380,600,300,300,-4.38092601620217,5.90879976857187e-06,-0.443020376246713,0.0627038304809864
FALSE,124,22.3684779222216,380,600,300,300,-3.00338608149597,0.00133496742310945,-0.313533155458454,0.060300404694579
FALSE,125,21.8676596827958,380,600,300,300,-3.15199040178415,0.000810808018436082,-0.325974744104898,0.316084160803853
FALSE,126,22.1320260140765,380,600,300,300,-2.55502301750414,0.00530903881337136,-0.265336490888423,0.470709427801921
FALSE,127,21.032123560942,380,600,300,300,-3.77566927308916,7.97893052313474e-05,-0.384109300014199,0.0455880335313039
FALSE,128,21.214960827634,380,600,300,300,-3.94349164515734,4.01518951528323e-05,-0.398858033853163,0.00203208579030095
FALSE,129,22.5729994896836,380,600,300,300,-3.43662404047402,0.000294506288667491,-0.357172825316767,0.000844160764378287
FALSE,130,21.8697676599026,380,600,300,300,-4.44933428615361,4.30684301754466e-06,-0.453193506078157,0.0118316753532378
FALSE,131,21.2594817404761,380,600,300,300,-1.52087977098864,0.0641450056191782,-0.150797429389236,0.469086249731308
FALSE,132,21.8112174285731,380,600,300,300,-3.27479575810919,0.000528691953366127,-0.342225974579107,0.0184770615788017
FALSE,133,22.080940646257,380,600,300,300,-3.34810028033609,0.000406837816496852,-0.349587290030562,0.0888037995531097
FALSE,134,21.1426105099536,380,600,300,300,-3.13411274853526,0.000861873046956414,-0.318243420010062,0.0262636699400726
FALSE,135,21.41319710298,380,600,300,300,-4.80205085250129,7.85243973489511e-07,-0.515679861627996,0.0116501097333957
FALSE,136,21.5296598372491,380,600,300,300,-2.07309682478436,0.0190816347300407,-0.217139680859761,0.0777274356308652
FALSE,137,20.6373458093494,380,600,300,300,-3.78232427202597,7.76853873963956e-05,-0.384997055620094,0.0778287992924832
FALSE,138,21.3539747203421,380,600,300,300,-2.46252988555072,0.00689803374042602,-0.246236422925857,0.0210769062132728
FALSE,139,21.9939044061175,380,600,300,300,-2.00532883717904,0.02246395195195,-0.207871962508862,0.139908126365369
FALSE,140,21.6000271749108,380,600,300,300,-4.58467923020331,2.27341960373857e-06,-0.466775263821706,0.000607733684369532
FALSE,141,21.2112633201666,380,600,300,300,-3.19926294352431,0.000688897219292175,-0.31505913662191,0.00642880123440267
FALSE,142,20.9118097563833,380,600,300,300,-2.43768099265968,0.00739090614351446,-0.249529891563139,0.319123064428544
FALSE,143,21.6480222133353,380,600,300,300,-3.22322110567185,0.000633788340905527,-0.330445346186673,0.0274940888094302
FALSE,144,22.1856549237779,380,600,300,300,-5.20417280980966,9.74313073982299e-08,-0.552494883888741,0.0429464489755437
FALSE,145,21.246031420911,380,600,300,300,-5.14018409156611,1.37234711757552e-07,-0.525807895103474,0.0124533641374492
FALSE,146,20.6763088062861,380,600,300,300,-5.10596197678759,1.64557934941462e-07,-0.505461838354026,0.0627378697722323
FALSE,147,21.629150061258,380,600,300,300,-3.71756882585978,0.000100574598300474,-0.400495023793756,0.00156160962171672
FALSE,148,22.0123762407896,380,600,300,300,-3.75472581147088,8.6765668683963e-05,-0.39277368284086,0.0020762500037936
FALSE,149,21.1510090212508,380,600,300,300,-4.30460527161228,8.36418664061937e-06,-0.444382744813749,2.61738454697185e-05
FALSE,150,20.5389911427663,380,600,300,300,-5.56285235499854,1.32700213773705e-08,-0.572108542590751,0.0114071482941182
FALSE,151,22.8619272714487,380,600,300,300,-4.62566138370777,1.8670246177384e-06,-0.483556976554871,0.0106171422595559
FALSE,152,21.4520534344643,380,600,300,300,-3.37596425092262,0.000367787381303289,-0.343232880944671,0.0223008361760951
FALSE,153,21.2002775437822,380,600,300,300,-3.00642480088794,0.00132169713374767,-0.316243997784726,0.00848527405380785
FALSE,154,21.9702627260444,380,600,300,300,-5.00588519548036,2.78029466130839e-07,-0.503873674486517,0.0294086978690822
FALSE,155,22.9469681284465,380,600,300,300,-3.96189757882468,3.71782191275319e-05,-0.410349237271921,0.00919416839534914
FALSE,156,21.0822015578613,380,600,300,300,-2.54455037103515,0.00547092645959209,-0.269434428721088,0.137131645148851
FALSE,157,21.2697129484251,380,600,300,300,-2.72072762840598,0.00325692038758796,-0.273730172932839,0.212892988559968
FALSE,158,21.7496120363023,380,600,300,300,-3.11649871491399,0.000915062390786153,-0.318133277577082,0.000286140027504075
FALSE,159,21.0701847848576,380,600,300,300,-4.68927823801641,1.37085190640662e-06,-0.496297326066773,0.0301235929172388
FALSE,160,21.8038539633351,380,600,300,300,-2.66598522730144,0.00383815330052669,-0.26703034721075,0.0931806281611607
FALSE,161,21.3728051105887,380,600,300,300,-3.26682342524541,0.000543807471270779,-0.342789055587281,0.225885913052836
FALSE,162,20.4033688972145,380,600,300,300,-0.913878286989612,0.180390402027715,-0.0916901199350472,0.00270114854790025
FALSE,163,22.110475836239,380,600,300,300,-2.79622941581593,0.00258513424256077,-0.288647592534634,0.114011988631065
FALSE,164,20.5599363174564,380,600,300,300,-3.96134708655237,3.7264052174606e-05,-0.427207410052479,0.0515402889540844
FALSE,165,21.8645903866603,380,600,300,300,-4.47808558674,3.76577037433602e-06,-0.454525286325841,0.000113309364816748
FALSE,166,20.6493419637331,380,600,300,300,-3.11314354276356,0.00092552982125037,-0.308227696691157,0.0138657907878721
FALSE,167,22.397578804503,380,600,300,300,-3.11643151894321,0.000915270956178004,-0.32402103439955,0.0828774542708378
FALSE,168,22.1695721119345,380,600,300,300,-3.82603413994175,6.51121187996454e-05,-0.401078302090088,0.0383459609977714
FALSE,169,21.5933682148531,380,600,300,300,-4.57030527124637,2.43507134933112e-06,-0.465325092492288,0.0716575104730692
FALSE,170,22.6783478007911,380,600,300,300,-2.53857840833141,0.00556519294473696,-0.270131347293284,0.0465310934557213
FALSE,171,22.6555923974795,380,600,300,300,-3.24188026684365,0.000593719496221986,-0.332242951009291,0.00137449832962337
FALSE,172,21.676445206264,380,600,300,300,-3.73606967714724,9.3459447417444e-05,-0.37286510169539,0.485358512657562
FALSE,173,21.6766614086136,380,600,300,300,-3.30424075884679,0.000476170041895314,-0.345909371984351,0.101233623461308
FALSE,174,21.9575258057518,380,600,300,300,-3.85801710697247,5.71553244484352e-05,-0.390119877521415,0.70235409850926
FALSE,175,22.2080560161762,380,600,300,300,-2.95888557530594,0.00154376860818344,-0.299217190750066,0.0115262437748722
FALSE,176,20.5437964139987,380,600,300,300,-2.12608346511654,0.0167481552223445,-0.231502342922676,0.0201611697917709
FALSE,177,21.0838166933941,380,600,300,300,-3.43354703368049,0.000297869418327724,-0.376801405729013,0.0402638899346545
FALSE,178,21.7311523842496,380,600,300,300,-5.25277146999225,7.49136971726672e-08,-0.545506341631788,0.00241484311517095
FALSE,179,21.3031083559255,380,600,300,300,-2.49942438212558,0.0062197621914691,-0.254373509124276,0.0901006684793005
FALSE,180,22.0695631422289,380,600,300,300,-3.86023122019153,5.66398915235701e-05,-0.40891331639427,0.022387714618315
FALSE,181,21.7337546638223,380,600,300,300,-2.43255242988623,0.00749641035891146,-0.24596623934533,0.0159512113614129
FALSE,182,21.1448882560453,380,600,300,300,-3.67208448343808,0.000120290058796714,-0.387217637487718,0.00138340465210363
FALSE,183,20.8596232205785,380,600,300,300,-3.72707517212155,9.68573480184866e-05,-0.376045341877105,0.00224419722629618
FALSE,184,20.8599405725482,380,600,300,300,-3.99189907037891,3.2773135430145e-05,-0.39502634248956,0.215001184084591
FALSE,185,22.8880600963533,380,600,300,300,-2.39104349112564,0.00840028130007566,-0.253117144417194,0.00677650548062389
FALSE,186,21.5093720361464,380,600,300,300,-2.36052589897498,0.00912452200703498,-0.240776522269935,0.02842057963433
FALSE,187,21.7088717354981,380,600,300,300,-4.15410475196297,1.63281778921126e-05,-0.435779604572392,0.519785198256716
FALSE,188,22.4027183700483,380,600,300,300,-2.18017381768178,0.0146222898072736,-0.218367984570064,0.447219194948198
FALSE,189,20.8819893894194,380,600,300,300,-1.38318423821419,0.0833041906950769,-0.148517942993868,0.591319516657967
FALSE,190,20.8580534127145,380,600,300,300,-4.42403109050846,4.84380347626019e-06,-0.454455446258261,0.0163739771468068
FALSE,191,21.5691440019975,380,600,300,300,-3.27434140336363,0.000529542854040365,-0.325544671341689,0.000259112177283559
FALSE,192,21.4633237142312,380,600,300,300,-3.23897853683464,0.000599793001041217,-0.330201471599604,0.368679780980452
FALSE,193,20.991155027082,380,600,300,300,-1.95005781575694,0.0255846142028173,-0.202918020040554,0.107807989423683
FALSE,194,21.4258736167713,380,600,300,300,-1.64583413573766,0.0498989561179967,-0.170285815420163,0.177556489667129
FALSE,195,21.2852000392063,380,600,300,300,-2.17666705059456,0.0147527092092104,-0.22015563586282,0.104173828388871
FALSE,196,21.7295516534959,380,600,300,300,-2.69917404788689,0.00347559059965375,-0.272516981440984,0.0802994916938677
FALSE,197,22.0032911652784,380,600,300,300,-3.8696999293219,5.44846949168034e-05,-0.412063952217833,0.000902951004625045
FALSE,198,21.1110368855204,380,600,300,300,-4.12633551979046,1.84294702560495e-05,-0.433927884088576,0.139321808847463
FALSE,199,21.6041257535078,380,600,300,300,-3.48983746070862,0.000241657205605568,-0.365023963881533,0.0394874655367263
FALSE,200,21.8665060330657,380,600,300,300,-4.22514080892201,1.19395710251911e-05,-0.446465992400997,0.0423604183889426
FALSE,201,22.4689633174986,380,600,300,300,-4.15911329031233,1.59742709911708e-05,-0.441751879801365,2.27943018271006e-05
FALSE,202,22.3643793843873,380,600,300,300,-3.47832815128725,0.000252275919931405,-0.357441369087038,0.416973879491763
FALSE,203,22.4161455321077,380,600,300,300,-3.80234626016517,7.16661056360162e-05,-0.410571388212832,0.147678130750909
FALSE,204,20.9231158876242,380,600,300,300,-2.88541944038004,0.00195446244238954,-0.289745582821647,0.00199874996922996
FALSE,205,21.2783810540957,380,600,300,300,-2.60480838616523,0.00459628267559623,-0.275355746333411,0.272837788934046
FALSE,206,20.4647516442583,380,600,300,300,-2.55150651617146,0.00536291592057177,-0.267635769503267,0.0152930146353763
FALSE,207,21.8422541336645,380,600,300,300,-3.05625887472919,0.00112058831312441,-0.316742935152812,0.129546563432573
FALSE,208,22.3913360898285,380,600,300,300,-3.77152100806654,8.1127747265402e-05,-0.392069955058344,0.306335490546377
FALSE,209,21.6799902479937,380,600,300,300,-2.13498917136209,0.0163809473261655,-0.221902099511951,0.199160657645139
FALSE,210,20.4843698896849,380,600,300,300,-2.51930049903431,0.00587941274950664,-0.259333356305744,0.306371988242892
FALSE,211,21.1915134514881,380,600,300,300,-1.95951823484289,0.0250260632547707,-0.202907237255493,0.0876342902313432
FALSE,212,21.5257707980981,380,600,300,300,-3.16702288623515,0.000770040987394537,-0.319531798007281,0.0615029033012176
FALSE,213,21.3824131528661,380,600,300,300,-5.79908599248724,3.3338668149195e-09,-0.598298186251806,0.000167905097104582
FALSE,214,22.4670169137748,380,600,300,300,-1.39570405961208,0.0814018156619313,-0.144454392847125,0.0458679812490801
FALSE,215,22.3451251551982,380,600,300,300,-2.0062509552312,0.0224147399136421,-0.203603860809851,0.620663702300911
FALSE,216,20.1248959106242,380,600,300,300,-4.84742718253864,6.25364587909123e-07,-0.485119511422718,0.0191884096269205
FALSE,217,21.3502522470774,380,600,300,300,-6.02909174619555,8.2441835257243e-10,-0.602879098650852,8.20850724324332e-05
FALSE,218,21.9422164220642,380,600,300,300,-5.80945349142756,3.13385510940094e-09,-0.606065743347133,0.00266619154273197
FALSE,219,22.2663813550706,380,600,300,300,-2.40481780774392,0.00809026516631262,-0.248363236261648,0.00909046563269177
FALSE,220,21.62425321877,380,600,300,300,-4.93574815131126,3.99220435246704e-07,-0.485157670541261,0.00145311358237272
FALSE,221,20.527102960148,380,600,300,300,-2.94080083698926,0.00163682471585003,-0.300889047416892,0.803319095880865
FALSE,222,21.8979508326834,380,600,300,300,-4.34771497048013,6.87816075995278e-06,-0.427101462516402,0.381751313325833
FALSE,223,21.5845196861455,380,600,300,300,-2.37422314480982,0.00879295946529479,-0.239123778918746,0.10137424870739
FALSE,224,23.2990578194006,380,600,300,300,-3.2917478689729,0.000497834161080696,-0.347416203158934,0.0380143591416008
FALSE,225,22.3578463317858,380,600,300,300,-3.16107185013536,0.000785948595747732,-0.321884970004959,0.00941271381536676
FALSE,226,21.1834053722941,380,600,300,300,-2.99477550981649,0.00137323447823212,-0.310809611722735,0.0167931118376489
FALSE,227,22.3669362713584,380,600,300,300,-3.56357993255748,0.000182915613415069,-0.365587555493938,0.185148174456491
FALSE,228,20.7166600033804,380,600,300,300,-2.84472447838402,0.002222492654776,-0.294414998974181,0.164728723002278
FALSE,229,22.3821043074076,380,600,300,300,-4.32297547987139,7.69694241188027e-06,-0.438185846975025,0.00272162775121406
FALSE,230,21.5316828983179,380,600,300,300,-4.84380826496499,6.36869265478054e-07,-0.491348472129425,0.000258174216182374
FALSE,231,21.4922219621562,380,600,300,300,-3.04476213946016,0.00116432198876329,-0.312000590454546,0.0458219040019635
FALSE,232,21.6777405077807,380,600,300,300,-3.66495869180682,0.000123689253697923,-0.379695143068624,0.199744546954785
FALSE,233,21.8706624004911,380,600,300,300,-4.13028788574058,1.81154623752941e-05,-0.432535498529002,0.0580596143000679
FALSE,234,21.8439077392872,380,600,300,300,-4.20810801510067,1.28758885643614e-05,-0.440274218613905,0.000790151978594904
FALSE,235,21.6859159164688,380,600,300,300,-3.79578602367286,7.35882005861495e-05,-0.394871100004246,0.000297839531631356
FALSE,236,21.1245192263515,380,600,300,300,-3.46822712702162,0.000261952144793113,-0.356220647914247,0.0597371108145834
FALSE,237,21.5700481065288,380,600,300,300,-3.93221644516602,4.20831152341408e-05,-0.397087654781718,0.00142761956875498
FALSE,238,21.5356798695925,380,600,300,300,-3.20308243201946,0.000679825284217476,-0.323003192855766,0.0784705255811232
FALSE,239,22.3870272625904,380,600,300,300,-5.06734884434085,2.01697301817348e-07,-0.518191627942467,0.00867521074873614
FALSE,240,21.4540494929635,380,600,300,300,-3.77255453596896,8.07923162780005e-05,-0.383443823433718,0.018596687109476
FALSE,241,22.341647829484,380,600,300,300,-4.33619828894729,7.24840894388913e-06,-0.442542164386042,0.000714994629447918
FALSE,242,22.005609854255,380,600,300,300,-3.95006268807217,3.90653636352436e-05,-0.406755212949539,0.0278288654476049
FALSE,243,21.887543169526,380,600,300,300,-1.43996333098921,0.0749388868682707,-0.156032466443449,0.389196191898984
FALSE,244,21.2235546314412,380,600,300,300,-3.94730022854359,3.95187095538898e-05,-0.407562168817586,0.071237884352548
FALSE,245,22.3564391193802,380,600,300,300,-4.92219804489939,4.2788772453315e-07,-0.511611836487571,0.0136144387781462
FALSE,246,22.7016150241066,380,600,300,300,-2.93423882703284,0.00167183409507804,-0.317463841008699,0.0905090003141748
FALSE,247,22.7967101868576,380,600,300,300,-4.21544309467897,1.24644123778877e-05,-0.444973778197087,0.00788987927211596
FALSE,248,21.2661492594292,380,600,300,300,-2.98787188513395,0.00140463644062599,-0.298543175190421,0.296017557222863
FALSE,249,21.8948000433335,380,600,300,300,-2.81691475355767,0.00242436966591927,-0.292648402297387,0.00919467825251909
FALSE,250,22.2713190105675,380,600,300,300,-3.73281575228071,9.46755524817406e-05,-0.370995430611189,0.00269947298578927
FALSE,251,21.7857186358452,380,600,300,300,-3.20088873219292,0.000685022132300531,-0.349371935076838,0.226779424955287
FALSE,252,21.25478013908,380,600,300,300,-4.95067107554924,3.69790057552227e-07,-0.505576664021524,5.64682347178998e-05
FALSE,253,20.9301561852479,380,600,300,300,-3.06721427266831,0.00108031957264562,-0.319715509011839,0.0362725036979314
FALSE,254,21.032942779821,380,600,300,300,-3.05518051327803,0.0011246255012446,-0.310488415774926,0.117403570248751
FALSE,255,21.2546244741741,380,600,300,300,-3.56736843779329,0.000180292158255621,-0.377943401037561,0.00645761221830965
FALSE,256,21.6254843511359,380,600,300,300,-4.30764877045506,8.24995576518375e-06,-0.448355123116874,0.0199894191707615
FALSE,257,21.1433885027779,380,600,300,300,-2.73894324613159,0.00308185062646506,-0.29208318429325,0.000359075661561888
FALSE,258,21.4222872141439,380,600,300,300,-2.30809679023672,0.0104968768387791,-0.246469262186853,0.289642305709458
FALSE,259,21.826115728271,380,600,300,300,-3.41371001424745,0.000320423729897964,-0.34616638610662,0.089738524032814
FALSE,260,21.3039333619138,380,600,300,300,-2.70876152468492,0.0033767431479046,-0.286225414636996,0.296432710358555
FALSE,261,21.6994988907315,380,600,300,300,-2.31150756082206,0.010402418011823,-0.247121574024197,0.361309642997671
FALSE,262,21.9184405287342,380,600,300,300,-3.99601386475659,3.22089814073106e-05,-0.402803613051096,0.00954026080835002
FALSE,263,22.1448303093873,380,600,300,300,-3.75468174299039,8.678093519057e-05,-0.382061681629248,0.0118723393570298
FALSE,264,20.7348218121282,380,600,300,300,-3.18195638355139,0.000731419233056862,-0.327294415538698,0.0752015368737581
FALSE,265,21.1593418990541,380,600,300,300,-3.85680336168331,5.74397515189817e-05,-0.395672302113921,0.166917997804945
FALSE,266,21.6228913883585,380,600,300,300,-2.80994780165767,0.00247747677322044,-0.285306285544423,0.0123682713373883
FALSE,267,21.7047559421784,380,600,300,300,-2.09191721375875,0.0182229609773968,-0.215219322745102,0.0107251676801477
FALSE,268,22.3167254388908,380,600,300,300,-3.31198162316054,0.000463188154669298,-0.342139413254285,0.0137104553666261
FALSE,269,21.0665079718549,380,600,300,300,-3.19994594939535,0.000687266810469305,-0.313203108781572,0.0457960789921317
FALSE,270,21.7934010660476,380,600,300,300,-3.14935396716189,0.000818159333420052,-0.321859433513735,0.010325009231159
FALSE,271,22.8236284467138,380,600,300,300,-5.10724597615755,1.63444052758297e-07,-0.499285589058104,0.176304185079821
FALSE,272,21.193552127768,380,600,300,300,-1.5923850939193,0.055649101716333,-0.159958866636473,0.299047180950464
FALSE,273,22.706553723517,380,600,300,300,-3.09245723329142,0.000992534171349216,-0.316772763275413,0.0516366631056721
FALSE,274,21.7251706712144,380,600,300,300,-4.19314175254801,1.37558703099974e-05,-0.435365572592625,0.17414838759473
FALSE,275,22.1643882049118,380,600,300,300,-3.71620248250086,0.000101119765005626,-0.386720189163011,0.012824562419895
FALSE,276,21.7152259310991,380,600,300,300,-3.0971356222346,0.000977002272311984,-0.305261731794095,0.357020629901605
FALSE,277,22.0959309244519,380,600,300,300,-3.96026488645114,3.74333360107456e-05,-0.399125618216345,0.0123697041878065
FALSE,278,21.5230286136169,380,600,300,300,-3.97341291569842,3.54250345296805e-05,-0.412170031959684,0.0503252766882105
FALSE,279,21.4302293136902,380,600,300,300,-3.08894985431415,0.0010043266975747,-0.321093799048827,0.00441179308089494
FALSE,280,21.7168642862533,380,600,300,300,-3.65682428599344,0.000127679649357813,-0.381623476833657,0.137782276664849
FALSE,281,21.3975321793937,380,600,300,300,-2.24621734629704,0.0123450448450469,-0.232893657613966,0.523513302321449
FALSE,282,22.0766499271965,380,600,300,300,-2.40901500117034,0.00799782024284653,-0.248545124352162,0.000480072809504801
FALSE,283,20.7506995841015,380,600,300,300,-5.25561843704256,7.37639375000376e-08,-0.542181592410462,0.0113209703314262
FALSE,284,22.2965476356917,380,600,300,300,-2.96188594986849,0.00152880509383419,-0.318270177199233,0.677622362767194
FALSE,285,22.798339926438,380,600,300,300,-3.06933436926588,0.00107268164496933,-0.327641667947817,0.249460854073799
FALSE,286,22.0400591388996,380,600,300,300,-2.62209638756823,0.00436953556231462,-0.271911438363006,0.00146879795962223
FALSE,287,22.4275509201083,380,600,300,300,-4.46186819938061,4.06240977476514e-06,-0.465000620089094,0.0623900702984716
FALSE,288,21.2131977390831,380,600,300,300,-3.46327606915085,0.000266820286028493,-0.353145582591891,0.232019363128598
FALSE,289,20.8429812249541,380,600,300,300,-1.21697300211325,0.111807244018929,-0.122844019928102,0.037204788792262
FALSE,290,21.5393553607323,380,600,300,300,-3.66853497203514,0.000121972164670776,-0.379969386090259,0.002995372577458
FALSE,291,21.5865676847708,380,600,300,300,-2.02701839750201,0.0213302656148763,-0.205733758639047,0.171213224101714
FALSE,292,21.4407499581771,380,600,300,300,-3.5635762844464,0.000182918156764283,-0.371326563677598,0.0945381490209573
FALSE,293,22.5439939428119,380,600,300,300,-5.32477540162039,5.0538926406026e-08,-0.543993770903647,0.0682822717798955
FALSE,294,22.520588173302,380,600,300,300,-4.94577758160191,3.79202570898266e-07,-0.504755906173949,0.00603287149394367
FALSE,295,21.78610909857,380,600,300,300,-4.79359019465182,8.19113772762871e-07,-0.493882983654654,0.000328254721544196
FALSE,296,22.2976951518576,380,600,300,300,-2.69356453169647,0.00353462295968984,-0.265884344876867,0.0957536724231316
FALSE,297,20.8369148438312,380,600,300,300,-4.40964227362509,5.177075766472e-06,-0.439838699982019,0.00790227226780051
FALSE,298,21.84110832202,380,600,300,300,-3.59459434036453,0.000162448702039304,-0.369458912890424,0.0123619037050132
FALSE,299,21.2634641992968,380,600,300,300,-3.35295142976373,0.000399773680659462,-0.333091903614611,0.0107127787675871
FALSE,300,21.4326599096938,380,600,300,300,-3.47105534283756,0.00025920857111071,-0.330422215567234,0.249260776127129
FALSE,301,21.8172518591843,380,600,300,300,-3.90482892585108,4.71460317995866e-05,-0.418555889618123,0.0852855670198462
FALSE,302,21.7774732258798,380,600,300,300,-3.23925325991906,0.00059921553796755,-0.326072626616685,0.000238636410086785
FALSE,303,21.505195947049,380,600,300,300,-4.26305041748953,1.00827498267273e-05,-0.445613689157376,0.0198279793389377
FALSE,304,22.4111219407229,380,600,300,300,-3.54644195301578,0.000195235377274635,-0.363051739008442,0.0305292071282396
FALSE,305,22.3024571423136,380,600,300,300,-4.59250762744599,2.18975749247445e-06,-0.46483079707903,0.00518192804797318
FALSE,306,20.5913856121584,380,600,300,300,-3.38338337193553,0.000357993050771764,-0.335926468183353,5.1228208559792e-05
FALSE,307,22.0545735620629,380,600,300,300,-3.37516207591851,0.000368861150641412,-0.350669321116961,0.0179323566423185
FALSE,308,21.7677852964979,380,600,300,300,-2.43309015769402,0.00748528636597976,-0.254815558325391,0.0244433167501871
FALSE,309,21.4499270985854,380,600,300,300,-2.34082965841034,0.00962047178676891,-0.240486544727679,0.155202830765008
FALSE,310,22.0305750337243,380,600,300,300,-3.46397017226256,0.000266132763271001,-0.372827589793403,0.0494424044154665
FALSE,311,20.7227480007035,380,600,300,300,-3.22487099706819,0.000630147222801237,-0.332603724048673,0.0477560905895314
FALSE,312,22.0070221090827,380,600,300,300,-4.36597941347209,6.32771997272546e-06,-0.451120958142655,0.275214783137935
FALSE,313,21.7221952084545,380,600,300,300,-3.38408198947434,0.000357083367060763,-0.339842071378949,0.113492851547034
FALSE,314,21.2305558657803,380,600,300,300,-2.5524949776468,0.005347722576315,-0.261534893446838,0.000855256660153227
FALSE,315,21.4581461359404,380,600,300,300,-2.85242903147619,0.00216932495619742,-0.298378058170863,0.0118392041401117
FALSE,316,21.089909642275,380,600,300,300,-3.44725099220318,0.000283161094394902,-0.350458092422317,0.0854419882752104
FALSE,317,22.3946238473571,380,600,300,300,-3.95211054416654,3.87324692453816e-05,-0.404019650380262,0.0452489366208149
FALSE,318,22.1489551260504,380,600,300,300,-4.27612002059231,9.50893609440386e-06,-0.448152029234708,0.22544829696105
FALSE,319,20.8562380090356,380,600,300,300,-2.03894436626493,0.0207277901548296,-0.199138230909726,0.0942312535602174
FALSE,320,21.7424103527381,380,600,300,300,-2.95143368611626,0.00158151228647842,-0.301345893388604,0.0135441017598973
FALSE,321,20.8506480249198,380,600,300,300,-3.09909688887747,0.000970557647194633,-0.326745987472026,0.0311676329700102
FALSE,322,21.6676274001269,380,600,300,300,-3.94191615613727,4.04166176820747e-05,-0.394943163981616,0.00250645816298136
FALSE,323,21.2971940067597,380,600,300,300,-4.22060692665988,1.21822727390354e-05,-0.431375516821909,0.00219245748296716
FALSE,324,22.2578772338875,380,600,300,300,-3.48413445287027,0.000246865696006203,-0.354920426788079,0.00773521499472864
FALSE,325,21.948631778395,380,600,300,300,-4.27959713675155,9.36159548302413e-06,-0.438356361552907,0.034925716853762
FALSE,326,21.6333627821874,380,600,300,300,-2.74558627740205,0.00302014413728355,-0.282785790147,0.0756716602289969
FALSE,327,21.0434394190651,380,600,300,300,-1.75026795140092,0.0400360441550172,-0.173263835808355,0.0565642924594431
FALSE,328,20.7641342688818,380,600,300,300,-2.0438065833387,0.0204863292746888,-0.206210835138533,0.0467561261722281
FALSE,329,21.2070362960782,380,600,300,300,-3.45475777611121,0.000275393707010522,-0.335688860685722,0.531873675740259
FALSE,330,21.9720575600402,380,600,300,300,-4.10408473926307,2.02959334904651e-05,-0.416881693271303,0.0151301179587798
FALSE,331,20.6222815068159,380,600,300,300,-2.93202452250443,0.00168380077314953,-0.294229344108769,0.0272813117945597
FALSE,332,21.3304240965843,380,600,300,300,-2.97502416484412,0.00146482734352218,-0.304694658873397,0.141038370398509
FALSE,333,21.187400706728,380,600,300,300,-5.22198364823513,8.85083017420712e-08,-0.529251523602059,0.00554848163238019
FALSE,334,21.0073487213293,380,600,300,300,-4.61297380666885,1.98474171196936e-06,-0.476385177924128,0.0305272299123124
FALSE,335,20.763094778663,380,600,300,300,-4.58489945752401,2.27102473023819e-06,-0.470805540442422,0.000540766078300107
FALSE,336,20.8750285527065,380,600,300,300,-2.80713558110934,0.00249920995488008,-0.282925093050512,0.114872928824491
FALSE,337,21.851616741713,380,600,300,300,-4.22859184161545,1.17579259864205e-05,-0.440393615325772,0.0873246473728996
FALSE,338,22.4634322152953,380,600,300,300,-2.95416628539456,0.00156757512803989,-0.296812839315495,0.0293445868084777
FALSE,339,21.3157545327496,380,600,300,300,-1.61872694488619,0.0527530133638993,-0.16845844648628,0.28522979506477
FALSE,340,21.0344923826493,380,600,300,300,-3.30730342772594,0.00047099398899125,-0.339347979281433,0.0027006560347411
FALSE,341,20.8028807820662,380,600,300,300,-2.93126995691156,0.0016878964258241,-0.315972541111492,0.00116676024929141
FALSE,342,21.0615197895969,380,600,300,300,-4.17612879594419,1.48255988098194e-05,-0.437708741247795,0.018146487224923
FALSE,343,22.699881823219,380,600,300,300,-2.67748428279815,0.00370886663345775,-0.267827486513199,0.0300230374251738
FALSE,344,21.3480037522084,380,600,300,300,-3.28864531175236,0.000503354010419346,-0.35541023978899,0.000354839417685967
FALSE,345,21.9135772245487,380,600,300,300,-4.29510832448648,8.73040285047738e-06,-0.434088371872565,0.0217407298632458
FALSE,346,22.5858551649867,380,600,300,300,-2.79933899137477,0.00256036735672809,-0.281055302841233,0.0678244368276783
FALSE,347,20.3855895359775,380,600,300,300,-3.61215723238399,0.000151830172933872,-0.385144161273905,0.0188759770380608
FALSE,348,21.637051634117,380,600,300,300,-4.69414696359463,1.3386076017319e-06,-0.467624736103562,0.0586044661205637
FALSE,349,21.9424048595376,380,600,300,300,-2.7576421624465,0.00291099457638899,-0.284517558994991,0.0210861013258847
FALSE,350,20.9212997358339,380,600,300,300,-4.34117042345902,7.08628702451598e-06,-0.436267877236481,0.0227689252224842
FALSE,351,22.0001487744008,380,600,300,300,-4.28878947814185,8.98247742444883e-06,-0.4346466437136,0.000136663543448171
FALSE,352,23.2221845749413,380,600,300,300,-3.04587686325081,0.00116001414111285,-0.316536474349233,0.165414302608527
FALSE,353,21.7872942370679,380,600,300,300,-2.34242062315825,0.00957955445796129,-0.248906571512234,0.0351048740076941
FALSE,354,19.9846785391431,380,600,300,300,-4.41732776871048,4.99643193982226e-06,-0.453493581143762,0.0189516040841024
FALSE,355,20.5877498589272,380,600,300,300,-3.13479566465066,0.000859869273590777,-0.315399301261837,0.0360894233293502
FALSE,356,21.0529724590363,380,600,300,300,-3.91111859065284,4.59348233231798e-05,-0.395013816737616,0.123549629065616
FALSE,357,21.7494814547058,380,600,300,300,-3.93903546312448,4.09049192291349e-05,-0.41861618778016,0.00650943833874275
FALSE,358,21.5152869251998,380,600,300,300,-1.78548614095433,0.0370912486732461,-0.180968476311755,0.0833057081819771
FALSE,359,22.0445963845553,380,600,300,300,-2.96635372459122,0.00150676836670275,-0.300310735704189,0.175046971740049
FALSE,360,21.8377597165375,380,600,300,300,-2.97005945832774,0.00148871057421154,-0.319151475057513,0.424144654692651
FALSE,361,20.581090940767,380,600,300,300,-2.36856319326076,0.00892866474429203,-0.240825746517811,0.46430880190948
FALSE,362,21.9836828555212,380,600,300,300,-5.57028571313105,1.27160967305266e-08,-0.583854215617047,0.000215284602841244
FALSE,363,21.3365027441203,380,600,300,300,-2.82074598386237,0.00239560623990565,-0.293353829147434,0.25903892025111
FALSE,364,22.3977399380844,380,600,300,300,-3.89314829775489,4.9475810151241e-05,-0.407631496181007,0.0326552932372928
FALSE,365,21.6062848943045,380,600,300,300,-0.451625532488958,0.32576938654711,-0.0477865525082121,0.0285081556741761
FALSE,366,21.502125030189,380,600,300,300,-3.72375627852067,9.81402093110568e-05,-0.375355479961144,0.289959743502714
FALSE,367,21.5430585175303,380,600,300,300,-4.04258609777297,2.64324456747674e-05,-0.407130426007371,0.0277179102710842
FALSE,368,21.9005719084436,380,600,300,300,-4.88289048395029,5.22709699142574e-07,-0.493867588111663,0.0126170589202571
FALSE,369,21.5444608894579,380,600,300,300,-2.27384400343281,0.0114876837414908,-0.234126894681056,0.0118171714564207
FALSE,370,21.1827534283559,380,600,300,300,-4.46892439196632,3.93069551336924e-06,-0.460812654953902,0.000327030446132212
FALSE,371,20.6862131370212,380,600,300,300,-4.760577880509,9.65197117856256e-07,-0.485183110722648,0.0921811279198426
FALSE,372,22.2346656043455,380,600,300,300,-3.60496787924665,0.000156095769205029,-0.359888961477009,0.0246579379774913
FALSE,373,22.0076385565102,380,600,300,300,-3.98469076342932,3.37840292905081e-05,-0.405820377469736,0.00449012940082997
FALSE,374,21.3852171992505,380,600,300,300,-4.05604395487249,2.49554354162898e-05,-0.406367380759073,0.0826351985206305
FALSE,375,21.756301605409,380,600,300,300,-2.68240877829174,0.00365470416955097,-0.273794833942831,0.0324181326510909
FALSE,376,21.2863452966354,380,600,300,300,-2.25108142278636,0.0121901904037272,-0.234295936529435,0.0506664371837005
FALSE,377,22.5357906025746,380,600,300,300,-2.67508513361759,0.00373551379058267,-0.273949366381418,0.000342247328428824
FALSE,378,22.0813969572796,380,600,300,300,-4.40409019191773,5.31143722592441e-06,-0.452979178636341,0.0101963528520821
FALSE,379,21.7258020109546,380,600,300,300,-3.49341484247461,0.000238442527259594,-0.362085506521559,0.034797638438193
FALSE,380,22.6599542618285,380,600,300,300,-3.36552274701167,0.000381993838212144,-0.358815755786263,0.137475110616963
FALSE,381,22.2947254023743,380,600,300,300,-3.70896560377694,0.000104053846632309,-0.389379510139416,0.0687781518910521
FALSE,382,21.8881293484969,380,600,300,300,-2.72016400061964,0.00326247730158129,-0.275339019599116,0.285457117205401
FALSE,383,20.4347461379001,380,600,300,300,-2.49247783480777,0.0063427623986953,-0.256047546243241,0.00668863189427869
FALSE,384,22.0261428707524,380,600,300,300,-2.39186476070144,0.0083815089210763,-0.260165284610904,0.200361136276047
FALSE,385,21.9917148042467,380,600,300,300,-1.79630867696362,0.0362227193215861,-0.188995847184544,0.412595290678181
FALSE,386,22.1684100405872,380,600,300,300,-4.46496873539527,4.0040222411777e-06,-0.46435808294868,1.08078461918357e-05
FALSE,387,21.1502653796869,380,600,300,300,-2.90818129757348,0.00181768756876313,-0.300346092405314,0.00173464525978107
FALSE,388,23.3660384792928,380,600,300,300,-4.0671204372652,2.37988232892179e-05,-0.423350715654882,0.0333888071706206
FALSE,389,21.1816373473617,380,600,300,300,-3.17055589398915,0.000760737792188621,-0.323072689081356,0.0496190982234119
FALSE,390,21.9055214293071,380,600,300,300,-3.36661216405726,0.000380488142691143,-0.346432140922677,0.00122870198947587
FALSE,391,21.8579724125891,380,600,300,300,-5.3673645436478,3.9947734952261e-08,-0.539576375910774,4.2948488798809e-05
FALSE,392,21.892592348622,380,600,300,300,-3.80558370937734,7.07350781088258e-05,-0.40637641661913,0.0260542978157171
FALSE,393,21.4462205028188,380,600,300,300,-4.30875150434516,8.2089352975132e-06,-0.448819505499286,0.0348511100189204
FALSE,394,21.5151270937347,380,600,300,300,-4.78976034030796,8.34903132573739e-07,-0.477115031694425,0.0285238897775865
FALSE,395,22.3176728263811,380,600,300,300,-1.82696935934578,0.0338521882502993,-0.192521072326359,0.0640969596377431
FALSE,396,22.0496657437474,380,600,300,300,-3.89044066024825,5.00311724539744e-05,-0.420653431605164,0.0470426572074432
FALSE,397,22.3026551630554,380,600,300,300,-2.42609993610582,0.00763103346751225,-0.25109724273054,0.312287907538971
FALSE,398,21.7509659920259,380,600,300,300,-3.92449294167346,4.34563037219543e-05,-0.41861761269988,0.000515043028469197
FALSE,399,21.5096695976383,380,600,300,300,-3.76396047627624,8.36216642353783e-05,-0.363950731297612,0.0860822217878692
FALSE,400,21.9071985472852,380,600,300,300,-4.57771423768468,2.35042128069473e-06,-0.452159836017054,0.0425044137719006
FALSE,401,22.550910527464,380,600,300,300,-3.140300690007,0.000843872532699548,-0.327948396048407,0.145543111059654
FALSE,402,21.4725058733245,380,600,300,300,-2.40822491203312,0.00801515099171465,-0.247170735154962,0.198597191410442
FALSE,403,20.7602596514108,380,600,300,300,-2.88357161357842,0.00196596616641685,-0.288858092739127,0.148244096926292
FALSE,404,21.7564084679447,380,600,300,300,-3.92709096437715,4.29897349148778e-05,-0.410985703565614,0.00974687472610939
FALSE,405,21.5328706271475,380,600,300,300,-1.22346135770955,0.11057774539314,-0.127045334367966,0.9272671234669
FALSE,406,20.832764427112,380,600,300,300,-4.05373840484894,2.52027901498454e-05,-0.42009185359898,0.0298422540374703
FALSE,407,20.7311109018953,380,600,300,300,-2.93624907562603,0.00166103731559315,-0.299749019283121,0.452791725408016
FALSE,408,20.4324761972596,380,600,300,300,-2.93537826511859,0.00166570650344799,-0.307212907775761,0.0021854569535568
FALSE,409,21.3679239427153,380,600,300,300,-4.10293163367041,2.03973911944325e-05,-0.414171070639615,0.0112784469686322
FALSE,410,21.5409234771054,380,600,300,300,-3.21377885794918,0.000655002620126981,-0.322738475908248,0.00328364575148821
FALSE,411,22.0945700105013,380,600,300,300,-4.48525140868522,3.64140057652688e-06,-0.448263927954636,0.00265361770584042
FALSE,412,21.7510715352068,380,600,300,300,-3.07590296383773,0.00104933066202796,-0.324667702589771,0.00567919375331824
FALSE,413,21.8188730054024,380,600,300,300,-2.33485068653019,0.00977561112786681,-0.261816082265518,0.0401480491150205
FALSE,414,21.1171836372247,380,600,300,300,-3.56997853675177,0.000178505239120606,-0.372550727810489,0.00072206483540232
FALSE,415,21.7863259724803,380,600,300,300,-3.77403035408893,8.03156017767209e-05,-0.414534095800648,0.0974041606135138
FALSE,416,21.7732297419291,380,600,300,300,-2.10934638431438,0.0174573468953736,-0.211539910980745,0.493171277289115
FALSE,417,21.2685266499999,380,600,300,300,-2.50967817791474,0.00604206174536912,-0.257238581424661,0.179516649674799
FALSE,418,21.3801264597941,380,600,300,300,-5.57429365750211,1.24268095981323e-08,-0.574443926434476,0.19708908935638
FALSE,419,22.1591192187202,380,600,300,300,-4.45477514665894,4.19905819349582e-06,-0.455617329371947,0.00135523148916656
FALSE,420,21.6937192028482,380,600,300,300,-3.89285511001023,4.95356635868402e-05,-0.389364340386354,0.0934935118519243
FALSE,421,20.8694047773025,380,600,300,300,-3.14744565488956,0.000823518597340912,-0.31493017338379,0.0197809506537663
FALSE,422,21.1665044428439,380,600,300,300,-4.74767130968573,1.02886041206154e-06,-0.496933427769867,0.00114192270911389
FALSE,423,21.8967520940931,380,600,300,300,-3.60587471620197,0.000155551606408054,-0.380272817717955,0.0697515767547756
FALSE,424,22.5750548177526,380,600,300,300,-1.94429804286515,0.0259297602683052,-0.2086802602283,0.329302978268082
FALSE,425,21.704565389771,380,600,300,300,-2.86292847215103,0.00209872653902625,-0.294161239477293,0.50659440381522
FALSE,426,21.6366788589048,380,600,300,300,-3.67196845585789,0.000120344698210087,-0.382356332329682,0.0376734761749189
FALSE,427,20.0602858505924,380,600,300,300,-3.70915630016803,0.00010397551646712,-0.385594433330526,0.00138488796786008
FALSE,428,21.4814850782389,380,600,300,300,-4.09186140979561,2.13962190885155e-05,-0.419571262686488,0.0115011689276601
FALSE,429,21.4665579730468,380,600,300,300,-4.1443271289089,1.70406470125179e-05,-0.422643058326437,0.0303541034910775
FALSE,430,21.5694180576193,380,600,300,300,-2.58825500607125,0.00482317695815522,-0.28377724044032,0.114409196838005
FALSE,431,21.0905684231692,380,600,300,300,-3.41953025766814,0.000313646778735714,-0.349073751019202,0.28907244299221
FALSE,432,21.9049560573815,380,600,300,300,-3.14740141425438,0.000823643224058243,-0.329275763852648,0.0272788846961148
FALSE,433,22.0362185756117,380,600,300,300,-3.63608746269311,0.000138405189812531,-0.36854982841485,0.00787976829880285
FALSE,434,21.6761657863172,380,600,300,300,-4.06399880001579,2.41195368680659e-05,-0.429806224793963,0.00285107838247789
FALSE,435,22.9116603170801,380,600,300,300,-2.99866818934027,0.00135581221984158,-0.305978683577903,0.057753848390309
FALSE,436,20.6127740999849,380,600,300,300,-2.87424192802377,0.00202499301447058,-0.29860772535199,0.0308328821461436
FALSE,437,22.0371113283379,380,600,300,300,-2.27866110678155,0.0113436092131516,-0.232216296185554,0.0267673497026466
FALSE,438,21.9718676028494,380,600,300,300,-3.59765818098265,0.000160547609760883,-0.381784482404294,0.00914158746145412
FALSE,439,22.3099323214497,380,600,300,300,-4.00398684221104,3.11419151497884e-05,-0.398638162549469,0.308022384907529
FALSE,440,21.6491040298087,380,600,300,300,-5.92666666729051,1.54572802446281e-09,-0.636352212543365,6.92622699928522e-05
FALSE,441,21.6161745487555,380,600,300,300,-2.85002903817072,0.00218576189059872,-0.305847553760165,0.181281758635561
FALSE,442,21.2032000250928,380,600,300,300,-3.9572029691743,3.791624677392e-05,-0.41442561098074,0.00589582083769767
FALSE,443,21.1583390957359,380,600,300,300,-1.49485295531023,0.0674764111886612,-0.144475594728626,0.163418276505531
FALSE,444,21.7174622238612,380,600,300,300,-2.47549358459314,0.00665260760554554,-0.266697927568193,0.264585401830355
FALSE,445,22.1743087591909,380,600,300,300,-2.63125253421807,0.00425353982884206,-0.265971975351898,0.166289257473138
FALSE,446,21.4183204222501,380,600,300,300,-4.52260376950169,3.05417615367624e-06,-0.465941652459258,0.0154578045519656
FALSE,447,19.8947394405713,380,600,300,300,-3.33051969332387,0.00043342015835359,-0.351446306203979,0.02239503883938
FALSE,448,22.374120166565,380,600,300,300,-3.28810921130295,0.000504313523458955,-0.350903559079998,0.0101035728138532
FALSE,449,20.7479631010205,380,600,300,300,-3.73739111397846,9.2969785300264e-05,-0.397671566948191,0.0555403396641658
FALSE,450,21.8655204714422,380,600,300,300,-5.79149065205966,3.48822213480992e-09,-0.578847913552563,1.68923281533011e-05
FALSE,451,21.273864205332,380,600,300,300,-1.86546861311032,0.0310578738524271,-0.192848277368978,0.267396847113569
FALSE,452,21.6196861238507,380,600,300,300,-3.51237697904928,0.000222058778996931,-0.368219856285028,0.107852296967135
FALSE,453,21.0077849678991,380,600,300,300,-4.31179797454151,8.0966179566354e-06,-0.436793568522695,0.0100565351330582
FALSE,454,22.3437816033356,380,600,300,300,-4.48784461372859,3.5973686296701e-06,-0.466811836494396,0.00347723654550494
FALSE,455,22.0406707551699,380,600,300,300,-4.56741475341237,2.46888192708689e-06,-0.467174078978869,0.0108700422786209
FALSE,456,21.9059833584328,380,600,300,300,-3.7617576178516,8.43617576264091e-05,-0.396566775704059,0.00347854414842844
FALSE,457,20.523074660087,380,600,300,300,-2.4420722325928,0.00730161222221732,-0.244056038161547,0.0552009008577148
FALSE,458,21.184509793818,380,600,300,300,-3.66245048108563,0.000124907026955861,-0.38405023691221,0.0317880146352075
FALSE,459,21.3239632636212,380,600,300,300,-3.79494909215519,7.38368768574982e-05,-0.390853459163329,0.000936443349818701
FALSE,460,21.5535286272637,380,600,300,300,-1.84696230032134,0.0323763021701998,-0.19142137458296,0.786628985939574
FALSE,461,22.0431368092708,380,600,300,300,-4.23238584036158,1.15612643278152e-05,-0.43443362776926,0.222826055995445
FALSE,462,21.6030131473852,380,600,300,300,-4.54395919194037,2.76036750846837e-06,-0.459178639369018,0.00305846137603895
FALSE,463,21.6752538111976,380,600,300,300,-2.03296536622033,0.0210280110914883,-0.204669306488686,0.297435948456483
FALSE,464,21.5810441217346,380,600,300,300,-2.51977939329825,0.00587142027367992,-0.252591839555638,0.00321110441272041
FALSE,465,21.3400921805987,380,600,300,300,-3.42651833725015,0.000305686240126861,-0.343140334381938,0.112787259934896
FALSE,466,21.6345572362796,380,600,300,300,-5.02283339430796,2.54573545041708e-07,-0.520200344551264,0.12368838582693
FALSE,467,21.7722784732635,380,600,300,300,-3.75029832584536,8.83121556137016e-05,-0.39045398866232,0.00837194894105829
FALSE,468,21.0856118984016,380,600,300,300,-3.56173553213302,0.000184205697754535,-0.375112112740594,0.0418553941427356
FALSE,469,21.7296226169221,380,600,300,300,-4.89653417640095,4.87708451961145e-07,-0.510640870279782,0.197829480495123
FALSE,470,21.7213982608449,380,600,300,300,-3.69144446030312,0.000111492045925882,-0.388069527083749,0.163677426493789
FALSE,471,21.2400620203661,380,600,300,300,-1.99017929619178,0.0232855940743875,-0.215834113282755,0.512776202999622
FALSE,472,22.3817995463557,380,600,300,300,-3.02302108176277,0.00125132404054563,-0.305214594677737,0.4999260624262
FALSE,473,20.6993838930086,380,600,300,300,-5.31555028000608,5.31677406539232e-08,-0.550169355183073,0.0313906901307546
FALSE,474,21.4289156242646,380,600,300,300,-2.80138146752898,0.00254421651608377,-0.287768537400925,0.00599896159309112
FALSE,475,22.351501628843,380,600,300,300,-2.55678648070581,0.00528220205514835,-0.263195499726763,0.0448487094228079
FALSE,476,21.1773136195972,380,600,300,300,-2.99985021453534,0.00135056200727096,-0.308159703402722,0.0555604701293299
FALSE,477,21.7719621488918,380,600,300,300,-3.57288536688982,0.000176534672789855,-0.366152804850177,0.015041402491347
FALSE,478,20.977858729186,380,600,300,300,-4.90118605640138,4.76298921848705e-07,-0.517113534090053,0.012293934647076
FALSE,479,21.5425965107968,380,600,300,300,-2.70935644167398,0.00337069360234722,-0.276264859785257,0.146042659611986
FALSE,480,21.9437345385808,380,600,300,300,-2.99221939065152,0.00138478575042986,-0.306884189770802,0.435956223916089
FALSE,481,23.1658575226847,380,600,300,300,-4.00794987175624,3.06240580148887e-05,-0.43649257243096,0.00117855604112376
FALSE,482,21.5021879712562,380,600,300,300,-2.92796754496408,0.00170592828726483,-0.309951886819532,0.0758370277896861
FALSE,483,22.7545767123173,380,600,300,300,-2.75132470085697,0.0029677389037164,-0.279012994010159,0.402038356074869
FALSE,484,21.8178148408576,380,600,300,300,-3.72826029205884,9.64030908893943e-05,-0.385149344912713,0.00383002733749172
FALSE,485,21.4961363199671,380,600,300,300,-4.28337044817771,9.2041650678766e-06,-0.457229246679591,0.00138620435606004
FALSE,486,20.9509260494168,380,600,300,300,-1.67510370470665,0.0469569431108749,-0.169751510941555,0.479688062511069
FALSE,487,21.1506046011071,380,600,300,300,-5.08783868375275,1.81083612217777e-07,-0.520768477223534,0.000326785695327051
FALSE,488,22.348867242419,380,600,300,300,-2.87732401082289,0.00200531776681377,-0.287187882755762,0.0214560054081243
FALSE,489,21.9780363690667,380,600,300,300,-3.18019614852459,0.000735876974148338,-0.322752446099542,0.0716675093511575
FALSE,490,21.6638750534772,380,600,300,300,-2.97646958140288,0.00145794003578672,-0.307872170446669,0.187706751104243
FALSE,491,21.4088367989069,380,600,300,300,-3.49588882805725,0.000236242753921747,-0.36401582508996,0.00284355912254375
FALSE,492,21.5367487568037,380,600,300,300,-3.19750510391351,0.000693109790981218,-0.322752230988273,0.118168141230831
FALSE,493,22.4222251436918,380,600,300,300,-2.65242693345581,0.00399577111569865,-0.277167571698037,0.342090401577147
FALSE,494,21.3278814768085,380,600,300,300,-2.90870848641529,0.00181462548844879,-0.310241401867505,0.0157105580135231
FALSE,495,22.6977399752627,380,600,300,300,-3.77160784678598,8.10995134543424e-05,-0.389405558174007,0.0245594662404454
FALSE,496,21.2077363640216,380,600,300,300,-2.89290860609232,0.00190846172719949,-0.298225736137734,0.194332802954332
FALSE,497,22.4177929338546,380,600,300,300,-2.84275660191355,0.00223626059596087,-0.282886479381731,0.00185704607832007
FALSE,498,20.8853391180919,380,600,300,300,-2.23757020221467,0.0126245482693831,-0.231209067571332,0.584703483622497
FALSE,499,21.4392130839723,380,600,300,300,-4.26306460800991,1.00821092835641e-05,-0.430255567240014,0.00819628116637868
FALSE,500,21.8483060237256,380,600,300,300,-2.81952806161398,0.00240471627983045,-0.31016235290342,0.0822169481718731
FALSE,501,22.0098406786027,380,600,300,300,-3.7039863386533,0.000106118846488215,-0.379234448912445,0.0270983579815265
FALSE,502,20.6990735483063,380,600,300,300,-4.59490035753482,2.16478053633498e-06,-0.461334030864553,0.159534593873821
FALSE,503,22.753949642064,380,600,300,300,-3.4317722823357,0.000299825419796971,-0.352576807201687,0.27573828240376
FALSE,504,21.2225218909737,380,600,300,300,-2.59963852640457,0.00466610021629204,-0.255785314291651,0.250973044095519
FALSE,505,21.193579571102,380,600,300,300,-3.935892965056,4.14439560170713e-05,-0.379405667896528,0.0285993765005946
FALSE,506,21.4264419206151,380,600,300,300,-4.48059858001567,3.72169951076999e-06,-0.426126538987447,0.0447139497214192
FALSE,507,20.7481982026143,380,600,300,300,-2.72880528469834,0.00317821120258099,-0.285136221030773,0.0469407695700606
FALSE,508,22.4184895410746,380,600,300,300,-2.98765095924322,0.0014056520914716,-0.317915907293936,0.100193626571654
FALSE,509,22.2114801919539,380,600,300,300,-2.78142554379092,0.00270603717918036,-0.283547142209018,0.0592450579916061
FALSE,510,21.9841230234185,380,600,300,300,-3.74890051421995,8.88057593645684e-05,-0.383741092787014,0.016998496406225
FALSE,511,21.0413940172375,380,600,300,300,-3.20274735106108,0.000680616726580953,-0.337081942660098,0.1874805565528
FALSE,512,21.0923003601098,380,600,300,300,-3.44724293458093,0.000283169540280739,-0.35641941324951,0.0197738754513797
FALSE,513,21.7339102626612,380,600,300,300,-4.35681319681036,6.59849027616213e-06,-0.442197621647389,0.025984829697027
FALSE,514,21.817550466694,380,600,300,300,-1.87629532438714,0.0303073693627314,-0.191099385307952,0.332521445556498
FALSE,515,21.0236274558416,380,600,300,300,-4.29266899170097,8.82690458643171e-06,-0.435863016626178,0.00440117056408888
FALSE,516,20.815247376734,380,600,300,300,-4.99535438501019,2.93639112745795e-07,-0.499575827860471,0.202314424234109
FALSE,517,22.7751301911196,380,600,300,300,-3.41035852305623,0.000324387668707121,-0.352813430907038,0.133611058168815
FALSE,518,21.3339362340331,380,600,300,300,-3.94048680033909,4.06582126331259e-05,-0.417111917248411,0.0101434143005433
FALSE,519,21.0782832922661,380,600,300,300,-1.26162881236595,0.103541191737685,-0.130565409995371,0.354899888497387
FALSE,520,21.8710675748989,380,600,300,300,-2.69564836824234,0.0035125891824198,-0.260512579619319,0.00473041497714137
FALSE,521,22.0612863247537,380,600,300,300,-3.97711553838812,3.48781383162518e-05,-0.424537339171699,0.00853790631771697
FALSE,522,21.6533980799681,380,600,300,300,-3.7133798456166,0.000102254791293722,-0.357507229301184,0.011504411486622
FALSE,523,21.6475948407909,380,600,300,300,-4.812864641491,7.43910327445356e-07,-0.485700824369426,0.000853302632644098
FALSE,524,21.8352350920702,380,600,300,300,-3.20337365353324,0.000679138124998722,-0.336629944891755,0.189770933745844
FALSE,525,21.4730500261802,380,600,300,300,-3.62616203158927,0.000143832445233893,-0.380704417549712,0.0126750316810026
FALSE,526,21.2258863129467,380,600,300,300,-4.84454324504987,6.34516382719366e-07,-0.504809854588507,0.401224680655477
FALSE,527,21.2467196064899,380,600,300,300,-4.26198610466234,1.01309022387216e-05,-0.460637981927861,0.00319817301817764
FALSE,528,20.6996838239917,380,600,300,300,-4.7697029426325,9.22488937914459e-07,-0.497171298820114,0.0257338355474142
FALSE,529,20.3881367865298,380,600,300,300,-3.49934090392302,0.000233204924670047,-0.37318910200291,0.00996030325616899
FALSE,530,22.0759075766635,380,600,300,300,-2.56536299729509,0.00515339575672328,-0.26805324529447,0.00538302143836914
FALSE,531,21.6132191709951,380,600,300,300,-2.39907052258629,0.00821837436568811,-0.246366349863505,0.297317112286086
FALSE,532,21.438826985368,380,600,300,300,-3.26544385698612,0.000546463344833929,-0.335302706726775,0.00687141193430725
FALSE,533,21.977484942481,380,600,300,300,-5.52482014601624,1.64911651568275e-08,-0.568634040652113,4.37382134725537e-06
FALSE,534,21.9586235450235,380,600,300,300,-3.41851338312736,0.000314821106477891,-0.336882312777999,0.00147416204237346
FALSE,535,20.6435075355713,380,600,300,300,-5.02029578428579,2.57959871732535e-07,-0.521811065158384,0.0397749254986475
FALSE,536,20.9738601235967,380,600,300,300,-3.19929247720931,0.000688826645469755,-0.320031590145899,0.0200144929283723
FALSE,537,20.9839837115473,380,600,300,300,-3.875414747984,5.32216212249352e-05,-0.38481843229185,0.646708966674534
FALSE,538,20.7082051508789,380,600,300,300,-3.17195537210306,0.000757081367784438,-0.325920057435856,0.325260164436593
FALSE,539,21.0029315617965,380,600,300,300,-2.89700450177057,0.00188372174620632,-0.311262987763272,0.268770622949149
FALSE,540,21.8294467086811,380,600,300,300,-3.50686922580689,0.000226705959397072,-0.373405541998811,0.646825698706065
FALSE,541,21.4935049006903,380,600,300,300,-2.16171255681038,0.0153201695782488,-0.228326987196604,0.0139187270947543
FALSE,542,20.7859754284538,380,600,300,300,-4.6670506625584,1.52777004590917e-06,-0.475255390498443,0.00385012452873497
FALSE,543,21.3162960003287,380,600,300,300,-4.06795406468745,2.37138638362755e-05,-0.423642730463067,0.0230076587893613
FALSE,544,22.3067083225865,380,600,300,300,-4.05970010018236,2.45678922104229e-05,-0.419125875216365,0.0482618439850815
FALSE,545,21.9220287879321,380,600,300,300,-4.22911348631056,1.17306990659818e-05,-0.426896548692796,0.0697637352210665
FALSE,546,22.5616548799505,380,600,300,300,-3.64857219732983,0.000131850899904675,-0.377073706770941,0.000690830729624704
FALSE,547,21.9035124880691,380,600,300,300,-3.34875184166506,0.000405882340243696,-0.334906177396215,0.201929488277661
FALSE,548,21.0576671606464,380,600,300,300,-5.0880971542209,1.80837042504491e-07,-0.516883173492643,0.0155872820896561
FALSE,549,22.6205220222753,380,600,300,300,-3.45404302857422,0.000276124627945532,-0.361806648959745,0.108072045719352
FALSE,550,21.6601716134199,380,600,300,300,-2.03727807433068,0.0208110918747723,-0.212527163586405,0.0141772070929629
FALSE,551,21.6567310935818,380,600,300,300,-6.53381716642982,3.2057103785302e-11,-0.673130710723078,0.00094998812721592
FALSE,552,21.5074829582807,380,600,300,300,-5.06783939578644,2.01178331158869e-07,-0.514293617824036,0.0427989689277004
FALSE,553,21.7133630018582,380,600,300,300,-4.18181658625443,1.44594610457334e-05,-0.462500118249794,0.0462251714699736
FALSE,554,21.1255425166673,380,600,300,300,-4.00919156178613,3.04634885300675e-05,-0.41098776339553,0.429362192094575
FALSE,555,21.803758102766,380,600,300,300,-3.34136439077679,0.000416838652478533,-0.347370723462525,0.024741442912637
FALSE,556,20.9113266861835,380,600,300,300,-5.17161839854212,1.16037575208926e-07,-0.531403895786477,0.201597487475993
FALSE,557,23.1844866201411,380,600,300,300,-0.867632521797294,0.19279776840235,-0.0920531012931012,0.959935176557511
FALSE,558,20.9305160245713,380,600,300,300,-3.29094275748127,0.000499261148487727,-0.339846376204871,0.111092282082048
FALSE,559,21.3437101482494,380,600,300,300,-2.37719190426168,0.00872250479681605,-0.239218321219156,0.101330186430497
FALSE,560,22.333420992824,380,600,300,300,-3.99313426756178,3.26028103379242e-05,-0.417327375394764,0.242612555695902
FALSE,561,20.9466135026857,380,600,300,300,-3.14407071860583,0.00083307584829058,-0.326110626059366,0.161185515517688
FALSE,562,21.1985539812414,380,600,300,300,-4.66731844675827,1.52578092575772e-06,-0.462532641254305,0.140070086063692
FALSE,563,21.2589701070854,380,600,300,300,-3.5692700089121,0.000178988664814341,-0.374907239003458,0.00509910991530852
FALSE,564,21.6538469884196,380,600,300,300,-4.58530936531959,2.2665736006691e-06,-0.473659287099923,0.000234801833226915
FALSE,565,21.4544072598964,380,600,300,300,-3.11106253142127,0.000932077297395285,-0.330838708272776,0.311912055147953
FALSE,566,21.6449008398878,380,600,300,300,-3.8137340545344,6.84413831714224e-05,-0.398681222907513,0.00368494534467756
FALSE,567,21.4190593270778,380,600,300,300,-4.04405892978347,2.62668528318431e-05,-0.419153393292251,0.0196307207309775
FALSE,568,20.86455249502,380,600,300,300,-2.73912503618714,0.00308014699872379,-0.28645871848948,0.000476472681615226
FALSE,569,21.0326554013122,380,600,300,300,-3.04325712992878,0.00117016133841231,-0.317596841573925,0.00703191623266027
FALSE,570,22.1464454224184,380,600,300,300,-5.55357192032791,1.39945214624854e-08,-0.580124048230918,0.000206071279135698
FALSE,571,21.7280888720602,380,600,300,300,-3.3316208331291,0.000431709037652714,-0.340039629905586,0.00961478255055106
FALSE,572,21.8500775835532,380,600,300,300,-3.60565396410312,0.000155683908631763,-0.372699331797276,0.0111120277970783
FALSE,573,21.4806133514643,380,600,300,300,-3.88180616755267,5.18417536890843e-05,-0.394447412107025,0.0193097954214849
FALSE,574,22.1283836645045,380,600,300,300,-2.02265081986435,0.0215545803543362,-0.218210672391952,0.10611304736902
FALSE,575,20.5388247048199,380,600,300,300,-2.51474069354369,0.00595599803737639,-0.249263687752931,0.635926666175591
FALSE,576,20.3718931199472,380,600,300,300,-2.29102977167723,0.0109808459123966,-0.23598821085869,0.513335595419864
FALSE,577,21.0829484818215,380,600,300,300,-2.51868923401954,0.00588962843758644,-0.258162551162752,0.105596815832342
FALSE,578,20.8420082399994,380,600,300,300,-3.08957261605378,0.00100222350151597,-0.322332738310341,0.000645961102387286
FALSE,579,21.6029671061908,380,600,300,300,-4.22129997451051,1.21448719383962e-05,-0.430196121687547,0.00521771287853493
FALSE,580,21.5029907945171,380,600,300,300,-4.48969294301346,3.56629578364843e-06,-0.44648162575664,0.00337069775377764
FALSE,581,22.5620619402676,380,600,300,300,-4.84131378636256,6.44917549728758e-07,-0.494632325803717,0.0141214105942901
FALSE,582,21.0659339598435,380,600,300,300,-3.95081427920741,3.89428738726286e-05,-0.41730334864779,0.0400128280126658
FALSE,583,21.4086685198403,380,600,300,300,-4.88947857020358,5.05517140025848e-07,-0.502763218245658,0.00327436796694663
FALSE,584,22.2410916924576,380,600,300,300,-4.07510214862341,2.29970766636303e-05,-0.417416602807287,0.00296323398768061
FALSE,585,20.6664968167436,380,600,300,300,-3.28890117404036,0.000502896663871816,-0.368013602952239,0.045067343476661
FALSE,586,20.7187456911136,380,600,300,300,-1.48413148490746,0.0688870209659337,-0.161996086021901,0.0820032280999185
FALSE,587,21.9988699322547,380,600,300,300,-4.11468756972971,1.93852092532165e-05,-0.440494426133527,0.0135336900396975
FALSE,588,21.6596103976236,380,600,300,300,-2.50550022604596,0.00611391600757958,-0.252021528150866,0.426773150518112
FALSE,589,21.9428959736321,380,600,300,300,-4.03375021767084,2.74468344303097e-05,-0.404804014231165,0.0206304239617083
FALSE,590,22.2806621664792,380,600,300,300,-3.43362634034875,0.00029778229016285,-0.343274649999625,0.0178550189486731
FALSE,591,21.873829119578,380,600,300,300,-3.00912417667178,0.00131001002922666,-0.305137460994233,0.110490832289736
FALSE,592,22.0084594058402,380,600,300,300,-2.63687665894955,0.00418366246536038,-0.276065718259952,0.00460079930058692
FALSE,593,22.9148164117023,380,600,300,300,-3.34063273277374,0.000417938574397385,-0.353481670178899,0.00267023225418424
FALSE,594,20.8030617166048,380,600,300,300,-3.56370309005562,0.000182829771247303,-0.361266291650604,0.00438594081352136
FALSE,595,21.5864815281238,380,600,300,300,-3.11981091457266,0.000904835828031734,-0.321709329317674,0.256124061489538
FALSE,596,21.2735272727228,380,600,300,300,-4.66212847044652,1.56477859900697e-06,-0.493577177971027,0.0130870876521697
FALSE,597,21.6185876545891,380,600,300,300,-3.52796162785728,0.000209386429161185,-0.353139227644175,0.000172023418128592
FALSE,598,21.4887753539634,380,600,300,300,-4.57152444418398,2.42094397089912e-06,-0.471323920727858,0.130971611850372
FALSE,599,22.1530604108057,380,600,300,300,-4.41173109167006,5.127371277483e-06,-0.464926959940034,0.0368207269840898
FALSE,600,21.2980266183335,380,600,300,300,-4.12629555932788,1.84326712690122e-05,-0.432835618005166,0.0104083643069964
FALSE,601,21.0421407425208,380,600,300,300,-4.86626488398349,5.68635360400448e-07,-0.4906338309892,0.00565792200679497
FALSE,602,21.4361452931052,380,600,300,300,-1.36473113617017,0.0861687848613459,-0.140203144895326,0.0778981934394178
FALSE,603,21.0759233875825,380,600,300,300,-2.59279069113811,0.0047600344970619,-0.264417940020479,0.366634228640087
FALSE,604,21.1870398443271,380,600,300,300,-3.25461068411873,0.000567739519999789,-0.335032315036479,0.00822327355356276
FALSE,605,22.1041974667407,380,600,300,300,-2.98159122680417,0.00143377298825395,-0.29735813524935,0.114286672405199
FALSE,606,20.832656135326,380,600,300,300,-3.74954506057721,8.85778317806085e-05,-0.394290654192251,0.158891447379736
FALSE,607,21.0958588011749,380,600,300,300,-5.43345997414832,2.76358430687503e-08,-0.556179355249169,0.00309865551492215
FALSE,608,21.8048169107503,380,600,300,300,-5.23697322541812,8.16156807466665e-08,-0.53613526184344,0.000840888863523227
FALSE,609,21.0266270558629,380,600,300,300,-4.00795301608337,3.06236503952206e-05,-0.420013643653549,0.000335192690538964
FALSE,610,21.7252304321408,380,600,300,300,-2.81900709845459,0.00240862263996821,-0.290952342101768,0.530056041419305
FALSE,611,22.8443235822983,380,600,300,300,-4.58988275541378,2.21747525049039e-06,-0.483193165100353,0.0340967325634798
FALSE,612,21.097010459468,380,600,300,300,-2.36859764327268,0.00892783323748035,-0.243674706738147,0.0402623811168421
FALSE,613,21.7355640010876,380,600,300,300,-3.06881326772599,0.00107455437902949,-0.309120382774028,0.0247811740554221
FALSE,614,20.4044915769808,380,600,300,300,-2.42442000350876,0.00766643050150382,-0.261326603443381,0.0866257324641824
FALSE,615,21.2543759149457,380,600,300,300,-2.91255792247604,0.00179240854550505,-0.295847621725784,0.310994262294157
FALSE,616,21.79690478947,380,600,300,300,-4.61573271044128,1.95855416791487e-06,-0.467091127051543,0.00154419576005524
FALSE,617,20.7167718488931,380,600,300,300,-2.71234785572121,0.00334042213406654,-0.273583705653988,0.0222602121657638
FALSE,618,21.603159807448,380,600,300,300,-2.91862744569322,0.00175788063614975,-0.285641298698984,0.037453698648098
FALSE,619,21.306008243667,380,600,300,300,-2.78229671530613,0.00269878338343545,-0.285079372385335,0.244903645289519
FALSE,620,20.7970966531699,380,600,300,300,-2.12675997141988,0.0167200158812225,-0.227625279525832,0.394344584967285
FALSE,621,21.6883923746004,380,600,300,300,-2.19869735476534,0.0139497245889432,-0.226800187209767,0.523191551459943
FALSE,622,21.4904654625944,380,600,300,300,-3.67089753417666,0.000120850114367843,-0.384392767580439,0.242618110462805
FALSE,623,21.9623932320977,380,600,300,300,-2.52774091798651,0.00573995157502219,-0.25839087396945,0.04587915893828
FALSE,624,20.7981164750252,380,600,300,300,-3.34149780756252,0.000416638372994008,-0.340038562990104,0.0157089887182867
FALSE,625,23.515930438063,380,600,300,300,-5.24560651148442,7.78845188206415e-08,-0.562667508172956,0.000263991404799824
FALSE,626,21.3128062174469,380,600,300,300,-4.58061681121276,2.31803294490958e-06,-0.478363578567627,0.004613054863478
FALSE,627,22.2699914000654,380,600,300,300,-2.61546220846508,0.00445533907280605,-0.265666847686881,0.182462700135932
FALSE,628,22.4173078985419,380,600,300,300,-2.01800677096082,0.0217952780782385,-0.214567901051348,0.0125705059864653
FALSE,629,21.8529308632573,380,600,300,300,-2.05591450953835,0.0198953786489795,-0.216748518533285,0.226619289005123
FALSE,630,22.5349377595101,380,600,300,300,-2.24524303183373,0.0123762674919826,-0.243121043023747,0.149825841901259
FALSE,631,21.9796820967703,380,600,300,300,-4.55602964332709,2.60647914001178e-06,-0.454412788936203,0.0316896582912392
FALSE,632,21.8766256575992,380,600,300,300,-4.18977270104242,1.39617010685912e-05,-0.429882936051257,0.294344871436766
FALSE,633,21.8138256847913,380,600,300,300,-3.29987913677599,0.000483632379143532,-0.333877277646373,0.0714960104712132
FALSE,634,21.1620519574707,380,600,300,300,-2.17387214108635,0.0148573693957082,-0.226330830010142,0.395940985519795
FALSE,635,21.5734908464178,380,600,300,300,-5.02047921090527,2.57713647794427e-07,-0.528070589490751,0.000173685540718233
FALSE,636,21.013443445062,380,600,300,300,-4.10528511681806,2.01908253285434e-05,-0.425576962655836,0.233893222606634
FALSE,637,21.1012806431596,380,600,300,300,-2.98913417762807,0.0013988462130512,-0.323076161757517,0.0144637797052885
FALSE,638,21.950591646747,380,600,300,300,-4.94634629078977,3.78096933572928e-07,-0.516099825740765,0.000873572629876664
FALSE,639,21.5302977663789,380,600,300,300,-3.53435368609144,0.000204386841752873,-0.3779228548835,0.461613644228133
FALSE,640,21.025963571677,380,600,300,300,-3.23848195059681,0.00060083812126806,-0.3341737150078,0.26789914745251
FALSE,641,22.2157790163941,380,600,300,300,-4.21173481456527,1.26708470228805e-05,-0.430730429828855,0.00360988158036847
FALSE,642,22.0214249144455,380,600,300,300,-4.48339321233797,3.67326874930567e-06,-0.462391193023905,0.0101370866757502
FALSE,643,21.4249762407769,380,600,300,300,-2.1677585360463,0.0150885315734472,-0.225420249908155,0.11966393907518
FALSE,644,22.2149499245163,380,600,300,300,-4.35531124352907,6.64389885869986e-06,-0.446770230219611,0.0315157937416158
FALSE,645,21.8771477209619,380,600,300,300,-4.7143667884785,1.21231782045644e-06,-0.454854968450272,0.0724106128698538
FALSE,646,22.3370254841856,380,600,300,300,-1.81292685530281,0.034921551781718,-0.193894596849612,0.260539398050657
FALSE,647,21.4820911712103,380,600,300,300,-2.78195093322449,0.00270166042855812,-0.289946255195456,0.156081314171136
FALSE,648,20.7644219916787,380,600,300,300,-2.86510756777847,0.00208433805016285,-0.290570071725993,0.0327764866151107
FALSE,649,21.2592588494724,380,600,300,300,-2.33228828155974,0.00984276529328777,-0.233066904499477,0.0115917688324185
FALSE,650,21.1469023000684,380,600,300,300,-3.13396039337781,0.000862320664198887,-0.312927883604245,0.0410804904435349
FALSE,651,21.4447210747509,380,600,300,300,-3.45420106128985,0.000275962863816754,-0.351301428717979,0.12280885445858
FALSE,652,21.8524310236562,380,600,300,300,-2.75203147644252,0.00296134139501342,-0.282790320397754,0.176911381912961
FALSE,653,21.6612347733901,380,600,300,300,-5.13632460410854,1.40081790057102e-07,-0.521077919988391,0.000457882764596762
FALSE,654,21.7012353730695,380,600,300,300,-4.44027356840312,4.49222964936051e-06,-0.454298785717419,0.278592660050983
FALSE,655,21.5361366290346,380,600,300,300,-2.27199538778282,0.0115433944526503,-0.23184747009486,0.102356215467541
FALSE,656,20.8978179588518,380,600,300,300,-3.14614955055199,0.000827176949787011,-0.333040164546413,0.254729524027694
FALSE,657,21.615739463603,380,600,300,300,-1.81655323547006,0.0346427747653345,-0.186901023027061,0.363997356320225
FALSE,658,21.1925870684868,380,600,300,300,-1.39245848858151,0.081891801832604,-0.148508052532842,0.0655240800809567
FALSE,659,20.8909613024693,380,600,300,300,-4.40958994622621,5.17832681214801e-06,-0.452236667666469,0.0116139394931901
FALSE,660,21.8977733920077,380,600,300,300,-3.27677645769829,0.000524997320705551,-0.338714243535728,0.157271294904255
FALSE,661,21.7643677746308,380,600,300,300,-2.42826725047956,0.00758557966909848,-0.238041768993584,0.0160305843127121
FALSE,662,21.0954809580006,380,600,300,300,-3.67174680980758,0.000120449139936615,-0.376417598415239,0.0804067639518439
FALSE,663,21.5726317868697,380,600,300,300,-4.81300883797642,7.43373557892017e-07,-0.485233877709285,0.0230986368734997
FALSE,664,21.592128480571,380,600,300,300,-5.36312986140015,4.08960792200984e-08,-0.542471008155079,0.0482794627356603
FALSE,665,21.0479304141163,380,600,300,300,-4.66948373868922,1.50978799336636e-06,-0.461522869810168,0.00314036628580509
FALSE,666,22.154779919507,380,600,300,300,-3.14211621772795,0.000838657220934321,-0.334687953543613,0.07162922460077
FALSE,667,22.2416601835138,380,600,300,300,-2.93805892250178,0.00165137123199315,-0.299842082127738,9.62903426649835e-05
FALSE,668,21.3152594691329,380,600,300,300,-3.7241018692751,9.8005886193767e-05,-0.388602345982489,0.224525284131262
FALSE,669,21.8459980954465,380,600,300,300,-4.415326134182,5.04289080744009e-06,-0.441416129095017,0.00109301043494411
FALSE,670,21.3376405332708,380,600,300,300,-4.29856673904206,8.59530699008518e-06,-0.443357559121379,0.00421366927409538
FALSE,671,22.0778344468145,380,600,300,300,-3.99822722383094,3.19093359209271e-05,-0.429419347589349,0.00169474673393217
FALSE,672,20.5559832729164,380,600,300,300,-3.3193551761367,0.000451127956860173,-0.325832097605465,0.0388182094855229
FALSE,673,21.6683646987832,380,600,300,300,-2.83227475909981,0.00231090577284177,-0.283175609308205,0.245587569875276
FALSE,674,22.3201874326466,380,600,300,300,-5.02276728082006,2.54661224109621e-07,-0.530390781886686,0.00230225901548136
FALSE,675,22.8875346348954,380,600,300,300,-3.31314438354409,0.000461266710064888,-0.363749942297461,0.720412629244921
FALSE,676,21.5446254888824,380,600,300,300,-3.74541070964291,9.00494478048173e-05,-0.387305196350378,0.0186996341851319
FALSE,677,21.4236880795641,380,600,300,300,-2.71990186995219,0.00326506460196893,-0.267820001670077,0.426022618624839
FALSE,678,21.0089488124067,380,600,300,300,-6.29179798959515,1.56904850127199e-10,-0.591738380344491,0.00404391020565097
FALSE,679,22.0673038429746,380,600,300,300,-3.73944479049352,9.22135734810371e-05,-0.402269883159852,0.00502051964384151
FALSE,680,21.4874143547133,380,600,300,300,-2.70680182628626,0.00339673985352766,-0.284975806685228,0.0262648189492193
FALSE,681,22.7702615208881,380,600,300,300,-2.09368545482498,0.0181440047371327,-0.208751910056967,0.411331716214766
FALSE,682,21.3436542885685,380,600,300,300,-3.76733526724963,8.24996736210585e-05,-0.393668577628354,0.229351781855941
FALSE,683,20.8245127725471,380,600,300,300,-2.95101905276126,0.00158363689514386,-0.297755851864039,0.00350253979594831
FALSE,684,21.5634164633752,380,600,300,300,-3.11291090252372,0.000926259672500307,-0.319786104015984,0.0327770355577221
FALSE,685,21.0373087043222,380,600,300,300,-3.28609094535147,0.000507941023257872,-0.326554452013634,0.000449486552502646
FALSE,686,21.6429976799916,380,600,300,300,-3.11783716211056,0.0009109171554973,-0.327407889723486,0.473033159283918
FALSE,687,21.9567668150797,380,600,300,300,-3.82689175733198,6.48857725549383e-05,-0.405304508437172,0.0600674777404148
FALSE,688,20.499623409724,380,600,300,300,-3.10291433391189,0.000958125502451857,-0.329384476730015,0.390225396368258
FALSE,689,22.3282888753725,380,600,300,300,-2.57039377020489,0.00507914881557091,-0.268001873969457,0.08553084919383
FALSE,690,22.7472525120683,380,600,300,300,-4.02792807598604,2.81352754348739e-05,-0.41848072799524,0.00362180559221116
FALSE,691,21.2854911992606,380,600,300,300,-4.3776264117855,5.99893875559513e-06,-0.440282872961252,0.00118108174868855
FALSE,692,21.4963597030977,380,600,300,300,-4.59942544137432,2.11828892264531e-06,-0.489028762435718,0.00313951157259531
FALSE,693,21.7604868679642,380,600,300,300,-3.62138458835879,0.000146515262058031,-0.368530491784395,0.0260418220382478
FALSE,694,21.6063093915766,380,600,300,300,-4.36669603957011,6.3070037150958e-06,-0.435492841287204,0.0283229596406604
FALSE,695,20.3440679023359,380,600,300,300,-3.454276982625,0.000275885181249044,-0.356055257401519,0.128296512144071
FALSE,696,22.2422714618761,380,600,300,300,-2.87360563763925,0.00202907669091942,-0.290446921075088,0.0405603257670736
FALSE,697,21.279729168779,380,600,300,300,-4.66477255054341,1.5447929203084e-06,-0.475450469107783,3.38122807574911e-06
FALSE,698,21.5433162187692,380,600,300,300,-2.98240308234152,0.00142997591496351,-0.315754254872109,0.257889488280164
FALSE,699,22.757081348625,380,600,300,300,-4.15732299512964,1.60999292074336e-05,-0.432010065217307,0.00314138506178977
FALSE,700,21.166824954846,380,600,300,300,-1.17468599961262,0.120060181301232,-0.12202455679568,0.19242528487851
FALSE,701,20.9741401728282,380,600,300,300,-1.07941631557324,0.140201090431625,-0.120097042942842,0.289053202581966
FALSE,702,22.4549599496329,380,600,300,300,-5.05399737928322,2.16328772872582e-07,-0.535062765374984,0.115178513968347
FALSE,703,21.1631225295279,380,600,300,300,-4.69245491861621,1.34973016214238e-06,-0.488589823443041,0.000310587485325052
FALSE,704,21.0263271111655,380,600,300,300,-3.5132197566273,0.000221355577150406,-0.357878748547216,0.00740357246744997
FALSE,705,21.4035683522308,380,600,300,300,-5.16445847129074,1.20568001895425e-07,-0.555979811085163,0.000757049281310939
FALSE,706,22.3125189253339,380,600,300,300,-3.66671377995963,0.00012284376478754,-0.378539493350917,0.00790327568008867
FALSE,707,21.4584799753853,380,600,300,300,-1.97235075609416,0.0242847896057923,-0.204401964776425,0.401797790926727
FALSE,708,20.0032742920239,380,600,300,300,-3.99606428945118,3.22021253425877e-05,-0.391580738247649,0.0125373956508513
FALSE,709,22.3996285705677,380,600,300,300,-2.67744919902038,0.00370925507454765,-0.270067677101621,0.350407971775165
FALSE,710,20.9241853066152,380,600,300,300,-3.28570574560074,0.000508636094864069,-0.338957172682753,0.279082393750346
FALSE,711,21.7518090071445,380,600,300,300,-2.66075798687,0.00389824868380216,-0.274980599433264,0.284643132976987
FALSE,712,20.8292661644798,380,600,300,300,-3.09434973321636,0.000986224117969097,-0.316625153111375,0.0550562745696886
FALSE,713,21.548263906515,380,600,300,300,-4.44748400008707,4.34409640988729e-06,-0.455848871079436,0.0140596001086935
FALSE,714,20.985824813481,380,600,300,300,-3.21544706087236,0.000651207574089829,-0.321695579629862,0.00414119782607272
FALSE,715,22.281972694894,380,600,300,300,-3.45204956685929,0.000278172757307276,-0.36627758485405,0.00147865685416089
FALSE,716,21.7744714788068,380,600,300,300,-3.42606068473714,0.000306201770965209,-0.347781330077517,0.455224688982313
FALSE,717,21.3773695993703,380,600,300,300,-4.89985048488529,4.79548071697181e-07,-0.51577520003089,0.0054448029707515
FALSE,718,21.7409474263576,380,600,300,300,-2.58518176279965,0.00486638369503812,-0.27533010510168,0.00115405844408214
FALSE,719,21.6877382815909,380,600,300,300,-3.8913491995188,4.98441696395815e-05,-0.40134658689391,0.00969788528847574
FALSE,720,20.7610448438229,380,600,300,300,-3.87758090579045,5.27501245413102e-05,-0.382099045362645,0.0183173015648913
FALSE,721,21.2195456561561,380,600,300,300,-3.73573981230755,9.35820573048019e-05,-0.384180093948181,0.0209092263138437
FALSE,722,20.810978814857,380,600,300,300,-3.75187703913671,8.77577735338034e-05,-0.368602619585168,0.146759446350707
FALSE,723,20.7627544709783,380,600,300,300,-3.24219625173557,0.000593061561874786,-0.340205866651457,0.0489448842075008
FALSE,724,21.4688057179983,380,600,300,300,-2.74299492719842,0.00304408129989401,-0.276672056101032,0.025385680408024
FALSE,725,20.8348607812402,380,600,300,300,-3.85647612798416,5.75166630904099e-05,-0.408018728038451,0.00185629212829708
FALSE,726,21.228660306525,380,600,300,300,-4.09044828283728,2.15270105680602e-05,-0.425052759867142,0.0174351148578049
FALSE,727,22.7403339664824,380,600,300,300,-4.46588001530495,3.98701464495937e-06,-0.462328063514504,0.00440587255402912
FALSE,728,21.3097968507115,380,600,300,300,-2.31649801483768,0.0102655463510369,-0.230000774055506,0.379982891957258
FALSE,729,21.8915964545061,380,600,300,300,-2.37655031999962,0.00873768882247511,-0.243428752442082,0.0300114443264787
FALSE,730,22.1826634524018,380,600,300,300,-5.17676629123355,1.12882366277408e-07,-0.530991352674501,0.00661665590259882
FALSE,731,21.9503813111586,380,600,300,300,-4.05880554322618,2.46621825839804e-05,-0.410445272337207,0.0199478166515383
FALSE,732,21.9801267461078,380,600,300,300,-2.77414667631355,0.00276733590269953,-0.275249343914229,0.345221569290787
FALSE,733,21.0960756797696,380,600,300,300,-3.20411263422401,0.00067739731868715,-0.320787911020545,0.235089900984926
FALSE,734,21.9557491754559,380,600,300,300,-5.07444683892471,1.94312428694052e-07,-0.515038384433757,5.92529746708991e-05
FALSE,735,22.7307314145192,380,600,300,300,-4.6690909715269,1.51267699691896e-06,-0.479598922974054,0.296646390083549
FALSE,736,22.1164653187966,380,600,300,300,-2.38828163926191,0.00846368207441993,-0.246929061686341,0.0658524337835579
FALSE,737,22.2528528662714,380,600,300,300,-4.2123484429451,1.26364641290758e-05,-0.430037348124387,0.00140904938915098
FALSE,738,22.1238492189975,380,600,300,300,-2.53289795042905,0.0056561940666512,-0.255985529946924,0.326543273554026
FALSE,739,21.2317128916242,380,600,300,300,-3.40280228352503,0.000333492640385271,-0.329642436789468,0.0749319560534226
FALSE,740,22.2088044223971,380,600,300,300,-2.55498552330678,0.00530961072216053,-0.255987520730691,0.0981473717160458
FALSE,741,21.3782160730856,380,600,300,300,-4.83192572439851,6.76093525976742e-07,-0.486802161422101,0.0117474218174855
FALSE,742,20.4684731910094,380,600,300,300,-3.56530608187118,0.000181715898064767,-0.361042272242167,0.0162277202706591
FALSE,743,22.8675349363312,380,600,300,300,-3.40179382480689,0.000334725608437048,-0.358163256967295,0.0163925437087982
FALSE,744,20.6315635878034,380,600,300,300,-2.15613601535344,0.0155365229879251,-0.217354585304881,0.444911236376276
FALSE,745,22.1149738370252,380,600,300,300,-4.38092601620217,5.90879976857187e-06,-0.443020376246713,0.0627038304809864
FALSE,746,22.3684779222216,380,600,300,300,-3.00338608149597,0.00133496742310945,-0.313533155458454,0.060300404694579
FALSE,747,21.8676596827958,380,600,300,300,-3.15199040178415,0.000810808018436082,-0.325974744104898,0.316084160803853
FALSE,748,22.1320260140765,380,600,300,300,-2.55502301750414,0.00530903881337136,-0.265336490888423,0.470709427801921
FALSE,749,21.032123560942,380,600,300,300,-3.77566927308916,7.97893052313474e-05,-0.384109300014199,0.0455880335313039
FALSE,750,21.214960827634,380,600,300,300,-3.94349164515734,4.01518951528323e-05,-0.398858033853163,0.00203208579030095
FALSE,751,22.5729994896836,380,600,300,300,-3.43662404047402,0.000294506288667491,-0.357172825316767,0.000844160764378287
FALSE,752,21.8697676599026,380,600,300,300,-4.44933428615361,4.30684301754466e-06,-0.453193506078157,0.0118316753532378
FALSE,753,21.2594817404761,380,600,300,300,-1.52087977098864,0.0641450056191782,-0.150797429389236,0.469086249731308
FALSE,754,21.8112174285731,380,600,300,300,-3.27479575810919,0.000528691953366127,-0.342225974579107,0.0184770615788017
FALSE,755,22.080940646257,380,600,300,300,-3.34810028033609,0.000406837816496852,-0.349587290030562,0.0888037995531097
FALSE,756,21.1426105099536,380,600,300,300,-3.13411274853526,0.000861873046956414,-0.318243420010062,0.0262636699400726
FALSE,757,21.41319710298,380,600,300,300,-4.80205085250129,7.85243973489511e-07,-0.515679861627996,0.0116501097333957
FALSE,758,21.5296598372491,380,600,300,300,-2.07309682478436,0.0190816347300407,-0.217139680859761,0.0777274356308652
FALSE,759,20.6373458093494,380,600,300,300,-3.78232427202597,7.76853873963956e-05,-0.384997055620094,0.0778287992924832
FALSE,760,21.3539747203421,380,600,300,300,-2.46252988555072,0.00689803374042602,-0.246236422925857,0.0210769062132728
FALSE,761,21.9939044061175,380,600,300,300,-2.00532883717904,0.02246395195195,-0.207871962508862,0.139908126365369
FALSE,762,21.6000271749108,380,600,300,300,-4.58467923020331,2.27341960373857e-06,-0.466775263821706,0.000607733684369532
FALSE,763,21.2112633201666,380,600,300,300,-3.19926294352431,0.000688897219292175,-0.31505913662191,0.00642880123440267
FALSE,764,20.9118097563833,380,600,300,300,-2.43768099265968,0.00739090614351446,-0.249529891563139,0.319123064428544
FALSE,765,21.6480222133353,380,600,300,300,-3.22322110567185,0.000633788340905527,-0.330445346186673,0.0274940888094302
FALSE,766,22.1856549237779,380,600,300,300,-5.20417280980966,9.74313073982299e-08,-0.552494883888741,0.0429464489755437
FALSE,767,21.246031420911,380,600,300,300,-5.14018409156611,1.37234711757552e-07,-0.525807895103474,0.0124533641374492
FALSE,768,20.6763088062861,380,600,300,300,-5.10596197678759,1.64557934941462e-07,-0.505461838354026,0.0627378697722323
FALSE,769,21.629150061258,380,600,300,300,-3.71756882585978,0.000100574598300474,-0.400495023793756,0.00156160962171672
FALSE,770,22.0123762407896,380,600,300,300,-3.75472581147088,8.6765668683963e-05,-0.39277368284086,0.0020762500037936
FALSE,771,21.1510090212508,380,600,300,300,-4.30460527161228,8.36418664061937e-06,-0.444382744813749,2.61738454697185e-05
FALSE,772,20.5389911427663,380,600,300,300,-5.56285235499854,1.32700213773705e-08,-0.572108542590751,0.0114071482941182
FALSE,773,22.8619272714487,380,600,300,300,-4.62566138370777,1.8670246177384e-06,-0.483556976554871,0.0106171422595559
FALSE,774,21.4520534344643,380,600,300,300,-3.37596425092262,0.000367787381303289,-0.343232880944671,0.0223008361760951
FALSE,775,21.2002775437822,380,600,300,300,-3.00642480088794,0.00132169713374767,-0.316243997784726,0.00848527405380785
FALSE,776,21.9702627260444,380,600,300,300,-5.00588519548036,2.78029466130839e-07,-0.503873674486517,0.0294086978690822
FALSE,777,22.9469681284465,380,600,300,300,-3.96189757882468,3.71782191275319e-05,-0.410349237271921,0.00919416839534914
FALSE,778,21.0822015578613,380,600,300,300,-2.54455037103515,0.00547092645959209,-0.269434428721088,0.137131645148851
FALSE,779,21.2697129484251,380,600,300,300,-2.72072762840598,0.00325692038758796,-0.273730172932839,0.212892988559968
FALSE,780,21.7496120363023,380,600,300,300,-3.11649871491399,0.000915062390786153,-0.318133277577082,0.000286140027504075
FALSE,781,21.0701847848576,380,600,300,300,-4.68927823801641,1.37085190640662e-06,-0.496297326066773,0.0301235929172388
FALSE,782,21.8038539633351,380,600,300,300,-2.66598522730144,0.00383815330052669,-0.26703034721075,0.0931806281611607
FALSE,783,21.3728051105887,380,600,300,300,-3.26682342524541,0.000543807471270779,-0.342789055587281,0.225885913052836
FALSE,784,20.4033688972145,380,600,300,300,-0.913878286989612,0.180390402027715,-0.0916901199350472,0.00270114854790025
FALSE,785,22.110475836239,380,600,300,300,-2.79622941581593,0.00258513424256077,-0.288647592534634,0.114011988631065
FALSE,786,20.5599363174564,380,600,300,300,-3.96134708655237,3.7264052174606e-05,-0.427207410052479,0.0515402889540844
FALSE,787,21.8645903866603,380,600,300,300,-4.47808558674,3.76577037433602e-06,-0.454525286325841,0.000113309364816748
FALSE,788,20.6493419637331,380,600,300,300,-3.11314354276356,0.00092552982125037,-0.308227696691157,0.0138657907878721
FALSE,789,22.397578804503,380,600,300,300,-3.11643151894321,0.000915270956178004,-0.32402103439955,0.0828774542708378
FALSE,790,22.1695721119345,380,600,300,300,-3.82603413994175,6.51121187996454e-05,-0.401078302090088,0.0383459609977714
FALSE,791,21.5933682148531,380,600,300,300,-4.57030527124637,2.43507134933112e-06,-0.465325092492288,0.0716575104730692
FALSE,792,22.6783478007911,380,600,300,300,-2.53857840833141,0.00556519294473696,-0.270131347293284,0.0465310934557213
FALSE,793,22.6555923974795,380,600,300,300,-3.24188026684365,0.000593719496221986,-0.332242951009291,0.00137449832962337
FALSE,794,21.676445206264,380,600,300,300,-3.73606967714724,9.3459447417444e-05,-0.37286510169539,0.485358512657562
FALSE,795,21.6766614086136,380,600,300,300,-3.30424075884679,0.000476170041895314,-0.345909371984351,0.101233623461308
FALSE,796,21.9575258057518,380,600,300,300,-3.85801710697247,5.71553244484352e-05,-0.390119877521415,0.70235409850926
FALSE,797,22.2080560161762,380,600,300,300,-2.95888557530594,0.00154376860818344,-0.299217190750066,0.0115262437748722
FALSE,798,20.5437964139987,380,600,300,300,-2.12608346511654,0.0167481552223445,-0.231502342922676,0.0201611697917709
FALSE,799,21.0838166933941,380,600,300,300,-3.43354703368049,0.000297869418327724,-0.376801405729013,0.0402638899346545
FALSE,800,21.7311523842496,380,600,300,300,-5.25277146999225,7.49136971726672e-08,-0.545506341631788,0.00241484311517095
FALSE,801,21.3031083559255,380,600,300,300,-2.49942438212558,0.0062197621914691,-0.254373509124276,0.0901006684793005
FALSE,802,22.0695631422289,380,600,300,300,-3.86023122019153,5.66398915235701e-05,-0.40891331639427,0.022387714618315
FALSE,803,21.7337546638223,380,600,300,300,-2.43255242988623,0.00749641035891146,-0.24596623934533,0.0159512113614129
FALSE,804,21.1448882560453,380,600,300,300,-3.67208448343808,0.000120290058796714,-0.387217637487718,0.00138340465210363
FALSE,805,20.8596232205785,380,600,300,300,-3.72707517212155,9.68573480184866e-05,-0.376045341877105,0.00224419722629618
FALSE,806,20.8599405725482,380,600,300,300,-3.99189907037891,3.2773135430145e-05,-0.39502634248956,0.215001184084591
FALSE,807,22.8880600963533,380,600,300,300,-2.39104349112564,0.00840028130007566,-0.253117144417194,0.00677650548062389
FALSE,808,21.5093720361464,380,600,300,300,-2.36052589897498,0.00912452200703498,-0.240776522269935,0.02842057963433
FALSE,809,21.7088717354981,380,600,300,300,-4.15410475196297,1.63281778921126e-05,-0.435779604572392,0.519785198256716
FALSE,810,22.4027183700483,380,600,300,300,-2.18017381768178,0.0146222898072736,-0.218367984570064,0.447219194948198
FALSE,811,20.8819893894194,380,600,300,300,-1.38318423821419,0.0833041906950769,-0.148517942993868,0.591319516657967
FALSE,812,20.8580534127145,380,600,300,300,-4.42403109050846,4.84380347626019e-06,-0.454455446258261,0.0163739771468068
FALSE,813,21.5691440019975,380,600,300,300,-3.27434140336363,0.000529542854040365,-0.325544671341689,0.000259112177283559
FALSE,814,21.4633237142312,380,600,300,300,-3.23897853683464,0.000599793001041217,-0.330201471599604,0.368679780980452
FALSE,815,20.991155027082,380,600,300,300,-1.95005781575694,0.0255846142028173,-0.202918020040554,0.107807989423683
FALSE,816,21.4258736167713,380,600,300,300,-1.64583413573766,0.0498989561179967,-0.170285815420163,0.177556489667129
FALSE,817,21.2852000392063,380,600,300,300,-2.17666705059456,0.0147527092092104,-0.22015563586282,0.104173828388871
FALSE,818,21.7295516534959,380,600,300,300,-2.69917404788689,0.00347559059965375,-0.272516981440984,0.0802994916938677
FALSE,819,22.0032911652784,380,600,300,300,-3.8696999293219,5.44846949168034e-05,-0.412063952217833,0.000902951004625045
FALSE,820,21.1110368855204,380,600,300,300,-4.12633551979046,1.84294702560495e-05,-0.433927884088576,0.139321808847463
FALSE,821,21.6041257535078,380,600,300,300,-3.48983746070862,0.000241657205605568,-0.365023963881533,0.0394874655367263
FALSE,822,21.8665060330657,380,600,300,300,-4.22514080892201,1.19395710251911e-05,-0.446465992400997,0.0423604183889426
FALSE,823,22.4689633174986,380,600,300,300,-4.15911329031233,1.59742709911708e-05,-0.441751879801365,2.27943018271006e-05
FALSE,824,22.3643793843873,380,600,300,300,-3.47832815128725,0.000252275919931405,-0.357441369087038,0.416973879491763
FALSE,825,22.4161455321077,380,600,300,300,-3.80234626016517,7.16661056360162e-05,-0.410571388212832,0.147678130750909
FALSE,826,20.9231158876242,380,600,300,300,-2.88541944038004,0.00195446244238954,-0.289745582821647,0.00199874996922996
FALSE,827,21.2783810540957,380,600,300,300,-2.60480838616523,0.00459628267559623,-0.275355746333411,0.272837788934046
FALSE,828,20.4647516442583,380,600,300,300,-2.55150651617146,0.00536291592057177,-0.267635769503267,0.0152930146353763
FALSE,829,21.8422541336645,380,600,300,300,-3.05625887472919,0.00112058831312441,-0.316742935152812,0.129546563432573
FALSE,830,22.3913360898285,380,600,300,300,-3.77152100806654,8.1127747265402e-05,-0.392069955058344,0.306335490546377
FALSE,831,21.6799902479937,380,600,300,300,-2.13498917136209,0.0163809473261655,-0.221902099511951,0.199160657645139
FALSE,832,20.4843698896849,380,600,300,300,-2.51930049903431,0.00587941274950664,-0.259333356305744,0.306371988242892
FALSE,833,21.1915134514881,380,600,300,300,-1.95951823484289,0.0250260632547707,-0.202907237255493,0.0876342902313432
FALSE,834,21.5257707980981,380,600,300,300,-3.16702288623515,0.000770040987394537,-0.319531798007281,0.0615029033012176
FALSE,835,21.3824131528661,380,600,300,300,-5.79908599248724,3.3338668149195e-09,-0.598298186251806,0.000167905097104582
FALSE,836,22.4670169137748,380,600,300,300,-1.39570405961208,0.0814018156619313,-0.144454392847125,0.0458679812490801
FALSE,837,22.3451251551982,380,600,300,300,-2.0062509552312,0.0224147399136421,-0.203603860809851,0.620663702300911
FALSE,838,20.1248959106242,380,600,300,300,-4.84742718253864,6.25364587909123e-07,-0.485119511422718,0.0191884096269205
FALSE,839,21.3502522470774,380,600,300,300,-6.02909174619555,8.2441835257243e-10,-0.602879098650852,8.20850724324332e-05
FALSE,840,21.9422164220642,380,600,300,300,-5.80945349142756,3.13385510940094e-09,-0.606065743347133,0.00266619154273197
FALSE,841,22.2663813550706,380,600,300,300,-2.40481780774392,0.00809026516631262,-0.248363236261648,0.00909046563269177
FALSE,842,21.62425321877,380,600,300,300,-4.93574815131126,3.99220435246704e-07,-0.485157670541261,0.00145311358237272
FALSE,843,20.527102960148,380,600,300,300,-2.94080083698926,0.00163682471585003,-0.300889047416892,0.803319095880865
FALSE,844,21.8979508326834,380,600,300,300,-4.34771497048013,6.87816075995278e-06,-0.427101462516402,0.381751313325833
FALSE,845,21.5845196861455,380,600,300,300,-2.37422314480982,0.00879295946529479,-0.239123778918746,0.10137424870739
FALSE,846,23.2990578194006,380,600,300,300,-3.2917478689729,0.000497834161080696,-0.347416203158934,0.0380143591416008
FALSE,847,22.3578463317858,380,600,300,300,-3.16107185013536,0.000785948595747732,-0.321884970004959,0.00941271381536676
FALSE,848,21.1834053722941,380,600,300,300,-2.99477550981649,0.00137323447823212,-0.310809611722735,0.0167931118376489
FALSE,849,22.3669362713584,380,600,300,300,-3.56357993255748,0.000182915613415069,-0.365587555493938,0.185148174456491
FALSE,850,20.7166600033804,380,600,300,300,-2.84472447838402,0.002222492654776,-0.294414998974181,0.164728723002278
FALSE,851,22.3821043074076,380,600,300,300,-4.32297547987139,7.69694241188027e-06,-0.438185846975025,0.00272162775121406
FALSE,852,21.5316828983179,380,600,300,300,-4.84380826496499,6.36869265478054e-07,-0.491348472129425,0.000258174216182374
FALSE,853,21.4922219621562,380,600,300,300,-3.04476213946016,0.00116432198876329,-0.312000590454546,0.0458219040019635
FALSE,854,21.6777405077807,380,600,300,300,-3.66495869180682,0.000123689253697923,-0.379695143068624,0.199744546954785
FALSE,855,21.8706624004911,380,600,300,300,-4.13028788574058,1.81154623752941e-05,-0.432535498529002,0.0580596143000679
FALSE,856,21.8439077392872,380,600,300,300,-4.20810801510067,1.28758885643614e-05,-0.440274218613905,0.000790151978594904
FALSE,857,21.6859159164688,380,600,300,300,-3.79578602367286,7.35882005861495e-05,-0.394871100004246,0.000297839531631356
FALSE,858,21.1245192263515,380,600,300,300,-3.46822712702162,0.000261952144793113,-0.356220647914247,0.0597371108145834
FALSE,859,21.5700481065288,380,600,300,300,-3.93221644516602,4.20831152341408e-05,-0.397087654781718,0.00142761956875498
FALSE,860,21.5356798695925,380,600,300,300,-3.20308243201946,0.000679825284217476,-0.323003192855766,0.0784705255811232
FALSE,861,22.3870272625904,380,600,300,300,-5.06734884434085,2.01697301817348e-07,-0.518191627942467,0.00867521074873614
FALSE,862,21.4540494929635,380,600,300,300,-3.77255453596896,8.07923162780005e-05,-0.383443823433718,0.018596687109476
FALSE,863,22.341647829484,380,600,300,300,-4.33619828894729,7.24840894388913e-06,-0.442542164386042,0.000714994629447918
FALSE,864,22.005609854255,380,600,300,300,-3.95006268807217,3.90653636352436e-05,-0.406755212949539,0.0278288654476049
FALSE,865,21.887543169526,380,600,300,300,-1.43996333098921,0.0749388868682707,-0.156032466443449,0.389196191898984
FALSE,866,21.2235546314412,380,600,300,300,-3.94730022854359,3.95187095538898e-05,-0.407562168817586,0.071237884352548
FALSE,867,22.3564391193802,380,600,300,300,-4.92219804489939,4.2788772453315e-07,-0.511611836487571,0.0136144387781462
FALSE,868,22.7016150241066,380,600,300,300,-2.93423882703284,0.00167183409507804,-0.317463841008699,0.0905090003141748
FALSE,869,22.7967101868576,380,600,300,300,-4.21544309467897,1.24644123778877e-05,-0.444973778197087,0.00788987927211596
FALSE,870,21.2661492594292,380,600,300,300,-2.98787188513395,0.00140463644062599,-0.298543175190421,0.296017557222863
FALSE,871,21.8948000433335,380,600,300,300,-2.81691475355767,0.00242436966591927,-0.292648402297387,0.00919467825251909
FALSE,872,22.2713190105675,380,600,300,300,-3.73281575228071,9.46755524817406e-05,-0.370995430611189,0.00269947298578927
FALSE,873,21.7857186358452,380,600,300,300,-3.20088873219292,0.000685022132300531,-0.349371935076838,0.226779424955287
FALSE,874,21.25478013908,380,600,300,300,-4.95067107554924,3.69790057552227e-07,-0.505576664021524,5.64682347178998e-05
FALSE,875,20.9301561852479,380,600,300,300,-3.06721427266831,0.00108031957264562,-0.319715509011839,0.0362725036979314
FALSE,876,21.032942779821,380,600,300,300,-3.05518051327803,0.0011246255012446,-0.310488415774926,0.117403570248751
FALSE,877,21.2546244741741,380,600,300,300,-3.56736843779329,0.000180292158255621,-0.377943401037561,0.00645761221830965
FALSE,878,21.6254843511359,380,600,300,300,-4.30764877045506,8.24995576518375e-06,-0.448355123116874,0.0199894191707615
FALSE,879,21.1433885027779,380,600,300,300,-2.73894324613159,0.00308185062646506,-0.29208318429325,0.000359075661561888
FALSE,880,21.4222872141439,380,600,300,300,-2.30809679023672,0.0104968768387791,-0.246469262186853,0.289642305709458
FALSE,881,21.826115728271,380,600,300,300,-3.41371001424745,0.000320423729897964,-0.34616638610662,0.089738524032814
FALSE,882,21.3039333619138,380,600,300,300,-2.70876152468492,0.0033767431479046,-0.286225414636996,0.296432710358555
FALSE,883,21.6994988907315,380,600,300,300,-2.31150756082206,0.010402418011823,-0.247121574024197,0.361309642997671
FALSE,884,21.9184405287342,380,600,300,300,-3.99601386475659,3.22089814073106e-05,-0.402803613051096,0.00954026080835002
FALSE,885,22.1448303093873,380,600,300,300,-3.75468174299039,8.678093519057e-05,-0.382061681629248,0.0118723393570298
FALSE,886,20.7348218121282,380,600,300,300,-3.18195638355139,0.000731419233056862,-0.327294415538698,0.0752015368737581
FALSE,887,21.1593418990541,380,600,300,300,-3.85680336168331,5.74397515189817e-05,-0.395672302113921,0.166917997804945
FALSE,888,21.6228913883585,380,600,300,300,-2.80994780165767,0.00247747677322044,-0.285306285544423,0.0123682713373883
FALSE,889,21.7047559421784,380,600,300,300,-2.09191721375875,0.0182229609773968,-0.215219322745102,0.0107251676801477
FALSE,890,22.3167254388908,380,600,300,300,-3.31198162316054,0.000463188154669298,-0.342139413254285,0.0137104553666261
FALSE,891,21.0665079718549,380,600,300,300,-3.19994594939535,0.000687266810469305,-0.313203108781572,0.0457960789921317
FALSE,892,21.7934010660476,380,600,300,300,-3.14935396716189,0.000818159333420052,-0.321859433513735,0.010325009231159
FALSE,893,22.8236284467138,380,600,300,300,-5.10724597615755,1.63444052758297e-07,-0.499285589058104,0.176304185079821
FALSE,894,21.193552127768,380,600,300,300,-1.5923850939193,0.055649101716333,-0.159958866636473,0.299047180950464
FALSE,895,22.706553723517,380,600,300,300,-3.09245723329142,0.000992534171349216,-0.316772763275413,0.0516366631056721
FALSE,896,21.7251706712144,380,600,300,300,-4.19314175254801,1.37558703099974e-05,-0.435365572592625,0.17414838759473
FALSE,897,22.1643882049118,380,600,300,300,-3.71620248250086,0.000101119765005626,-0.386720189163011,0.012824562419895
FALSE,898,21.7152259310991,380,600,300,300,-3.0971356222346,0.000977002272311984,-0.305261731794095,0.357020629901605
FALSE,899,22.0959309244519,380,600,300,300,-3.96026488645114,3.74333360107456e-05,-0.399125618216345,0.0123697041878065
FALSE,900,21.5230286136169,380,600,300,300,-3.97341291569842,3.54250345296805e-05,-0.412170031959684,0.0503252766882105
FALSE,901,21.4302293136902,380,600,300,300,-3.08894985431415,0.0010043266975747,-0.321093799048827,0.00441179308089494
FALSE,902,21.7168642862533,380,600,300,300,-3.65682428599344,0.000127679649357813,-0.381623476833657,0.137782276664849
FALSE,903,21.3975321793937,380,600,300,300,-2.24621734629704,0.0123450448450469,-0.232893657613966,0.523513302321449
FALSE,904,22.0766499271965,380,600,300,300,-2.40901500117034,0.00799782024284653,-0.248545124352162,0.000480072809504801
FALSE,905,20.7506995841015,380,600,300,300,-5.25561843704256,7.37639375000376e-08,-0.542181592410462,0.0113209703314262
FALSE,906,22.2965476356917,380,600,300,300,-2.96188594986849,0.00152880509383419,-0.318270177199233,0.677622362767194
FALSE,907,22.798339926438,380,600,300,300,-3.06933436926588,0.00107268164496933,-0.327641667947817,0.249460854073799
FALSE,908,22.0400591388996,380,600,300,300,-2.62209638756823,0.00436953556231462,-0.271911438363006,0.00146879795962223
FALSE,909,22.4275509201083,380,600,300,300,-4.46186819938061,4.06240977476514e-06,-0.465000620089094,0.0623900702984716
FALSE,910,21.2131977390831,380,600,300,300,-3.46327606915085,0.000266820286028493,-0.353145582591891,0.232019363128598
FALSE,911,20.8429812249541,380,600,300,300,-1.21697300211325,0.111807244018929,-0.122844019928102,0.037204788792262
FALSE,912,21.5393553607323,380,600,300,300,-3.66853497203514,0.000121972164670776,-0.379969386090259,0.002995372577458
FALSE,913,21.5865676847708,380,600,300,300,-2.02701839750201,0.0213302656148763,-0.205733758639047,0.171213224101714
FALSE,914,21.4407499581771,380,600,300,300,-3.5635762844464,0.000182918156764283,-0.371326563677598,0.0945381490209573
FALSE,915,22.5439939428119,380,600,300,300,-5.32477540162039,5.0538926406026e-08,-0.543993770903647,0.0682822717798955
FALSE,916,22.520588173302,380,600,300,300,-4.94577758160191,3.79202570898266e-07,-0.504755906173949,0.00603287149394367
FALSE,917,21.78610909857,380,600,300,300,-4.79359019465182,8.19113772762871e-07,-0.493882983654654,0.000328254721544196
FALSE,918,22.2976951518576,380,600,300,300,-2.69356453169647,0.00353462295968984,-0.265884344876867,0.0957536724231316
FALSE,919,20.8369148438312,380,600,300,300,-4.40964227362509,5.177075766472e-06,-0.439838699982019,0.00790227226780051
FALSE,920,21.84110832202,380,600,300,300,-3.59459434036453,0.000162448702039304,-0.369458912890424,0.0123619037050132
FALSE,921,21.2634641992968,380,600,300,300,-3.35295142976373,0.000399773680659462,-0.333091903614611,0.0107127787675871
FALSE,922,21.4326599096938,380,600,300,300,-3.47105534283756,0.00025920857111071,-0.330422215567234,0.249260776127129
FALSE,923,21.8172518591843,380,600,300,300,-3.90482892585108,4.71460317995866e-05,-0.418555889618123,0.0852855670198462
FALSE,924,21.7774732258798,380,600,300,300,-3.23925325991906,0.00059921553796755,-0.326072626616685,0.000238636410086785
FALSE,925,21.505195947049,380,600,300,300,-4.26305041748953,1.00827498267273e-05,-0.445613689157376,0.0198279793389377
FALSE,926,22.4111219407229,380,600,300,300,-3.54644195301578,0.000195235377274635,-0.363051739008442,0.0305292071282396
FALSE,927,22.3024571423136,380,600,300,300,-4.59250762744599,2.18975749247445e-06,-0.46483079707903,0.00518192804797318
FALSE,928,20.5913856121584,380,600,300,300,-3.38338337193553,0.000357993050771764,-0.335926468183353,5.1228208559792e-05
FALSE,929,22.0545735620629,380,600,300,300,-3.37516207591851,0.000368861150641412,-0.350669321116961,0.0179323566423185
FALSE,930,21.7677852964979,380,600,300,300,-2.43309015769402,0.00748528636597976,-0.254815558325391,0.0244433167501871
FALSE,931,21.4499270985854,380,600,300,300,-2.34082965841034,0.00962047178676891,-0.240486544727679,0.155202830765008
FALSE,932,22.0305750337243,380,600,300,300,-3.46397017226256,0.000266132763271001,-0.372827589793403,0.0494424044154665
FALSE,933,20.7227480007035,380,600,300,300,-3.22487099706819,0.000630147222801237,-0.332603724048673,0.0477560905895314
FALSE,934,22.0070221090827,380,600,300,300,-4.36597941347209,6.32771997272546e-06,-0.451120958142655,0.275214783137935
FALSE,935,21.7221952084545,380,600,300,300,-3.38408198947434,0.000357083367060763,-0.339842071378949,0.113492851547034
FALSE,936,21.2305558657803,380,600,300,300,-2.5524949776468,0.005347722576315,-0.261534893446838,0.000855256660153227
FALSE,937,21.4581461359404,380,600,300,300,-2.85242903147619,0.00216932495619742,-0.298378058170863,0.0118392041401117
FALSE,938,21.089909642275,380,600,300,300,-3.44725099220318,0.000283161094394902,-0.350458092422317,0.0854419882752104
FALSE,939,22.3946238473571,380,600,300,300,-3.95211054416654,3.87324692453816e-05,-0.404019650380262,0.0452489366208149
FALSE,940,22.1489551260504,380,600,300,300,-4.27612002059231,9.50893609440386e-06,-0.448152029234708,0.22544829696105
FALSE,941,20.8562380090356,380,600,300,300,-2.03894436626493,0.0207277901548296,-0.199138230909726,0.0942312535602174
FALSE,942,21.7424103527381,380,600,300,300,-2.95143368611626,0.00158151228647842,-0.301345893388604,0.0135441017598973
FALSE,943,20.8506480249198,380,600,300,300,-3.09909688887747,0.000970557647194633,-0.326745987472026,0.0311676329700102
FALSE,944,21.6676274001269,380,600,300,300,-3.94191615613727,4.04166176820747e-05,-0.394943163981616,0.00250645816298136
FALSE,945,21.2971940067597,380,600,300,300,-4.22060692665988,1.21822727390354e-05,-0.431375516821909,0.00219245748296716
FALSE,946,22.2578772338875,380,600,300,300,-3.48413445287027,0.000246865696006203,-0.354920426788079,0.00773521499472864
FALSE,947,21.948631778395,380,600,300,300,-4.27959713675155,9.36159548302413e-06,-0.438356361552907,0.034925716853762
FALSE,948,21.6333627821874,380,600,300,300,-2.74558627740205,0.00302014413728355,-0.282785790147,0.0756716602289969
FALSE,949,21.0434394190651,380,600,300,300,-1.75026795140092,0.0400360441550172,-0.173263835808355,0.0565642924594431
FALSE,950,20.7641342688818,380,600,300,300,-2.0438065833387,0.0204863292746888,-0.206210835138533,0.0467561261722281
FALSE,951,21.2070362960782,380,600,300,300,-3.45475777611121,0.000275393707010522,-0.335688860685722,0.531873675740259
FALSE,952,21.9720575600402,380,600,300,300,-4.10408473926307,2.02959334904651e-05,-0.416881693271303,0.0151301179587798
FALSE,953,20.6222815068159,380,600,300,300,-2.93202452250443,0.00168380077314953,-0.294229344108769,0.0272813117945597
FALSE,954,21.3304240965843,380,600,300,300,-2.97502416484412,0.00146482734352218,-0.304694658873397,0.141038370398509
FALSE,955,21.187400706728,380,600,300,300,-5.22198364823513,8.85083017420712e-08,-0.529251523602059,0.00554848163238019
FALSE,956,21.0073487213293,380,600,300,300,-4.61297380666885,1.98474171196936e-06,-0.476385177924128,0.0305272299123124
FALSE,957,20.763094778663,380,600,300,300,-4.58489945752401,2.27102473023819e-06,-0.470805540442422,0.000540766078300107
FALSE,958,20.8750285527065,380,600,300,300,-2.80713558110934,0.00249920995488008,-0.282925093050512,0.114872928824491
FALSE,959,21.851616741713,380,600,300,300,-4.22859184161545,1.17579259864205e-05,-0.440393615325772,0.0873246473728996
FALSE,960,22.4634322152953,380,600,300,300,-2.95416628539456,0.00156757512803989,-0.296812839315495,0.0293445868084777
FALSE,961,21.3157545327496,380,600,300,300,-1.61872694488619,0.0527530133638993,-0.16845844648628,0.28522979506477
FALSE,962,21.0344923826493,380,600,300,300,-3.30730342772594,0.00047099398899125,-0.339347979281433,0.0027006560347411
FALSE,963,20.8028807820662,380,600,300,300,-2.93126995691156,0.0016878964258241,-0.315972541111492,0.00116676024929141
FALSE,964,21.0615197895969,380,600,300,300,-4.17612879594419,1.48255988098194e-05,-0.437708741247795,0.018146487224923
FALSE,965,22.699881823219,380,600,300,300,-2.67748428279815,0.00370886663345775,-0.267827486513199,0.0300230374251738
FALSE,966,21.3480037522084,380,600,300,300,-3.28864531175236,0.000503354010419346,-0.35541023978899,0.000354839417685967
FALSE,967,21.9135772245487,380,600,300,300,-4.29510832448648,8.73040285047738e-06,-0.434088371872565,0.0217407298632458
FALSE,968,22.5858551649867,380,600,300,300,-2.79933899137477,0.00256036735672809,-0.281055302841233,0.0678244368276783
FALSE,969,20.3855895359775,380,600,300,300,-3.61215723238399,0.000151830172933872,-0.385144161273905,0.0188759770380608
FALSE,970,21.637051634117,380,600,300,300,-4.69414696359463,1.3386076017319e-06,-0.467624736103562,0.0586044661205637
FALSE,971,21.9424048595376,380,600,300,300,-2.7576421624465,0.00291099457638899,-0.284517558994991,0.0210861013258847
FALSE,972,20.9212997358339,380,600,300,300,-4.34117042345902,7.08628702451598e-06,-0.436267877236481,0.0227689252224842
FALSE,973,22.0001487744008,380,600,300,300,-4.28878947814185,8.98247742444883e-06,-0.4346466437136,0.000136663543448171
FALSE,974,23.2221845749413,380,600,300,300,-3.04587686325081,0.00116001414111285,-0.316536474349233,0.165414302608527
FALSE,975,21.7872942370679,380,600,300,300,-2.34242062315825,0.00957955445796129,-0.248906571512234,0.0351048740076941
FALSE,976,19.9846785391431,380,600,300,300,-4.41732776871048,4.99643193982226e-06,-0.453493581143762,0.0189516040841024
FALSE,977,20.5877498589272,380,600,300,300,-3.13479566465066,0.000859869273590777,-0.315399301261837,0.0360894233293502
FALSE,978,21.0529724590363,380,600,300,300,-3.91111859065284,4.59348233231798e-05,-0.395013816737616,0.123549629065616
FALSE,979,21.7494814547058,380,600,300,300,-3.93903546312448,4.09049192291349e-05,-0.41861618778016,0.00650943833874275
FALSE,980,21.5152869251998,380,600,300,300,-1.78548614095433,0.0370912486732461,-0.180968476311755,0.0833057081819771
FALSE,981,22.0445963845553,380,600,300,300,-2.96635372459122,0.00150676836670275,-0.300310735704189,0.175046971740049
FALSE,982,21.8377597165375,380,600,300,300,-2.97005945832774,0.00148871057421154,-0.319151475057513,0.424144654692651
FALSE,983,20.581090940767,380,600,300,300,-2.36856319326076,0.00892866474429203,-0.240825746517811,0.46430880190948
FALSE,984,21.9836828555212,380,600,300,300,-5.57028571313105,1.27160967305266e-08,-0.583854215617047,0.000215284602841244
FALSE,985,21.3365027441203,380,600,300,300,-2.82074598386237,0.00239560623990565,-0.293353829147434,0.25903892025111
FALSE,986,22.3977399380844,380,600,300,300,-3.89314829775489,4.9475810151241e-05,-0.407631496181007,0.0326552932372928
FALSE,987,21.6062848943045,380,600,300,300,-0.451625532488958,0.32576938654711,-0.0477865525082121,0.0285081556741761
FALSE,988,21.502125030189,380,600,300,300,-3.72375627852067,9.81402093110568e-05,-0.375355479961144,0.289959743502714
FALSE,989,21.5430585175303,380,600,300,300,-4.04258609777297,2.64324456747674e-05,-0.407130426007371,0.0277179102710842
FALSE,990,21.9005719084436,380,600,300,300,-4.88289048395029,5.22709699142574e-07,-0.493867588111663,0.0126170589202571
FALSE,991,21.5444608894579,380,600,300,300,-2.27384400343281,0.0114876837414908,-0.234126894681056,0.0118171714564207
FALSE,992,21.1827534283559,380,600,300,300,-4.46892439196632,3.93069551336924e-06,-0.460812654953902,0.000327030446132212
FALSE,993,20.6862131370212,380,600,300,300,-4.760577880509,9.65197117856256e-07,-0.485183110722648,0.0921811279198426
FALSE,994,22.2346656043455,380,600,300,300,-3.60496787924665,0.000156095769205029,-0.359888961477009,0.0246579379774913
FALSE,995,22.0076385565102,380,600,300,300,-3.98469076342932,3.37840292905081e-05,-0.405820377469736,0.00449012940082997
FALSE,996,21.3852171992505,380,600,300,300,-4.05604395487249,2.49554354162898e-05,-0.406367380759073,0.0826351985206305
FALSE,997,21.756301605409,380,600,300,300,-2.68240877829174,0.00365470416955097,-0.273794833942831,0.0324181326510909
FALSE,998,21.2863452966354,380,600,300,300,-2.25108142278636,0.0121901904037272,-0.234295936529435,0.0506664371837005
FALSE,999,22.5357906025746,380,600,300,300,-2.67508513361759,0.00373551379058267,-0.273949366381418,0.000342247328428824
FALSE,1000,22.0813969572796,380,600,300,300,-4.40409019191773,5.31143722592441e-06,-0.452979178636341,0.0101963528520821
FALSE,1001,21.7258020109546,380,600,300,300,-3.49341484247461,0.000238442527259594,-0.362085506521559,0.034797638438193
FALSE,1002,22.6599542618285,380,600,300,300,-3.36552274701167,0.000381993838212144,-0.358815755786263,0.137475110616963
FALSE,1003,22.2947254023743,380,600,300,300,-3.70896560377694,0.000104053846632309,-0.389379510139416,0.0687781518910521
FALSE,1004,21.8881293484969,380,600,300,300,-2.72016400061964,0.00326247730158129,-0.275339019599116,0.285457117205401
FALSE,1005,20.4347461379001,380,600,300,300,-2.49247783480777,0.0063427623986953,-0.256047546243241,0.00668863189427869
FALSE,1006,22.0261428707524,380,600,300,300,-2.39186476070144,0.0083815089210763,-0.260165284610904,0.200361136276047
FALSE,1007,21.9917148042467,380,600,300,300,-1.79630867696362,0.0362227193215861,-0.188995847184544,0.412595290678181
FALSE,1008,22.1684100405872,380,600,300,300,-4.46496873539527,4.0040222411777e-06,-0.46435808294868,1.08078461918357e-05
FALSE,1009,21.1502653796869,380,600,300,300,-2.90818129757348,0.00181768756876313,-0.300346092405314,0.00173464525978107
FALSE,1010,23.3660384792928,380,600,300,300,-4.0671204372652,2.37988232892179e-05,-0.423350715654882,0.0333888071706206
FALSE,1011,21.1816373473617,380,600,300,300,-3.17055589398915,0.000760737792188621,-0.323072689081356,0.0496190982234119
FALSE,1012,21.9055214293071,380,600,300,300,-3.36661216405726,0.000380488142691143,-0.346432140922677,0.00122870198947587
FALSE,1013,21.8579724125891,380,600,300,300,-5.3673645436478,3.9947734952261e-08,-0.539576375910774,4.2948488798809e-05
FALSE,1014,21.892592348622,380,600,300,300,-3.80558370937734,7.07350781088258e-05,-0.40637641661913,0.0260542978157171
FALSE,1015,21.4462205028188,380,600,300,300,-4.30875150434516,8.2089352975132e-06,-0.448819505499286,0.0348511100189204
FALSE,1016,21.5151270937347,380,600,300,300,-4.78976034030796,8.34903132573739e-07,-0.477115031694425,0.0285238897775865
FALSE,1017,22.3176728263811,380,600,300,300,-1.82696935934578,0.0338521882502993,-0.192521072326359,0.0640969596377431
FALSE,1018,22.0496657437474,380,600,300,300,-3.89044066024825,5.00311724539744e-05,-0.420653431605164,0.0470426572074432
FALSE,1019,22.3026551630554,380,600,300,300,-2.42609993610582,0.00763103346751225,-0.25109724273054,0.312287907538971
FALSE,1020,21.7509659920259,380,600,300,300,-3.92449294167346,4.34563037219543e-05,-0.41861761269988,0.000515043028469197
FALSE,1021,21.5096695976383,380,600,300,300,-3.76396047627624,8.36216642353783e-05,-0.363950731297612,0.0860822217878692
FALSE,1022,21.9071985472852,380,600,300,300,-4.57771423768468,2.35042128069473e-06,-0.452159836017054,0.0425044137719006
FALSE,1023,22.550910527464,380,600,300,300,-3.140300690007,0.000843872532699548,-0.327948396048407,0.145543111059654
FALSE,1024,21.4725058733245,380,600,300,300,-2.40822491203312,0.00801515099171465,-0.247170735154962,0.198597191410442
FALSE,1025,20.7602596514108,380,600,300,300,-2.88357161357842,0.00196596616641685,-0.288858092739127,0.148244096926292
FALSE,1026,21.7564084679447,380,600,300,300,-3.92709096437715,4.29897349148778e-05,-0.410985703565614,0.00974687472610939
FALSE,1027,21.5328706271475,380,600,300,300,-1.22346135770955,0.11057774539314,-0.127045334367966,0.9272671234669
FALSE,1028,20.832764427112,380,600,300,300,-4.05373840484894,2.52027901498454e-05,-0.42009185359898,0.0298422540374703
FALSE,1029,20.7311109018953,380,600,300,300,-2.93624907562603,0.00166103731559315,-0.299749019283121,0.452791725408016
FALSE,1030,20.4324761972596,380,600,300,300,-2.93537826511859,0.00166570650344799,-0.307212907775761,0.0021854569535568
FALSE,1031,21.3679239427153,380,600,300,300,-4.10293163367041,2.03973911944325e-05,-0.414171070639615,0.0112784469686322
FALSE,1032,21.5409234771054,380,600,300,300,-3.21377885794918,0.000655002620126981,-0.322738475908248,0.00328364575148821
FALSE,1033,22.0945700105013,380,600,300,300,-4.48525140868522,3.64140057652688e-06,-0.448263927954636,0.00265361770584042
FALSE,1034,21.7510715352068,380,600,300,300,-3.07590296383773,0.00104933066202796,-0.324667702589771,0.00567919375331824
FALSE,1035,21.8188730054024,380,600,300,300,-2.33485068653019,0.00977561112786681,-0.261816082265518,0.0401480491150205
FALSE,1036,21.1171836372247,380,600,300,300,-3.56997853675177,0.000178505239120606,-0.372550727810489,0.00072206483540232
FALSE,1037,21.7863259724803,380,600,300,300,-3.77403035408893,8.03156017767209e-05,-0.414534095800648,0.0974041606135138
FALSE,1038,21.7732297419291,380,600,300,300,-2.10934638431438,0.0174573468953736,-0.211539910980745,0.493171277289115
FALSE,1039,21.2685266499999,380,600,300,300,-2.50967817791474,0.00604206174536912,-0.257238581424661,0.179516649674799
FALSE,1040,21.3801264597941,380,600,300,300,-5.57429365750211,1.24268095981323e-08,-0.574443926434476,0.19708908935638
FALSE,1041,22.1591192187202,380,600,300,300,-4.45477514665894,4.19905819349582e-06,-0.455617329371947,0.00135523148916656
FALSE,1042,21.6937192028482,380,600,300,300,-3.89285511001023,4.95356635868402e-05,-0.389364340386354,0.0934935118519243
FALSE,1043,20.8694047773025,380,600,300,300,-3.14744565488956,0.000823518597340912,-0.31493017338379,0.0197809506537663
FALSE,1044,21.1665044428439,380,600,300,300,-4.74767130968573,1.02886041206154e-06,-0.496933427769867,0.00114192270911389
FALSE,1045,21.8967520940931,380,600,300,300,-3.60587471620197,0.000155551606408054,-0.380272817717955,0.0697515767547756
FALSE,1046,22.5750548177526,380,600,300,300,-1.94429804286515,0.0259297602683052,-0.2086802602283,0.329302978268082
FALSE,1047,21.704565389771,380,600,300,300,-2.86292847215103,0.00209872653902625,-0.294161239477293,0.50659440381522
FALSE,1048,21.6366788589048,380,600,300,300,-3.67196845585789,0.000120344698210087,-0.382356332329682,0.0376734761749189
FALSE,1049,20.0602858505924,380,600,300,300,-3.70915630016803,0.00010397551646712,-0.385594433330526,0.00138488796786008
FALSE,1050,21.4814850782389,380,600,300,300,-4.09186140979561,2.13962190885155e-05,-0.419571262686488,0.0115011689276601
FALSE,1051,21.4665579730468,380,600,300,300,-4.1443271289089,1.70406470125179e-05,-0.422643058326437,0.0303541034910775
FALSE,1052,21.5694180576193,380,600,300,300,-2.58825500607125,0.00482317695815522,-0.28377724044032,0.114409196838005
FALSE,1053,21.0905684231692,380,600,300,300,-3.41953025766814,0.000313646778735714,-0.349073751019202,0.28907244299221
FALSE,1054,21.9049560573815,380,600,300,300,-3.14740141425438,0.000823643224058243,-0.329275763852648,0.0272788846961148
FALSE,1055,22.0362185756117,380,600,300,300,-3.63608746269311,0.000138405189812531,-0.36854982841485,0.00787976829880285
FALSE,1056,21.6761657863172,380,600,300,300,-4.06399880001579,2.41195368680659e-05,-0.429806224793963,0.00285107838247789
FALSE,1057,22.9116603170801,380,600,300,300,-2.99866818934027,0.00135581221984158,-0.305978683577903,0.057753848390309
FALSE,1058,20.6127740999849,380,600,300,300,-2.87424192802377,0.00202499301447058,-0.29860772535199,0.0308328821461436
FALSE,1059,22.0371113283379,380,600,300,300,-2.27866110678155,0.0113436092131516,-0.232216296185554,0.0267673497026466
FALSE,1060,21.9718676028494,380,600,300,300,-3.59765818098265,0.000160547609760883,-0.381784482404294,0.00914158746145412
FALSE,1061,22.3099323214497,380,600,300,300,-4.00398684221104,3.11419151497884e-05,-0.398638162549469,0.308022384907529
FALSE,1062,21.6491040298087,380,600,300,300,-5.92666666729051,1.54572802446281e-09,-0.636352212543365,6.92622699928522e-05
FALSE,1063,21.6161745487555,380,600,300,300,-2.85002903817072,0.00218576189059872,-0.305847553760165,0.181281758635561
FALSE,1064,21.2032000250928,380,600,300,300,-3.9572029691743,3.791624677392e-05,-0.41442561098074,0.00589582083769767
FALSE,1065,21.1583390957359,380,600,300,300,-1.49485295531023,0.0674764111886612,-0.144475594728626,0.163418276505531
FALSE,1066,21.7174622238612,380,600,300,300,-2.47549358459314,0.00665260760554554,-0.266697927568193,0.264585401830355
FALSE,1067,22.1743087591909,380,600,300,300,-2.63125253421807,0.00425353982884206,-0.265971975351898,0.166289257473138
FALSE,1068,21.4183204222501,380,600,300,300,-4.52260376950169,3.05417615367624e-06,-0.465941652459258,0.0154578045519656
FALSE,1069,19.8947394405713,380,600,300,300,-3.33051969332387,0.00043342015835359,-0.351446306203979,0.02239503883938
FALSE,1070,22.374120166565,380,600,300,300,-3.28810921130295,0.000504313523458955,-0.350903559079998,0.0101035728138532
FALSE,1071,20.7479631010205,380,600,300,300,-3.73739111397846,9.2969785300264e-05,-0.397671566948191,0.0555403396641658
FALSE,1072,21.8655204714422,380,600,300,300,-5.79149065205966,3.48822213480992e-09,-0.578847913552563,1.68923281533011e-05
FALSE,1073,21.273864205332,380,600,300,300,-1.86546861311032,0.0310578738524271,-0.192848277368978,0.267396847113569
FALSE,1074,21.6196861238507,380,600,300,300,-3.51237697904928,0.000222058778996931,-0.368219856285028,0.107852296967135
FALSE,1075,21.0077849678991,380,600,300,300,-4.31179797454151,8.0966179566354e-06,-0.436793568522695,0.0100565351330582
FALSE,1076,22.3437816033356,380,600,300,300,-4.48784461372859,3.5973686296701e-06,-0.466811836494396,0.00347723654550494
FALSE,1077,22.0406707551699,380,600,300,300,-4.56741475341237,2.46888192708689e-06,-0.467174078978869,0.0108700422786209
FALSE,1078,21.9059833584328,380,600,300,300,-3.7617576178516,8.43617576264091e-05,-0.396566775704059,0.00347854414842844
FALSE,1079,20.523074660087,380,600,300,300,-2.4420722325928,0.00730161222221732,-0.244056038161547,0.0552009008577148
FALSE,1080,21.184509793818,380,600,300,300,-3.66245048108563,0.000124907026955861,-0.38405023691221,0.0317880146352075
FALSE,1081,21.3239632636212,380,600,300,300,-3.79494909215519,7.38368768574982e-05,-0.390853459163329,0.000936443349818701
FALSE,1082,21.5535286272637,380,600,300,300,-1.84696230032134,0.0323763021701998,-0.19142137458296,0.786628985939574
FALSE,1083,22.0431368092708,380,600,300,300,-4.23238584036158,1.15612643278152e-05,-0.43443362776926,0.222826055995445
FALSE,1084,21.6030131473852,380,600,300,300,-4.54395919194037,2.76036750846837e-06,-0.459178639369018,0.00305846137603895
FALSE,1085,21.6752538111976,380,600,300,300,-2.03296536622033,0.0210280110914883,-0.204669306488686,0.297435948456483
FALSE,1086,21.5810441217346,380,600,300,300,-2.51977939329825,0.00587142027367992,-0.252591839555638,0.00321110441272041
FALSE,1087,21.3400921805987,380,600,300,300,-3.42651833725015,0.000305686240126861,-0.343140334381938,0.112787259934896
FALSE,1088,21.6345572362796,380,600,300,300,-5.02283339430796,2.54573545041708e-07,-0.520200344551264,0.12368838582693
FALSE,1089,21.7722784732635,380,600,300,300,-3.75029832584536,8.83121556137016e-05,-0.39045398866232,0.00837194894105829
FALSE,1090,21.0856118984016,380,600,300,300,-3.56173553213302,0.000184205697754535,-0.375112112740594,0.0418553941427356
FALSE,1091,21.7296226169221,380,600,300,300,-4.89653417640095,4.87708451961145e-07,-0.510640870279782,0.197829480495123
FALSE,1092,21.7213982608449,380,600,300,300,-3.69144446030312,0.000111492045925882,-0.388069527083749,0.163677426493789
FALSE,1093,21.2400620203661,380,600,300,300,-1.99017929619178,0.0232855940743875,-0.215834113282755,0.512776202999622
FALSE,1094,22.3817995463557,380,600,300,300,-3.02302108176277,0.00125132404054563,-0.305214594677737,0.4999260624262
FALSE,1095,20.6993838930086,380,600,300,300,-5.31555028000608,5.31677406539232e-08,-0.550169355183073,0.0313906901307546
FALSE,1096,21.4289156242646,380,600,300,300,-2.80138146752898,0.00254421651608377,-0.287768537400925,0.00599896159309112
FALSE,1097,22.351501628843,380,600,300,300,-2.55678648070581,0.00528220205514835,-0.263195499726763,0.0448487094228079
FALSE,1098,21.1773136195972,380,600,300,300,-2.99985021453534,0.00135056200727096,-0.308159703402722,0.0555604701293299
FALSE,1099,21.7719621488918,380,600,300,300,-3.57288536688982,0.000176534672789855,-0.366152804850177,0.015041402491347
FALSE,1100,20.977858729186,380,600,300,300,-4.90118605640138,4.76298921848705e-07,-0.517113534090053,0.012293934647076
FALSE,1101,21.5425965107968,380,600,300,300,-2.70935644167398,0.00337069360234722,-0.276264859785257,0.146042659611986
FALSE,1102,21.9437345385808,380,600,300,300,-2.99221939065152,0.00138478575042986,-0.306884189770802,0.435956223916089
FALSE,1103,23.1658575226847,380,600,300,300,-4.00794987175624,3.06240580148887e-05,-0.43649257243096,0.00117855604112376
FALSE,1104,21.5021879712562,380,600,300,300,-2.92796754496408,0.00170592828726483,-0.309951886819532,0.0758370277896861
FALSE,1105,22.7545767123173,380,600,300,300,-2.75132470085697,0.0029677389037164,-0.279012994010159,0.402038356074869
FALSE,1106,21.8178148408576,380,600,300,300,-3.72826029205884,9.64030908893943e-05,-0.385149344912713,0.00383002733749172
FALSE,1107,21.4961363199671,380,600,300,300,-4.28337044817771,9.2041650678766e-06,-0.457229246679591,0.00138620435606004
FALSE,1108,20.9509260494168,380,600,300,300,-1.67510370470665,0.0469569431108749,-0.169751510941555,0.479688062511069
FALSE,1109,21.1506046011071,380,600,300,300,-5.08783868375275,1.81083612217777e-07,-0.520768477223534,0.000326785695327051
FALSE,1110,22.348867242419,380,600,300,300,-2.87732401082289,0.00200531776681377,-0.287187882755762,0.0214560054081243
FALSE,1111,21.9780363690667,380,600,300,300,-3.18019614852459,0.000735876974148338,-0.322752446099542,0.0716675093511575
FALSE,1112,21.6638750534772,380,600,300,300,-2.97646958140288,0.00145794003578672,-0.307872170446669,0.187706751104243
FALSE,1113,21.4088367989069,380,600,300,300,-3.49588882805725,0.000236242753921747,-0.36401582508996,0.00284355912254375
FALSE,1114,21.5367487568037,380,600,300,300,-3.19750510391351,0.000693109790981218,-0.322752230988273,0.118168141230831
FALSE,1115,22.4222251436918,380,600,300,300,-2.65242693345581,0.00399577111569865,-0.277167571698037,0.342090401577147
FALSE,1116,21.3278814768085,380,600,300,300,-2.90870848641529,0.00181462548844879,-0.310241401867505,0.0157105580135231
FALSE,1117,22.6977399752627,380,600,300,300,-3.77160784678598,8.10995134543424e-05,-0.389405558174007,0.0245594662404454
FALSE,1118,21.2077363640216,380,600,300,300,-2.89290860609232,0.00190846172719949,-0.298225736137734,0.194332802954332
FALSE,1119,22.4177929338546,380,600,300,300,-2.84275660191355,0.00223626059596087,-0.282886479381731,0.00185704607832007
FALSE,1120,20.8853391180919,380,600,300,300,-2.23757020221467,0.0126245482693831,-0.231209067571332,0.584703483622497
FALSE,1121,21.4392130839723,380,600,300,300,-4.26306460800991,1.00821092835641e-05,-0.430255567240014,0.00819628116637868
FALSE,1122,21.8483060237256,380,600,300,300,-2.81952806161398,0.00240471627983045,-0.31016235290342,0.0822169481718731
FALSE,1123,22.0098406786027,380,600,300,300,-3.7039863386533,0.000106118846488215,-0.379234448912445,0.0270983579815265
FALSE,1124,20.6990735483063,380,600,300,300,-4.59490035753482,2.16478053633498e-06,-0.461334030864553,0.159534593873821
FALSE,1125,22.753949642064,380,600,300,300,-3.4317722823357,0.000299825419796971,-0.352576807201687,0.27573828240376
FALSE,1126,21.2225218909737,380,600,300,300,-2.59963852640457,0.00466610021629204,-0.255785314291651,0.250973044095519
FALSE,1127,21.193579571102,380,600,300,300,-3.935892965056,4.14439560170713e-05,-0.379405667896528,0.0285993765005946
FALSE,1128,21.4264419206151,380,600,300,300,-4.48059858001567,3.72169951076999e-06,-0.426126538987447,0.0447139497214192
FALSE,1129,20.7481982026143,380,600,300,300,-2.72880528469834,0.00317821120258099,-0.285136221030773,0.0469407695700606
FALSE,1130,22.4184895410746,380,600,300,300,-2.98765095924322,0.0014056520914716,-0.317915907293936,0.100193626571654
FALSE,1131,22.2114801919539,380,600,300,300,-2.78142554379092,0.00270603717918036,-0.283547142209018,0.0592450579916061
FALSE,1132,21.9841230234185,380,600,300,300,-3.74890051421995,8.88057593645684e-05,-0.383741092787014,0.016998496406225
FALSE,1133,21.0413940172375,380,600,300,300,-3.20274735106108,0.000680616726580953,-0.337081942660098,0.1874805565528
FALSE,1134,21.0923003601098,380,600,300,300,-3.44724293458093,0.000283169540280739,-0.35641941324951,0.0197738754513797
FALSE,1135,21.7339102626612,380,600,300,300,-4.35681319681036,6.59849027616213e-06,-0.442197621647389,0.025984829697027
FALSE,1136,21.817550466694,380,600,300,300,-1.87629532438714,0.0303073693627314,-0.191099385307952,0.332521445556498
FALSE,1137,21.0236274558416,380,600,300,300,-4.29266899170097,8.82690458643171e-06,-0.435863016626178,0.00440117056408888
FALSE,1138,20.815247376734,380,600,300,300,-4.99535438501019,2.93639112745795e-07,-0.499575827860471,0.202314424234109
FALSE,1139,22.7751301911196,380,600,300,300,-3.41035852305623,0.000324387668707121,-0.352813430907038,0.133611058168815
FALSE,1140,21.3339362340331,380,600,300,300,-3.94048680033909,4.06582126331259e-05,-0.417111917248411,0.0101434143005433
FALSE,1141,21.0782832922661,380,600,300,300,-1.26162881236595,0.103541191737685,-0.130565409995371,0.354899888497387
FALSE,1142,21.8710675748989,380,600,300,300,-2.69564836824234,0.0035125891824198,-0.260512579619319,0.00473041497714137
FALSE,1143,22.0612863247537,380,600,300,300,-3.97711553838812,3.48781383162518e-05,-0.424537339171699,0.00853790631771697
FALSE,1144,21.6533980799681,380,600,300,300,-3.7133798456166,0.000102254791293722,-0.357507229301184,0.011504411486622
FALSE,1145,21.6475948407909,380,600,300,300,-4.812864641491,7.43910327445356e-07,-0.485700824369426,0.000853302632644098
FALSE,1146,21.8352350920702,380,600,300,300,-3.20337365353324,0.000679138124998722,-0.336629944891755,0.189770933745844
FALSE,1147,21.4730500261802,380,600,300,300,-3.62616203158927,0.000143832445233893,-0.380704417549712,0.0126750316810026
FALSE,1148,21.2258863129467,380,600,300,300,-4.84454324504987,6.34516382719366e-07,-0.504809854588507,0.401224680655477
FALSE,1149,21.2467196064899,380,600,300,300,-4.26198610466234,1.01309022387216e-05,-0.460637981927861,0.00319817301817764
FALSE,1150,20.6996838239917,380,600,300,300,-4.7697029426325,9.22488937914459e-07,-0.497171298820114,0.0257338355474142
FALSE,1151,20.3881367865298,380,600,300,300,-3.49934090392302,0.000233204924670047,-0.37318910200291,0.00996030325616899
FALSE,1152,22.0759075766635,380,600,300,300,-2.56536299729509,0.00515339575672328,-0.26805324529447,0.00538302143836914
FALSE,1153,21.6132191709951,380,600,300,300,-2.39907052258629,0.00821837436568811,-0.246366349863505,0.297317112286086
FALSE,1154,21.438826985368,380,600,300,300,-3.26544385698612,0.000546463344833929,-0.335302706726775,0.00687141193430725
FALSE,1155,21.977484942481,380,600,300,300,-5.52482014601624,1.64911651568275e-08,-0.568634040652113,4.37382134725537e-06
FALSE,1156,21.9586235450235,380,600,300,300,-3.41851338312736,0.000314821106477891,-0.336882312777999,0.00147416204237346
FALSE,1157,20.6435075355713,380,600,300,300,-5.02029578428579,2.57959871732535e-07,-0.521811065158384,0.0397749254986475
FALSE,1158,20.9738601235967,380,600,300,300,-3.19929247720931,0.000688826645469755,-0.320031590145899,0.0200144929283723
FALSE,1159,20.9839837115473,380,600,300,300,-3.875414747984,5.32216212249352e-05,-0.38481843229185,0.646708966674534
FALSE,1160,20.7082051508789,380,600,300,300,-3.17195537210306,0.000757081367784438,-0.325920057435856,0.325260164436593
FALSE,1161,21.0029315617965,380,600,300,300,-2.89700450177057,0.00188372174620632,-0.311262987763272,0.268770622949149
FALSE,1162,21.8294467086811,380,600,300,300,-3.50686922580689,0.000226705959397072,-0.373405541998811,0.646825698706065
FALSE,1163,21.4935049006903,380,600,300,300,-2.16171255681038,0.0153201695782488,-0.228326987196604,0.0139187270947543
FALSE,1164,20.7859754284538,380,600,300,300,-4.6670506625584,1.52777004590917e-06,-0.475255390498443,0.00385012452873497
FALSE,1165,21.3162960003287,380,600,300,300,-4.06795406468745,2.37138638362755e-05,-0.423642730463067,0.0230076587893613
FALSE,1166,22.3067083225865,380,600,300,300,-4.05970010018236,2.45678922104229e-05,-0.419125875216365,0.0482618439850815
FALSE,1167,21.9220287879321,380,600,300,300,-4.22911348631056,1.17306990659818e-05,-0.426896548692796,0.0697637352210665
FALSE,1168,22.5616548799505,380,600,300,300,-3.64857219732983,0.000131850899904675,-0.377073706770941,0.000690830729624704
FALSE,1169,21.9035124880691,380,600,300,300,-3.34875184166506,0.000405882340243696,-0.334906177396215,0.201929488277661
FALSE,1170,21.0576671606464,380,600,300,300,-5.0880971542209,1.80837042504491e-07,-0.516883173492643,0.0155872820896561
FALSE,1171,22.6205220222753,380,600,300,300,-3.45404302857422,0.000276124627945532,-0.361806648959745,0.108072045719352
FALSE,1172,21.6601716134199,380,600,300,300,-2.03727807433068,0.0208110918747723,-0.212527163586405,0.0141772070929629
FALSE,1173,21.6567310935818,380,600,300,300,-6.53381716642982,3.2057103785302e-11,-0.673130710723078,0.00094998812721592
FALSE,1174,21.5074829582807,380,600,300,300,-5.06783939578644,2.01178331158869e-07,-0.514293617824036,0.0427989689277004
FALSE,1175,21.7133630018582,380,600,300,300,-4.18181658625443,1.44594610457334e-05,-0.462500118249794,0.0462251714699736
FALSE,1176,21.1255425166673,380,600,300,300,-4.00919156178613,3.04634885300675e-05,-0.41098776339553,0.429362192094575
FALSE,1177,21.803758102766,380,600,300,300,-3.34136439077679,0.000416838652478533,-0.347370723462525,0.024741442912637
FALSE,1178,20.9113266861835,380,600,300,300,-5.17161839854212,1.16037575208926e-07,-0.531403895786477,0.201597487475993
FALSE,1179,23.1844866201411,380,600,300,300,-0.867632521797294,0.19279776840235,-0.0920531012931012,0.959935176557511
FALSE,1180,20.9305160245713,380,600,300,300,-3.29094275748127,0.000499261148487727,-0.339846376204871,0.111092282082048
FALSE,1181,21.3437101482494,380,600,300,300,-2.37719190426168,0.00872250479681605,-0.239218321219156,0.101330186430497
FALSE,1182,22.333420992824,380,600,300,300,-3.99313426756178,3.26028103379242e-05,-0.417327375394764,0.242612555695902
FALSE,1183,20.9466135026857,380,600,300,300,-3.14407071860583,0.00083307584829058,-0.326110626059366,0.161185515517688
FALSE,1184,21.1985539812414,380,600,300,300,-4.66731844675827,1.52578092575772e-06,-0.462532641254305,0.140070086063692
FALSE,1185,21.2589701070854,380,600,300,300,-3.5692700089121,0.000178988664814341,-0.374907239003458,0.00509910991530852
FALSE,1186,21.6538469884196,380,600,300,300,-4.58530936531959,2.2665736006691e-06,-0.473659287099923,0.000234801833226915
FALSE,1187,21.4544072598964,380,600,300,300,-3.11106253142127,0.000932077297395285,-0.330838708272776,0.311912055147953
FALSE,1188,21.6449008398878,380,600,300,300,-3.8137340545344,6.84413831714224e-05,-0.398681222907513,0.00368494534467756
FALSE,1189,21.4190593270778,380,600,300,300,-4.04405892978347,2.62668528318431e-05,-0.419153393292251,0.0196307207309775
FALSE,1190,20.86455249502,380,600,300,300,-2.73912503618714,0.00308014699872379,-0.28645871848948,0.000476472681615226
FALSE,1191,21.0326554013122,380,600,300,300,-3.04325712992878,0.00117016133841231,-0.317596841573925,0.00703191623266027
FALSE,1192,22.1464454224184,380,600,300,300,-5.55357192032791,1.39945214624854e-08,-0.580124048230918,0.000206071279135698
FALSE,1193,21.7280888720602,380,600,300,300,-3.3316208331291,0.000431709037652714,-0.340039629905586,0.00961478255055106
FALSE,1194,21.8500775835532,380,600,300,300,-3.60565396410312,0.000155683908631763,-0.372699331797276,0.0111120277970783
FALSE,1195,21.4806133514643,380,600,300,300,-3.88180616755267,5.18417536890843e-05,-0.394447412107025,0.0193097954214849
FALSE,1196,22.1283836645045,380,600,300,300,-2.02265081986435,0.0215545803543362,-0.218210672391952,0.10611304736902
FALSE,1197,20.5388247048199,380,600,300,300,-2.51474069354369,0.00595599803737639,-0.249263687752931,0.635926666175591
FALSE,1198,20.3718931199472,380,600,300,300,-2.29102977167723,0.0109808459123966,-0.23598821085869,0.513335595419864
FALSE,1199,21.0829484818215,380,600,300,300,-2.51868923401954,0.00588962843758644,-0.258162551162752,0.105596815832342
FALSE,1200,20.8420082399994,380,600,300,300,-3.08957261605378,0.00100222350151597,-0.322332738310341,0.000645961102387286
FALSE,1201,21.6029671061908,380,600,300,300,-4.22129997451051,1.21448719383962e-05,-0.430196121687547,0.00521771287853493
FALSE,1202,21.5029907945171,380,600,300,300,-4.48969294301346,3.56629578364843e-06,-0.44648162575664,0.00337069775377764
FALSE,1203,22.5620619402676,380,600,300,300,-4.84131378636256,6.44917549728758e-07,-0.494632325803717,0.0141214105942901
FALSE,1204,21.0659339598435,380,600,300,300,-3.95081427920741,3.89428738726286e-05,-0.41730334864779,0.0400128280126658
FALSE,1205,21.4086685198403,380,600,300,300,-4.88947857020358,5.05517140025848e-07,-0.502763218245658,0.00327436796694663
FALSE,1206,22.2410916924576,380,600,300,300,-4.07510214862341,2.29970766636303e-05,-0.417416602807287,0.00296323398768061
FALSE,1207,20.6664968167436,380,600,300,300,-3.28890117404036,0.000502896663871816,-0.368013602952239,0.045067343476661
FALSE,1208,20.7187456911136,380,600,300,300,-1.48413148490746,0.0688870209659337,-0.161996086021901,0.0820032280999185
FALSE,1209,21.9988699322547,380,600,300,300,-4.11468756972971,1.93852092532165e-05,-0.440494426133527,0.0135336900396975
FALSE,1210,21.6596103976236,380,600,300,300,-2.50550022604596,0.00611391600757958,-0.252021528150866,0.426773150518112
FALSE,1211,21.9428959736321,380,600,300,300,-4.03375021767084,2.74468344303097e-05,-0.404804014231165,0.0206304239617083
FALSE,1212,22.2806621664792,380,600,300,300,-3.43362634034875,0.00029778229016285,-0.343274649999625,0.0178550189486731
FALSE,1213,21.873829119578,380,600,300,300,-3.00912417667178,0.00131001002922666,-0.305137460994233,0.110490832289736
FALSE,1214,22.0084594058402,380,600,300,300,-2.63687665894955,0.00418366246536038,-0.276065718259952,0.00460079930058692
FALSE,1215,22.9148164117023,380,600,300,300,-3.34063273277374,0.000417938574397385,-0.353481670178899,0.00267023225418424
FALSE,1216,20.8030617166048,380,600,300,300,-3.56370309005562,0.000182829771247303,-0.361266291650604,0.00438594081352136
FALSE,1217,21.5864815281238,380,600,300,300,-3.11981091457266,0.000904835828031734,-0.321709329317674,0.256124061489538
FALSE,1218,21.2735272727228,380,600,300,300,-4.66212847044652,1.56477859900697e-06,-0.493577177971027,0.0130870876521697
FALSE,1219,21.6185876545891,380,600,300,300,-3.52796162785728,0.000209386429161185,-0.353139227644175,0.000172023418128592
FALSE,1220,21.4887753539634,380,600,300,300,-4.57152444418398,2.42094397089912e-06,-0.471323920727858,0.130971611850372
FALSE,1221,22.1530604108057,380,600,300,300,-4.41173109167006,5.127371277483e-06,-0.464926959940034,0.0368207269840898
FALSE,1222,21.2980266183335,380,600,300,300,-4.12629555932788,1.84326712690122e-05,-0.432835618005166,0.0104083643069964
FALSE,1223,21.0421407425208,380,600,300,300,-4.86626488398349,5.68635360400448e-07,-0.4906338309892,0.00565792200679497
FALSE,1224,21.4361452931052,380,600,300,300,-1.36473113617017,0.0861687848613459,-0.140203144895326,0.0778981934394178
FALSE,1225,21.0759233875825,380,600,300,300,-2.59279069113811,0.0047600344970619,-0.264417940020479,0.366634228640087
FALSE,1226,21.1870398443271,380,600,300,300,-3.25461068411873,0.000567739519999789,-0.335032315036479,0.00822327355356276
FALSE,1227,22.1041974667407,380,600,300,300,-2.98159122680417,0.00143377298825395,-0.29735813524935,0.114286672405199
FALSE,1228,20.832656135326,380,600,300,300,-3.74954506057721,8.85778317806085e-05,-0.394290654192251,0.158891447379736
FALSE,1229,21.0958588011749,380,600,300,300,-5.43345997414832,2.76358430687503e-08,-0.556179355249169,0.00309865551492215
FALSE,1230,21.8048169107503,380,600,300,300,-5.23697322541812,8.16156807466665e-08,-0.53613526184344,0.000840888863523227
FALSE,1231,21.0266270558629,380,600,300,300,-4.00795301608337,3.06236503952206e-05,-0.420013643653549,0.000335192690538964
FALSE,1232,21.7252304321408,380,600,300,300,-2.81900709845459,0.00240862263996821,-0.290952342101768,0.530056041419305
FALSE,1233,22.8443235822983,380,600,300,300,-4.58988275541378,2.21747525049039e-06,-0.483193165100353,0.0340967325634798
FALSE,1234,21.097010459468,380,600,300,300,-2.36859764327268,0.00892783323748035,-0.243674706738147,0.0402623811168421
FALSE,1235,21.7355640010876,380,600,300,300,-3.06881326772599,0.00107455437902949,-0.309120382774028,0.0247811740554221
FALSE,1236,20.4044915769808,380,600,300,300,-2.42442000350876,0.00766643050150382,-0.261326603443381,0.0866257324641824
FALSE,1237,21.2543759149457,380,600,300,300,-2.91255792247604,0.00179240854550505,-0.295847621725784,0.310994262294157
FALSE,1238,21.79690478947,380,600,300,300,-4.61573271044128,1.95855416791487e-06,-0.467091127051543,0.00154419576005524
FALSE,1239,20.7167718488931,380,600,300,300,-2.71234785572121,0.00334042213406654,-0.273583705653988,0.0222602121657638
FALSE,1240,21.603159807448,380,600,300,300,-2.91862744569322,0.00175788063614975,-0.285641298698984,0.037453698648098
FALSE,1241,21.306008243667,380,600,300,300,-2.78229671530613,0.00269878338343545,-0.285079372385335,0.244903645289519
FALSE,1242,20.7970966531699,380,600,300,300,-2.12675997141988,0.0167200158812225,-0.227625279525832,0.394344584967285
FALSE,1243,21.6883923746004,380,600,300,300,-2.19869735476534,0.0139497245889432,-0.226800187209767,0.523191551459943
FALSE,1244,21.4904654625944,380,600,300,300,-3.67089753417666,0.000120850114367843,-0.384392767580439,0.242618110462805
FALSE,1245,21.9623932320977,380,600,300,300,-2.52774091798651,0.00573995157502219,-0.25839087396945,0.04587915893828
FALSE,1246,20.7981164750252,380,600,300,300,-3.34149780756252,0.000416638372994008,-0.340038562990104,0.0157089887182867
FALSE,1247,23.515930438063,380,600,300,300,-5.24560651148442,7.78845188206415e-08,-0.562667508172956,0.000263991404799824
FALSE,1248,21.3128062174469,380,600,300,300,-4.58061681121276,2.31803294490958e-06,-0.478363578567627,0.004613054863478
FALSE,1249,22.2699914000654,380,600,300,300,-2.61546220846508,0.00445533907280605,-0.265666847686881,0.182462700135932
FALSE,1250,22.4173078985419,380,600,300,300,-2.01800677096082,0.0217952780782385,-0.214567901051348,0.0125705059864653
FALSE,1251,21.8529308632573,380,600,300,300,-2.05591450953835,0.0198953786489795,-0.216748518533285,0.226619289005123
FALSE,1252,22.5349377595101,380,600,300,300,-2.24524303183373,0.0123762674919826,-0.243121043023747,0.149825841901259
FALSE,1253,21.9796820967703,380,600,300,300,-4.55602964332709,2.60647914001178e-06,-0.454412788936203,0.0316896582912392
FALSE,1254,21.8766256575992,380,600,300,300,-4.18977270104242,1.39617010685912e-05,-0.429882936051257,0.294344871436766
FALSE,1255,21.8138256847913,380,600,300,300,-3.29987913677599,0.000483632379143532,-0.333877277646373,0.0714960104712132
FALSE,1256,21.1620519574707,380,600,300,300,-2.17387214108635,0.0148573693957082,-0.226330830010142,0.395940985519795
FALSE,1257,21.5734908464178,380,600,300,300,-5.02047921090527,2.57713647794427e-07,-0.528070589490751,0.000173685540718233
FALSE,1258,21.013443445062,380,600,300,300,-4.10528511681806,2.01908253285434e-05,-0.425576962655836,0.233893222606634
FALSE,1259,21.1012806431596,380,600,300,300,-2.98913417762807,0.0013988462130512,-0.323076161757517,0.0144637797052885
FALSE,1260,21.950591646747,380,600,300,300,-4.94634629078977,3.78096933572928e-07,-0.516099825740765,0.000873572629876664
FALSE,1261,21.5302977663789,380,600,300,300,-3.53435368609144,0.000204386841752873,-0.3779228548835,0.461613644228133
FALSE,1262,21.025963571677,380,600,300,300,-3.23848195059681,0.00060083812126806,-0.3341737150078,0.26789914745251
FALSE,1263,22.2157790163941,380,600,300,300,-4.21173481456527,1.26708470228805e-05,-0.430730429828855,0.00360988158036847
FALSE,1264,22.0214249144455,380,600,300,300,-4.48339321233797,3.67326874930567e-06,-0.462391193023905,0.0101370866757502
FALSE,1265,21.4249762407769,380,600,300,300,-2.1677585360463,0.0150885315734472,-0.225420249908155,0.11966393907518
FALSE,1266,22.2149499245163,380,600,300,300,-4.35531124352907,6.64389885869986e-06,-0.446770230219611,0.0315157937416158
FALSE,1267,21.8771477209619,380,600,300,300,-4.7143667884785,1.21231782045644e-06,-0.454854968450272,0.0724106128698538
FALSE,1268,22.3370254841856,380,600,300,300,-1.81292685530281,0.034921551781718,-0.193894596849612,0.260539398050657
FALSE,1269,21.4820911712103,380,600,300,300,-2.78195093322449,0.00270166042855812,-0.289946255195456,0.156081314171136
FALSE,1270,20.7644219916787,380,600,300,300,-2.86510756777847,0.00208433805016285,-0.290570071725993,0.0327764866151107
FALSE,1271,21.2592588494724,380,600,300,300,-2.33228828155974,0.00984276529328777,-0.233066904499477,0.0115917688324185
FALSE,1272,21.1469023000684,380,600,300,300,-3.13396039337781,0.000862320664198887,-0.312927883604245,0.0410804904435349
FALSE,1273,21.4447210747509,380,600,300,300,-3.45420106128985,0.000275962863816754,-0.351301428717979,0.12280885445858
FALSE,1274,21.8524310236562,380,600,300,300,-2.75203147644252,0.00296134139501342,-0.282790320397754,0.176911381912961
FALSE,1275,21.6612347733901,380,600,300,300,-5.13632460410854,1.40081790057102e-07,-0.521077919988391,0.000457882764596762
FALSE,1276,21.7012353730695,380,600,300,300,-4.44027356840312,4.49222964936051e-06,-0.454298785717419,0.278592660050983
FALSE,1277,21.5361366290346,380,600,300,300,-2.27199538778282,0.0115433944526503,-0.23184747009486,0.102356215467541
FALSE,1278,20.8978179588518,380,600,300,300,-3.14614955055199,0.000827176949787011,-0.333040164546413,0.254729524027694
FALSE,1279,21.615739463603,380,600,300,300,-1.81655323547006,0.0346427747653345,-0.186901023027061,0.363997356320225
FALSE,1280,21.1925870684868,380,600,300,300,-1.39245848858151,0.081891801832604,-0.148508052532842,0.0655240800809567
FALSE,1281,20.8909613024693,380,600,300,300,-4.40958994622621,5.17832681214801e-06,-0.452236667666469,0.0116139394931901
FALSE,1282,21.8977733920077,380,600,300,300,-3.27677645769829,0.000524997320705551,-0.338714243535728,0.157271294904255
FALSE,1283,21.7643677746308,380,600,300,300,-2.42826725047956,0.00758557966909848,-0.238041768993584,0.0160305843127121
FALSE,1284,21.0954809580006,380,600,300,300,-3.67174680980758,0.000120449139936615,-0.376417598415239,0.0804067639518439
FALSE,1285,21.5726317868697,380,600,300,300,-4.81300883797642,7.43373557892017e-07,-0.485233877709285,0.0230986368734997
FALSE,1286,21.592128480571,380,600,300,300,-5.36312986140015,4.08960792200984e-08,-0.542471008155079,0.0482794627356603
FALSE,1287,21.0479304141163,380,600,300,300,-4.66948373868922,1.50978799336636e-06,-0.461522869810168,0.00314036628580509
FALSE,1288,22.154779919507,380,600,300,300,-3.14211621772795,0.000838657220934321,-0.334687953543613,0.07162922460077
FALSE,1289,22.2416601835138,380,600,300,300,-2.93805892250178,0.00165137123199315,-0.299842082127738,9.62903426649835e-05
FALSE,1290,21.3152594691329,380,600,300,300,-3.7241018692751,9.8005886193767e-05,-0.388602345982489,0.224525284131262
FALSE,1291,21.8459980954465,380,600,300,300,-4.415326134182,5.04289080744009e-06,-0.441416129095017,0.00109301043494411
FALSE,1292,21.3376405332708,380,600,300,300,-4.29856673904206,8.59530699008518e-06,-0.443357559121379,0.00421366927409538
FALSE,1293,22.0778344468145,380,600,300,300,-3.99822722383094,3.19093359209271e-05,-0.429419347589349,0.00169474673393217
FALSE,1294,20.5559832729164,380,600,300,300,-3.3193551761367,0.000451127956860173,-0.325832097605465,0.0388182094855229
FALSE,1295,21.6683646987832,380,600,300,300,-2.83227475909981,0.00231090577284177,-0.283175609308205,0.245587569875276
FALSE,1296,22.3201874326466,380,600,300,300,-5.02276728082006,2.54661224109621e-07,-0.530390781886686,0.00230225901548136
FALSE,1297,22.8875346348954,380,600,300,300,-3.31314438354409,0.000461266710064888,-0.363749942297461,0.720412629244921
FALSE,1298,21.5446254888824,380,600,300,300,-3.74541070964291,9.00494478048173e-05,-0.387305196350378,0.0186996341851319
FALSE,1299,21.4236880795641,380,600,300,300,-2.71990186995219,0.00326506460196893,-0.267820001670077,0.426022618624839
FALSE,1300,21.0089488124067,380,600,300,300,-6.29179798959515,1.56904850127199e-10,-0.591738380344491,0.00404391020565097
FALSE,1301,22.0673038429746,380,600,300,300,-3.73944479049352,9.22135734810371e-05,-0.402269883159852,0.00502051964384151
FALSE,1302,21.4874143547133,380,600,300,300,-2.70680182628626,0.00339673985352766,-0.284975806685228,0.0262648189492193
FALSE,1303,22.7702615208881,380,600,300,300,-2.09368545482498,0.0181440047371327,-0.208751910056967,0.411331716214766
FALSE,1304,21.3436542885685,380,600,300,300,-3.76733526724963,8.24996736210585e-05,-0.393668577628354,0.229351781855941
FALSE,1305,20.8245127725471,380,600,300,300,-2.95101905276126,0.00158363689514386,-0.297755851864039,0.00350253979594831
FALSE,1306,21.5634164633752,380,600,300,300,-3.11291090252372,0.000926259672500307,-0.319786104015984,0.0327770355577221
FALSE,1307,21.0373087043222,380,600,300,300,-3.28609094535147,0.000507941023257872,-0.326554452013634,0.000449486552502646
FALSE,1308,21.6429976799916,380,600,300,300,-3.11783716211056,0.0009109171554973,-0.327407889723486,0.473033159283918
FALSE,1309,21.9567668150797,380,600,300,300,-3.82689175733198,6.48857725549383e-05,-0.405304508437172,0.0600674777404148
FALSE,1310,20.499623409724,380,600,300,300,-3.10291433391189,0.000958125502451857,-0.329384476730015,0.390225396368258
FALSE,1311,22.3282888753725,380,600,300,300,-2.57039377020489,0.00507914881557091,-0.268001873969457,0.08553084919383
FALSE,1312,22.7472525120683,380,600,300,300,-4.02792807598604,2.81352754348739e-05,-0.41848072799524,0.00362180559221116
FALSE,1313,21.2854911992606,380,600,300,300,-4.3776264117855,5.99893875559513e-06,-0.440282872961252,0.00118108174868855
FALSE,1314,21.4963597030977,380,600,300,300,-4.59942544137432,2.11828892264531e-06,-0.489028762435718,0.00313951157259531
FALSE,1315,21.7604868679642,380,600,300,300,-3.62138458835879,0.000146515262058031,-0.368530491784395,0.0260418220382478
FALSE,1316,21.6063093915766,380,600,300,300,-4.36669603957011,6.3070037150958e-06,-0.435492841287204,0.0283229596406604
FALSE,1317,20.3440679023359,380,600,300,300,-3.454276982625,0.000275885181249044,-0.356055257401519,0.128296512144071
FALSE,1318,22.2422714618761,380,600,300,300,-2.87360563763925,0.00202907669091942,-0.290446921075088,0.0405603257670736
FALSE,1319,21.279729168779,380,600,300,300,-4.66477255054341,1.5447929203084e-06,-0.475450469107783,3.38122807574911e-06
FALSE,1320,21.5433162187692,380,600,300,300,-2.98240308234152,0.00142997591496351,-0.315754254872109,0.257889488280164
FALSE,1321,22.757081348625,380,600,300,300,-4.15732299512964,1.60999292074336e-05,-0.432010065217307,0.00314138506178977
FALSE,1322,21.166824954846,380,600,300,300,-1.17468599961262,0.120060181301232,-0.12202455679568,0.19242528487851
FALSE,1323,20.9741401728282,380,600,300,300,-1.07941631557324,0.140201090431625,-0.120097042942842,0.289053202581966
FALSE,1324,22.4549599496329,380,600,300,300,-5.05399737928322,2.16328772872582e-07,-0.535062765374984,0.115178513968347
FALSE,1325,21.1631225295279,380,600,300,300,-4.69245491861621,1.34973016214238e-06,-0.488589823443041,0.000310587485325052
FALSE,1326,21.0263271111655,380,600,300,300,-3.5132197566273,0.000221355577150406,-0.357878748547216,0.00740357246744997
FALSE,1327,21.4035683522308,380,600,300,300,-5.16445847129074,1.20568001895425e-07,-0.555979811085163,0.000757049281310939
FALSE,1328,22.3125189253339,380,600,300,300,-3.66671377995963,0.00012284376478754,-0.378539493350917,0.00790327568008867
FALSE,1329,21.4584799753853,380,600,300,300,-1.97235075609416,0.0242847896057923,-0.204401964776425,0.401797790926727
FALSE,1330,20.0032742920239,380,600,300,300,-3.99606428945118,3.22021253425877e-05,-0.391580738247649,0.0125373956508513
FALSE,1331,22.3996285705677,380,600,300,300,-2.67744919902038,0.00370925507454765,-0.270067677101621,0.350407971775165
FALSE,1332,20.9241853066152,380,600,300,300,-3.28570574560074,0.000508636094864069,-0.338957172682753,0.279082393750346
FALSE,1333,21.7518090071445,380,600,300,300,-2.66075798687,0.00389824868380216,-0.274980599433264,0.284643132976987
FALSE,1334,20.8292661644798,380,600,300,300,-3.09434973321636,0.000986224117969097,-0.316625153111375,0.0550562745696886
FALSE,1335,21.548263906515,380,600,300,300,-4.44748400008707,4.34409640988729e-06,-0.455848871079436,0.0140596001086935
FALSE,1336,20.985824813481,380,600,300,300,-3.21544706087236,0.000651207574089829,-0.321695579629862,0.00414119782607272
FALSE,1337,22.281972694894,380,600,300,300,-3.45204956685929,0.000278172757307276,-0.36627758485405,0.00147865685416089
FALSE,1338,21.7744714788068,380,600,300,300,-3.42606068473714,0.000306201770965209,-0.347781330077517,0.455224688982313
FALSE,1339,21.3773695993703,380,600,300,300,-4.89985048488529,4.79548071697181e-07,-0.51577520003089,0.0054448029707515
FALSE,1340,21.7409474263576,380,600,300,300,-2.58518176279965,0.00486638369503812,-0.27533010510168,0.00115405844408214
FALSE,1341,21.6877382815909,380,600,300,300,-3.8913491995188,4.98441696395815e-05,-0.40134658689391,0.00969788528847574
FALSE,1342,20.7610448438229,380,600,300,300,-3.87758090579045,5.27501245413102e-05,-0.382099045362645,0.0183173015648913
FALSE,1343,21.2195456561561,380,600,300,300,-3.73573981230755,9.35820573048019e-05,-0.384180093948181,0.0209092263138437
FALSE,1344,20.810978814857,380,600,300,300,-3.75187703913671,8.77577735338034e-05,-0.368602619585168,0.146759446350707
FALSE,1345,20.7627544709783,380,600,300,300,-3.24219625173557,0.000593061561874786,-0.340205866651457,0.0489448842075008
FALSE,1346,21.4688057179983,380,600,300,300,-2.74299492719842,0.00304408129989401,-0.276672056101032,0.025385680408024
FALSE,1347,20.8348607812402,380,600,300,300,-3.85647612798416,5.75166630904099e-05,-0.408018728038451,0.00185629212829708
FALSE,1348,21.228660306525,380,600,300,300,-4.09044828283728,2.15270105680602e-05,-0.425052759867142,0.0174351148578049
FALSE,1349,22.7403339664824,380,600,300,300,-4.46588001530495,3.98701464495937e-06,-0.462328063514504,0.00440587255402912
FALSE,1350,21.3097968507115,380,600,300,300,-2.31649801483768,0.0102655463510369,-0.230000774055506,0.379982891957258
FALSE,1351,21.8915964545061,380,600,300,300,-2.37655031999962,0.00873768882247511,-0.243428752442082,0.0300114443264787
FALSE,1352,22.1826634524018,380,600,300,300,-5.17676629123355,1.12882366277408e-07,-0.530991352674501,0.00661665590259882
FALSE,1353,21.9503813111586,380,600,300,300,-4.05880554322618,2.46621825839804e-05,-0.410445272337207,0.0199478166515383
FALSE,1354,21.9801267461078,380,600,300,300,-2.77414667631355,0.00276733590269953,-0.275249343914229,0.345221569290787
FALSE,1355,21.0960756797696,380,600,300,300,-3.20411263422401,0.00067739731868715,-0.320787911020545,0.235089900984926
FALSE,1356,21.9557491754559,380,600,300,300,-5.07444683892471,1.94312428694052e-07,-0.515038384433757,5.92529746708991e-05
FALSE,1357,22.7307314145192,380,600,300,300,-4.6690909715269,1.51267699691896e-06,-0.479598922974054,0.296646390083549
FALSE,1358,22.1164653187966,380,600,300,300,-2.38828163926191,0.00846368207441993,-0.246929061686341,0.0658524337835579
FALSE,1359,22.2528528662714,380,600,300,300,-4.2123484429451,1.26364641290758e-05,-0.430037348124387,0.00140904938915098
FALSE,1360,22.1238492189975,380,600,300,300,-2.53289795042905,0.0056561940666512,-0.255985529946924,0.326543273554026
FALSE,1361,21.2317128916242,380,600,300,300,-3.40280228352503,0.000333492640385271,-0.329642436789468,0.0749319560534226
FALSE,1362,22.2088044223971,380,600,300,300,-2.55498552330678,0.00530961072216053,-0.255987520730691,0.0981473717160458
FALSE,1363,21.3782160730856,380,600,300,300,-4.83192572439851,6.76093525976742e-07,-0.486802161422101,0.0117474218174855
FALSE,1364,20.4684731910094,380,600,300,300,-3.56530608187118,0.000181715898064767,-0.361042272242167,0.0162277202706591
FALSE,1365,22.8675349363312,380,600,300,300,-3.40179382480689,0.000334725608437048,-0.358163256967295,0.0163925437087982
FALSE,1366,20.6315635878034,380,600,300,300,-2.15613601535344,0.0155365229879251,-0.217354585304881,0.444911236376276
FALSE,1367,22.1149738370252,380,600,300,300,-4.38092601620217,5.90879976857187e-06,-0.443020376246713,0.0627038304809864
FALSE,1368,22.3684779222216,380,600,300,300,-3.00338608149597,0.00133496742310945,-0.313533155458454,0.060300404694579
FALSE,1369,21.8676596827958,380,600,300,300,-3.15199040178415,0.000810808018436082,-0.325974744104898,0.316084160803853
FALSE,1370,22.1320260140765,380,600,300,300,-2.55502301750414,0.00530903881337136,-0.265336490888423,0.470709427801921
FALSE,1371,21.032123560942,380,600,300,300,-3.77566927308916,7.97893052313474e-05,-0.384109300014199,0.0455880335313039
FALSE,1372,21.214960827634,380,600,300,300,-3.94349164515734,4.01518951528323e-05,-0.398858033853163,0.00203208579030095
FALSE,1373,22.5729994896836,380,600,300,300,-3.43662404047402,0.000294506288667491,-0.357172825316767,0.000844160764378287
FALSE,1374,21.8697676599026,380,600,300,300,-4.44933428615361,4.30684301754466e-06,-0.453193506078157,0.0118316753532378
FALSE,1375,21.2594817404761,380,600,300,300,-1.52087977098864,0.0641450056191782,-0.150797429389236,0.469086249731308
FALSE,1376,21.8112174285731,380,600,300,300,-3.27479575810919,0.000528691953366127,-0.342225974579107,0.0184770615788017
FALSE,1377,22.080940646257,380,600,300,300,-3.34810028033609,0.000406837816496852,-0.349587290030562,0.0888037995531097
FALSE,1378,21.1426105099536,380,600,300,300,-3.13411274853526,0.000861873046956414,-0.318243420010062,0.0262636699400726
FALSE,1379,21.41319710298,380,600,300,300,-4.80205085250129,7.85243973489511e-07,-0.515679861627996,0.0116501097333957
FALSE,1380,21.5296598372491,380,600,300,300,-2.07309682478436,0.0190816347300407,-0.217139680859761,0.0777274356308652
FALSE,1381,20.6373458093494,380,600,300,300,-3.78232427202597,7.76853873963956e-05,-0.384997055620094,0.0778287992924832
FALSE,1382,21.3539747203421,380,600,300,300,-2.46252988555072,0.00689803374042602,-0.246236422925857,0.0210769062132728
FALSE,1383,21.9939044061175,380,600,300,300,-2.00532883717904,0.02246395195195,-0.207871962508862,0.139908126365369
FALSE,1384,21.6000271749108,380,600,300,300,-4.58467923020331,2.27341960373857e-06,-0.466775263821706,0.000607733684369532
FALSE,1385,21.2112633201666,380,600,300,300,-3.19926294352431,0.000688897219292175,-0.31505913662191,0.00642880123440267
FALSE,1386,20.9118097563833,380,600,300,300,-2.43768099265968,0.00739090614351446,-0.249529891563139,0.319123064428544
FALSE,1387,21.6480222133353,380,600,300,300,-3.22322110567185,0.000633788340905527,-0.330445346186673,0.0274940888094302
FALSE,1388,22.1856549237779,380,600,300,300,-5.20417280980966,9.74313073982299e-08,-0.552494883888741,0.0429464489755437
FALSE,1389,21.246031420911,380,600,300,300,-5.14018409156611,1.37234711757552e-07,-0.525807895103474,0.0124533641374492
FALSE,1390,20.6763088062861,380,600,300,300,-5.10596197678759,1.64557934941462e-07,-0.505461838354026,0.0627378697722323
FALSE,1391,21.629150061258,380,600,300,300,-3.71756882585978,0.000100574598300474,-0.400495023793756,0.00156160962171672
FALSE,1392,22.0123762407896,380,600,300,300,-3.75472581147088,8.6765668683963e-05,-0.39277368284086,0.0020762500037936
FALSE,1393,21.1510090212508,380,600,300,300,-4.30460527161228,8.36418664061937e-06,-0.444382744813749,2.61738454697185e-05
FALSE,1394,20.5389911427663,380,600,300,300,-5.56285235499854,1.32700213773705e-08,-0.572108542590751,0.0114071482941182
FALSE,1395,22.8619272714487,380,600,300,300,-4.62566138370777,1.8670246177384e-06,-0.483556976554871,0.0106171422595559
FALSE,1396,21.4520534344643,380,600,300,300,-3.37596425092262,0.000367787381303289,-0.343232880944671,0.0223008361760951
FALSE,1397,21.2002775437822,380,600,300,300,-3.00642480088794,0.00132169713374767,-0.316243997784726,0.00848527405380785
FALSE,1398,21.9702627260444,380,600,300,300,-5.00588519548036,2.78029466130839e-07,-0.503873674486517,0.0294086978690822
FALSE,1399,22.9469681284465,380,600,300,300,-3.96189757882468,3.71782191275319e-05,-0.410349237271921,0.00919416839534914
FALSE,1400,21.0822015578613,380,600,300,300,-2.54455037103515,0.00547092645959209,-0.269434428721088,0.137131645148851
FALSE,1401,21.2697129484251,380,600,300,300,-2.72072762840598,0.00325692038758796,-0.273730172932839,0.212892988559968
FALSE,1402,21.7496120363023,380,600,300,300,-3.11649871491399,0.000915062390786153,-0.318133277577082,0.000286140027504075
FALSE,1403,21.0701847848576,380,600,300,300,-4.68927823801641,1.37085190640662e-06,-0.496297326066773,0.0301235929172388
FALSE,1404,21.8038539633351,380,600,300,300,-2.66598522730144,0.00383815330052669,-0.26703034721075,0.0931806281611607
FALSE,1405,21.3728051105887,380,600,300,300,-3.26682342524541,0.000543807471270779,-0.342789055587281,0.225885913052836
FALSE,1406,20.4033688972145,380,600,300,300,-0.913878286989612,0.180390402027715,-0.0916901199350472,0.00270114854790025
FALSE,1407,22.110475836239,380,600,300,300,-2.79622941581593,0.00258513424256077,-0.288647592534634,0.114011988631065
FALSE,1408,20.5599363174564,380,600,300,300,-3.96134708655237,3.7264052174606e-05,-0.427207410052479,0.0515402889540844
FALSE,1409,21.8645903866603,380,600,300,300,-4.47808558674,3.76577037433602e-06,-0.454525286325841,0.000113309364816748
FALSE,1410,20.6493419637331,380,600,300,300,-3.11314354276356,0.00092552982125037,-0.308227696691157,0.0138657907878721
FALSE,1411,22.397578804503,380,600,300,300,-3.11643151894321,0.000915270956178004,-0.32402103439955,0.0828774542708378
FALSE,1412,22.1695721119345,380,600,300,300,-3.82603413994175,6.51121187996454e-05,-0.401078302090088,0.0383459609977714
FALSE,1413,21.5933682148531,380,600,300,300,-4.57030527124637,2.43507134933112e-06,-0.465325092492288,0.0716575104730692
FALSE,1414,22.6783478007911,380,600,300,300,-2.53857840833141,0.00556519294473696,-0.270131347293284,0.0465310934557213
FALSE,1415,22.6555923974795,380,600,300,300,-3.24188026684365,0.000593719496221986,-0.332242951009291,0.00137449832962337
FALSE,1416,21.676445206264,380,600,300,300,-3.73606967714724,9.3459447417444e-05,-0.37286510169539,0.485358512657562
FALSE,1417,21.6766614086136,380,600,300,300,-3.30424075884679,0.000476170041895314,-0.345909371984351,0.101233623461308
FALSE,1418,21.9575258057518,380,600,300,300,-3.85801710697247,5.71553244484352e-05,-0.390119877521415,0.70235409850926
FALSE,1419,22.2080560161762,380,600,300,300,-2.95888557530594,0.00154376860818344,-0.299217190750066,0.0115262437748722
FALSE,1420,20.5437964139987,380,600,300,300,-2.12608346511654,0.0167481552223445,-0.231502342922676,0.0201611697917709
FALSE,1421,21.0838166933941,380,600,300,300,-3.43354703368049,0.000297869418327724,-0.376801405729013,0.0402638899346545
FALSE,1422,21.7311523842496,380,600,300,300,-5.25277146999225,7.49136971726672e-08,-0.545506341631788,0.00241484311517095
FALSE,1423,21.3031083559255,380,600,300,300,-2.49942438212558,0.0062197621914691,-0.254373509124276,0.0901006684793005
FALSE,1424,22.0695631422289,380,600,300,300,-3.86023122019153,5.66398915235701e-05,-0.40891331639427,0.022387714618315
FALSE,1425,21.7337546638223,380,600,300,300,-2.43255242988623,0.00749641035891146,-0.24596623934533,0.0159512113614129
FALSE,1426,21.1448882560453,380,600,300,300,-3.67208448343808,0.000120290058796714,-0.387217637487718,0.00138340465210363
FALSE,1427,20.8596232205785,380,600,300,300,-3.72707517212155,9.68573480184866e-05,-0.376045341877105,0.00224419722629618
FALSE,1428,20.8599405725482,380,600,300,300,-3.99189907037891,3.2773135430145e-05,-0.39502634248956,0.215001184084591
FALSE,1429,22.8880600963533,380,600,300,300,-2.39104349112564,0.00840028130007566,-0.253117144417194,0.00677650548062389
FALSE,1430,21.5093720361464,380,600,300,300,-2.36052589897498,0.00912452200703498,-0.240776522269935,0.02842057963433
FALSE,1431,21.7088717354981,380,600,300,300,-4.15410475196297,1.63281778921126e-05,-0.435779604572392,0.519785198256716
FALSE,1432,22.4027183700483,380,600,300,300,-2.18017381768178,0.0146222898072736,-0.218367984570064,0.447219194948198
FALSE,1433,20.8819893894194,380,600,300,300,-1.38318423821419,0.0833041906950769,-0.148517942993868,0.591319516657967
FALSE,1434,20.8580534127145,380,600,300,300,-4.42403109050846,4.84380347626019e-06,-0.454455446258261,0.0163739771468068
FALSE,1435,21.5691440019975,380,600,300,300,-3.27434140336363,0.000529542854040365,-0.325544671341689,0.000259112177283559
FALSE,1436,21.4633237142312,380,600,300,300,-3.23897853683464,0.000599793001041217,-0.330201471599604,0.368679780980452
FALSE,1437,20.991155027082,380,600,300,300,-1.95005781575694,0.0255846142028173,-0.202918020040554,0.107807989423683
FALSE,1438,21.4258736167713,380,600,300,300,-1.64583413573766,0.0498989561179967,-0.170285815420163,0.177556489667129
FALSE,1439,21.2852000392063,380,600,300,300,-2.17666705059456,0.0147527092092104,-0.22015563586282,0.104173828388871
FALSE,1440,21.7295516534959,380,600,300,300,-2.69917404788689,0.00347559059965375,-0.272516981440984,0.0802994916938677
FALSE,1441,22.0032911652784,380,600,300,300,-3.8696999293219,5.44846949168034e-05,-0.412063952217833,0.000902951004625045
FALSE,1442,21.1110368855204,380,600,300,300,-4.12633551979046,1.84294702560495e-05,-0.433927884088576,0.139321808847463
FALSE,1443,21.6041257535078,380,600,300,300,-3.48983746070862,0.000241657205605568,-0.365023963881533,0.0394874655367263
FALSE,1444,21.8665060330657,380,600,300,300,-4.22514080892201,1.19395710251911e-05,-0.446465992400997,0.0423604183889426
FALSE,1445,22.4689633174986,380,600,300,300,-4.15911329031233,1.59742709911708e-05,-0.441751879801365,2.27943018271006e-05
FALSE,1446,22.3643793843873,380,600,300,300,-3.47832815128725,0.000252275919931405,-0.357441369087038,0.416973879491763
FALSE,1447,22.4161455321077,380,600,300,300,-3.80234626016517,7.16661056360162e-05,-0.410571388212832,0.147678130750909
FALSE,1448,20.9231158876242,380,600,300,300,-2.88541944038004,0.00195446244238954,-0.289745582821647,0.00199874996922996
FALSE,1449,21.2783810540957,380,600,300,300,-2.60480838616523,0.00459628267559623,-0.275355746333411,0.272837788934046
FALSE,1450,20.4647516442583,380,600,300,300,-2.55150651617146,0.00536291592057177,-0.267635769503267,0.0152930146353763
FALSE,1451,21.8422541336645,380,600,300,300,-3.05625887472919,0.00112058831312441,-0.316742935152812,0.129546563432573
FALSE,1452,22.3913360898285,380,600,300,300,-3.77152100806654,8.1127747265402e-05,-0.392069955058344,0.306335490546377
FALSE,1453,21.6799902479937,380,600,300,300,-2.13498917136209,0.0163809473261655,-0.221902099511951,0.199160657645139
FALSE,1454,20.4843698896849,380,600,300,300,-2.51930049903431,0.00587941274950664,-0.259333356305744,0.306371988242892
FALSE,1455,21.1915134514881,380,600,300,300,-1.95951823484289,0.0250260632547707,-0.202907237255493,0.0876342902313432
FALSE,1456,21.5257707980981,380,600,300,300,-3.16702288623515,0.000770040987394537,-0.319531798007281,0.0615029033012176
FALSE,1457,21.3824131528661,380,600,300,300,-5.79908599248724,3.3338668149195e-09,-0.598298186251806,0.000167905097104582
FALSE,1458,22.4670169137748,380,600,300,300,-1.39570405961208,0.0814018156619313,-0.144454392847125,0.0458679812490801
FALSE,1459,22.3451251551982,380,600,300,300,-2.0062509552312,0.0224147399136421,-0.203603860809851,0.620663702300911
FALSE,1460,20.1248959106242,380,600,300,300,-4.84742718253864,6.25364587909123e-07,-0.485119511422718,0.0191884096269205
FALSE,1461,21.3502522470774,380,600,300,300,-6.02909174619555,8.2441835257243e-10,-0.602879098650852,8.20850724324332e-05
FALSE,1462,21.9422164220642,380,600,300,300,-5.80945349142756,3.13385510940094e-09,-0.606065743347133,0.00266619154273197
FALSE,1463,22.2663813550706,380,600,300,300,-2.40481780774392,0.00809026516631262,-0.248363236261648,0.00909046563269177
FALSE,1464,21.62425321877,380,600,300,300,-4.93574815131126,3.99220435246704e-07,-0.485157670541261,0.00145311358237272
FALSE,1465,20.527102960148,380,600,300,300,-2.94080083698926,0.00163682471585003,-0.300889047416892,0.803319095880865
FALSE,1466,21.8979508326834,380,600,300,300,-4.34771497048013,6.87816075995278e-06,-0.427101462516402,0.381751313325833
FALSE,1467,21.5845196861455,380,600,300,300,-2.37422314480982,0.00879295946529479,-0.239123778918746,0.10137424870739
FALSE,1468,23.2990578194006,380,600,300,300,-3.2917478689729,0.000497834161080696,-0.347416203158934,0.0380143591416008
FALSE,1469,22.3578463317858,380,600,300,300,-3.16107185013536,0.000785948595747732,-0.321884970004959,0.00941271381536676
FALSE,1470,21.1834053722941,380,600,300,300,-2.99477550981649,0.00137323447823212,-0.310809611722735,0.0167931118376489
FALSE,1471,22.3669362713584,380,600,300,300,-3.56357993255748,0.000182915613415069,-0.365587555493938,0.185148174456491
FALSE,1472,20.7166600033804,380,600,300,300,-2.84472447838402,0.002222492654776,-0.294414998974181,0.164728723002278
FALSE,1473,22.3821043074076,380,600,300,300,-4.32297547987139,7.69694241188027e-06,-0.438185846975025,0.00272162775121406
FALSE,1474,21.5316828983179,380,600,300,300,-4.84380826496499,6.36869265478054e-07,-0.491348472129425,0.000258174216182374
FALSE,1475,21.4922219621562,380,600,300,300,-3.04476213946016,0.00116432198876329,-0.312000590454546,0.0458219040019635
FALSE,1476,21.6777405077807,380,600,300,300,-3.66495869180682,0.000123689253697923,-0.379695143068624,0.199744546954785
FALSE,1477,21.8706624004911,380,600,300,300,-4.13028788574058,1.81154623752941e-05,-0.432535498529002,0.0580596143000679
FALSE,1478,21.8439077392872,380,600,300,300,-4.20810801510067,1.28758885643614e-05,-0.440274218613905,0.000790151978594904
FALSE,1479,21.6859159164688,380,600,300,300,-3.79578602367286,7.35882005861495e-05,-0.394871100004246,0.000297839531631356
FALSE,1480,21.1245192263515,380,600,300,300,-3.46822712702162,0.000261952144793113,-0.356220647914247,0.0597371108145834
FALSE,1481,21.5700481065288,380,600,300,300,-3.93221644516602,4.20831152341408e-05,-0.397087654781718,0.00142761956875498
FALSE,1482,21.5356798695925,380,600,300,300,-3.20308243201946,0.000679825284217476,-0.323003192855766,0.0784705255811232
FALSE,1483,22.3870272625904,380,600,300,300,-5.06734884434085,2.01697301817348e-07,-0.518191627942467,0.00867521074873614
FALSE,1484,21.4540494929635,380,600,300,300,-3.77255453596896,8.07923162780005e-05,-0.383443823433718,0.018596687109476
FALSE,1485,22.341647829484,380,600,300,300,-4.33619828894729,7.24840894388913e-06,-0.442542164386042,0.000714994629447918
FALSE,1486,22.005609854255,380,600,300,300,-3.95006268807217,3.90653636352436e-05,-0.406755212949539,0.0278288654476049
FALSE,1487,21.887543169526,380,600,300,300,-1.43996333098921,0.0749388868682707,-0.156032466443449,0.389196191898984
FALSE,1488,21.2235546314412,380,600,300,300,-3.94730022854359,3.95187095538898e-05,-0.407562168817586,0.071237884352548
FALSE,1489,22.3564391193802,380,600,300,300,-4.92219804489939,4.2788772453315e-07,-0.511611836487571,0.0136144387781462
FALSE,1490,22.7016150241066,380,600,300,300,-2.93423882703284,0.00167183409507804,-0.317463841008699,0.0905090003141748
FALSE,1491,22.7967101868576,380,600,300,300,-4.21544309467897,1.24644123778877e-05,-0.444973778197087,0.00788987927211596
FALSE,1492,21.2661492594292,380,600,300,300,-2.98787188513395,0.00140463644062599,-0.298543175190421,0.296017557222863
FALSE,1493,21.8948000433335,380,600,300,300,-2.81691475355767,0.00242436966591927,-0.292648402297387,0.00919467825251909
FALSE,1494,22.2713190105675,380,600,300,300,-3.73281575228071,9.46755524817406e-05,-0.370995430611189,0.00269947298578927
FALSE,1495,21.7857186358452,380,600,300,300,-3.20088873219292,0.000685022132300531,-0.349371935076838,0.226779424955287
FALSE,1496,21.25478013908,380,600,300,300,-4.95067107554924,3.69790057552227e-07,-0.505576664021524,5.64682347178998e-05
FALSE,1497,20.9301561852479,380,600,300,300,-3.06721427266831,0.00108031957264562,-0.319715509011839,0.0362725036979314
FALSE,1498,21.032942779821,380,600,300,300,-3.05518051327803,0.0011246255012446,-0.310488415774926,0.117403570248751
FALSE,1499,21.2546244741741,380,600,300,300,-3.56736843779329,0.000180292158255621,-0.377943401037561,0.00645761221830965
FALSE,1500,21.6254843511359,380,600,300,300,-4.30764877045506,8.24995576518375e-06,-0.448355123116874,0.0199894191707615
FALSE,1501,21.1433885027779,380,600,300,300,-2.73894324613159,0.00308185062646506,-0.29208318429325,0.000359075661561888
FALSE,1502,21.4222872141439,380,600,300,300,-2.30809679023672,0.0104968768387791,-0.246469262186853,0.289642305709458
FALSE,1503,21.826115728271,380,600,300,300,-3.41371001424745,0.000320423729897964,-0.34616638610662,0.089738524032814
FALSE,1504,21.3039333619138,380,600,300,300,-2.70876152468492,0.0033767431479046,-0.286225414636996,0.296432710358555
FALSE,1505,21.6994988907315,380,600,300,300,-2.31150756082206,0.010402418011823,-0.247121574024197,0.361309642997671
FALSE,1506,21.9184405287342,380,600,300,300,-3.99601386475659,3.22089814073106e-05,-0.402803613051096,0.00954026080835002
FALSE,1507,22.1448303093873,380,600,300,300,-3.75468174299039,8.678093519057e-05,-0.382061681629248,0.0118723393570298
FALSE,1508,20.7348218121282,380,600,300,300,-3.18195638355139,0.000731419233056862,-0.327294415538698,0.0752015368737581
FALSE,1509,21.1593418990541,380,600,300,300,-3.85680336168331,5.74397515189817e-05,-0.395672302113921,0.166917997804945
FALSE,1510,21.6228913883585,380,600,300,300,-2.80994780165767,0.00247747677322044,-0.285306285544423,0.0123682713373883
FALSE,1511,21.7047559421784,380,600,300,300,-2.09191721375875,0.0182229609773968,-0.215219322745102,0.0107251676801477
FALSE,1512,22.3167254388908,380,600,300,300,-3.31198162316054,0.000463188154669298,-0.342139413254285,0.0137104553666261
FALSE,1513,21.0665079718549,380,600,300,300,-3.19994594939535,0.000687266810469305,-0.313203108781572,0.0457960789921317
FALSE,1514,21.7934010660476,380,600,300,300,-3.14935396716189,0.000818159333420052,-0.321859433513735,0.010325009231159
FALSE,1515,22.8236284467138,380,600,300,300,-5.10724597615755,1.63444052758297e-07,-0.499285589058104,0.176304185079821
FALSE,1516,21.193552127768,380,600,300,300,-1.5923850939193,0.055649101716333,-0.159958866636473,0.299047180950464
FALSE,1517,22.706553723517,380,600,300,300,-3.09245723329142,0.000992534171349216,-0.316772763275413,0.0516366631056721
FALSE,1518,21.7251706712144,380,600,300,300,-4.19314175254801,1.37558703099974e-05,-0.435365572592625,0.17414838759473
FALSE,1519,22.1643882049118,380,600,300,300,-3.71620248250086,0.000101119765005626,-0.386720189163011,0.012824562419895
FALSE,1520,21.7152259310991,380,600,300,300,-3.0971356222346,0.000977002272311984,-0.305261731794095,0.357020629901605
FALSE,1521,22.0959309244519,380,600,300,300,-3.96026488645114,3.74333360107456e-05,-0.399125618216345,0.0123697041878065
FALSE,1522,21.5230286136169,380,600,300,300,-3.97341291569842,3.54250345296805e-05,-0.412170031959684,0.0503252766882105
FALSE,1523,21.4302293136902,380,600,300,300,-3.08894985431415,0.0010043266975747,-0.321093799048827,0.00441179308089494
FALSE,1524,21.7168642862533,380,600,300,300,-3.65682428599344,0.000127679649357813,-0.381623476833657,0.137782276664849
FALSE,1525,21.3975321793937,380,600,300,300,-2.24621734629704,0.0123450448450469,-0.232893657613966,0.523513302321449
FALSE,1526,22.0766499271965,380,600,300,300,-2.40901500117034,0.00799782024284653,-0.248545124352162,0.000480072809504801
FALSE,1527,20.7506995841015,380,600,300,300,-5.25561843704256,7.37639375000376e-08,-0.542181592410462,0.0113209703314262
FALSE,1528,22.2965476356917,380,600,300,300,-2.96188594986849,0.00152880509383419,-0.318270177199233,0.677622362767194
FALSE,1529,22.798339926438,380,600,300,300,-3.06933436926588,0.00107268164496933,-0.327641667947817,0.249460854073799
FALSE,1530,22.0400591388996,380,600,300,300,-2.62209638756823,0.00436953556231462,-0.271911438363006,0.00146879795962223
FALSE,1531,22.4275509201083,380,600,300,300,-4.46186819938061,4.06240977476514e-06,-0.465000620089094,0.0623900702984716
FALSE,1532,21.2131977390831,380,600,300,300,-3.46327606915085,0.000266820286028493,-0.353145582591891,0.232019363128598
FALSE,1533,20.8429812249541,380,600,300,300,-1.21697300211325,0.111807244018929,-0.122844019928102,0.037204788792262
FALSE,1534,21.5393553607323,380,600,300,300,-3.66853497203514,0.000121972164670776,-0.379969386090259,0.002995372577458
FALSE,1535,21.5865676847708,380,600,300,300,-2.02701839750201,0.0213302656148763,-0.205733758639047,0.171213224101714
FALSE,1536,21.4407499581771,380,600,300,300,-3.5635762844464,0.000182918156764283,-0.371326563677598,0.0945381490209573
FALSE,1537,22.5439939428119,380,600,300,300,-5.32477540162039,5.0538926406026e-08,-0.543993770903647,0.0682822717798955
FALSE,1538,22.520588173302,380,600,300,300,-4.94577758160191,3.79202570898266e-07,-0.504755906173949,0.00603287149394367
FALSE,1539,21.78610909857,380,600,300,300,-4.79359019465182,8.19113772762871e-07,-0.493882983654654,0.000328254721544196
FALSE,1540,22.2976951518576,380,600,300,300,-2.69356453169647,0.00353462295968984,-0.265884344876867,0.0957536724231316
FALSE,1541,20.8369148438312,380,600,300,300,-4.40964227362509,5.177075766472e-06,-0.439838699982019,0.00790227226780051
FALSE,1542,21.84110832202,380,600,300,300,-3.59459434036453,0.000162448702039304,-0.369458912890424,0.0123619037050132
FALSE,1543,21.2634641992968,380,600,300,300,-3.35295142976373,0.000399773680659462,-0.333091903614611,0.0107127787675871
FALSE,1544,21.4326599096938,380,600,300,300,-3.47105534283756,0.00025920857111071,-0.330422215567234,0.249260776127129
FALSE,1545,21.8172518591843,380,600,300,300,-3.90482892585108,4.71460317995866e-05,-0.418555889618123,0.0852855670198462
FALSE,1546,21.7774732258798,380,600,300,300,-3.23925325991906,0.00059921553796755,-0.326072626616685,0.000238636410086785
FALSE,1547,21.505195947049,380,600,300,300,-4.26305041748953,1.00827498267273e-05,-0.445613689157376,0.0198279793389377
FALSE,1548,22.4111219407229,380,600,300,300,-3.54644195301578,0.000195235377274635,-0.363051739008442,0.0305292071282396
FALSE,1549,22.3024571423136,380,600,300,300,-4.59250762744599,2.18975749247445e-06,-0.46483079707903,0.00518192804797318
FALSE,1550,20.5913856121584,380,600,300,300,-3.38338337193553,0.000357993050771764,-0.335926468183353,5.1228208559792e-05
FALSE,1551,22.0545735620629,380,600,300,300,-3.37516207591851,0.000368861150641412,-0.350669321116961,0.0179323566423185
FALSE,1552,21.7677852964979,380,600,300,300,-2.43309015769402,0.00748528636597976,-0.254815558325391,0.0244433167501871
FALSE,1553,21.4499270985854,380,600,300,300,-2.34082965841034,0.00962047178676891,-0.240486544727679,0.155202830765008
FALSE,1554,22.0305750337243,380,600,300,300,-3.46397017226256,0.000266132763271001,-0.372827589793403,0.0494424044154665
FALSE,1555,20.7227480007035,380,600,300,300,-3.22487099706819,0.000630147222801237,-0.332603724048673,0.0477560905895314
FALSE,1556,22.0070221090827,380,600,300,300,-4.36597941347209,6.32771997272546e-06,-0.451120958142655,0.275214783137935
FALSE,1557,21.7221952084545,380,600,300,300,-3.38408198947434,0.000357083367060763,-0.339842071378949,0.113492851547034
FALSE,1558,21.2305558657803,380,600,300,300,-2.5524949776468,0.005347722576315,-0.261534893446838,0.000855256660153227
FALSE,1559,21.4581461359404,380,600,300,300,-2.85242903147619,0.00216932495619742,-0.298378058170863,0.0118392041401117
FALSE,1560,21.089909642275,380,600,300,300,-3.44725099220318,0.000283161094394902,-0.350458092422317,0.0854419882752104
FALSE,1561,22.3946238473571,380,600,300,300,-3.95211054416654,3.87324692453816e-05,-0.404019650380262,0.0452489366208149
FALSE,1562,22.1489551260504,380,600,300,300,-4.27612002059231,9.50893609440386e-06,-0.448152029234708,0.22544829696105
FALSE,1563,20.8562380090356,380,600,300,300,-2.03894436626493,0.0207277901548296,-0.199138230909726,0.0942312535602174
FALSE,1564,21.7424103527381,380,600,300,300,-2.95143368611626,0.00158151228647842,-0.301345893388604,0.0135441017598973
FALSE,1565,20.8506480249198,380,600,300,300,-3.09909688887747,0.000970557647194633,-0.326745987472026,0.0311676329700102
FALSE,1566,21.6676274001269,380,600,300,300,-3.94191615613727,4.04166176820747e-05,-0.394943163981616,0.00250645816298136
FALSE,1567,21.2971940067597,380,600,300,300,-4.22060692665988,1.21822727390354e-05,-0.431375516821909,0.00219245748296716
FALSE,1568,22.2578772338875,380,600,300,300,-3.48413445287027,0.000246865696006203,-0.354920426788079,0.00773521499472864
FALSE,1569,21.948631778395,380,600,300,300,-4.27959713675155,9.36159548302413e-06,-0.438356361552907,0.034925716853762
FALSE,1570,21.6333627821874,380,600,300,300,-2.74558627740205,0.00302014413728355,-0.282785790147,0.0756716602289969
FALSE,1571,21.0434394190651,380,600,300,300,-1.75026795140092,0.0400360441550172,-0.173263835808355,0.0565642924594431
FALSE,1572,20.7641342688818,380,600,300,300,-2.0438065833387,0.0204863292746888,-0.206210835138533,0.0467561261722281
FALSE,1573,21.2070362960782,380,600,300,300,-3.45475777611121,0.000275393707010522,-0.335688860685722,0.531873675740259
FALSE,1574,21.9720575600402,380,600,300,300,-4.10408473926307,2.02959334904651e-05,-0.416881693271303,0.0151301179587798
FALSE,1575,20.6222815068159,380,600,300,300,-2.93202452250443,0.00168380077314953,-0.294229344108769,0.0272813117945597
FALSE,1576,21.3304240965843,380,600,300,300,-2.97502416484412,0.00146482734352218,-0.304694658873397,0.141038370398509
FALSE,1577,21.187400706728,380,600,300,300,-5.22198364823513,8.85083017420712e-08,-0.529251523602059,0.00554848163238019
FALSE,1578,21.0073487213293,380,600,300,300,-4.61297380666885,1.98474171196936e-06,-0.476385177924128,0.0305272299123124
FALSE,1579,20.763094778663,380,600,300,300,-4.58489945752401,2.27102473023819e-06,-0.470805540442422,0.000540766078300107
FALSE,1580,20.8750285527065,380,600,300,300,-2.80713558110934,0.00249920995488008,-0.282925093050512,0.114872928824491
FALSE,1581,21.851616741713,380,600,300,300,-4.22859184161545,1.17579259864205e-05,-0.440393615325772,0.0873246473728996
FALSE,1582,22.4634322152953,380,600,300,300,-2.95416628539456,0.00156757512803989,-0.296812839315495,0.0293445868084777
FALSE,1583,21.3157545327496,380,600,300,300,-1.61872694488619,0.0527530133638993,-0.16845844648628,0.28522979506477
FALSE,1584,21.0344923826493,380,600,300,300,-3.30730342772594,0.00047099398899125,-0.339347979281433,0.0027006560347411
FALSE,1585,20.8028807820662,380,600,300,300,-2.93126995691156,0.0016878964258241,-0.315972541111492,0.00116676024929141
FALSE,1586,21.0615197895969,380,600,300,300,-4.17612879594419,1.48255988098194e-05,-0.437708741247795,0.018146487224923
FALSE,1587,22.699881823219,380,600,300,300,-2.67748428279815,0.00370886663345775,-0.267827486513199,0.0300230374251738
FALSE,1588,21.3480037522084,380,600,300,300,-3.28864531175236,0.000503354010419346,-0.35541023978899,0.000354839417685967
FALSE,1589,21.9135772245487,380,600,300,300,-4.29510832448648,8.73040285047738e-06,-0.434088371872565,0.0217407298632458
FALSE,1590,22.5858551649867,380,600,300,300,-2.79933899137477,0.00256036735672809,-0.281055302841233,0.0678244368276783
FALSE,1591,20.3855895359775,380,600,300,300,-3.61215723238399,0.000151830172933872,-0.385144161273905,0.0188759770380608
FALSE,1592,21.637051634117,380,600,300,300,-4.69414696359463,1.3386076017319e-06,-0.467624736103562,0.0586044661205637
FALSE,1593,21.9424048595376,380,600,300,300,-2.7576421624465,0.00291099457638899,-0.284517558994991,0.0210861013258847
FALSE,1594,20.9212997358339,380,600,300,300,-4.34117042345902,7.08628702451598e-06,-0.436267877236481,0.0227689252224842
FALSE,1595,22.0001487744008,380,600,300,300,-4.28878947814185,8.98247742444883e-06,-0.4346466437136,0.000136663543448171
FALSE,1596,23.2221845749413,380,600,300,300,-3.04587686325081,0.00116001414111285,-0.316536474349233,0.165414302608527
FALSE,1597,21.7872942370679,380,600,300,300,-2.34242062315825,0.00957955445796129,-0.248906571512234,0.0351048740076941
FALSE,1598,19.9846785391431,380,600,300,300,-4.41732776871048,4.99643193982226e-06,-0.453493581143762,0.0189516040841024
FALSE,1599,20.5877498589272,380,600,300,300,-3.13479566465066,0.000859869273590777,-0.315399301261837,0.0360894233293502
FALSE,1600,21.0529724590363,380,600,300,300,-3.91111859065284,4.59348233231798e-05,-0.395013816737616,0.123549629065616
FALSE,1601,21.7494814547058,380,600,300,300,-3.93903546312448,4.09049192291349e-05,-0.41861618778016,0.00650943833874275
FALSE,1602,21.5152869251998,380,600,300,300,-1.78548614095433,0.0370912486732461,-0.180968476311755,0.0833057081819771
FALSE,1603,22.0445963845553,380,600,300,300,-2.96635372459122,0.00150676836670275,-0.300310735704189,0.175046971740049
FALSE,1604,21.8377597165375,380,600,300,300,-2.97005945832774,0.00148871057421154,-0.319151475057513,0.424144654692651
FALSE,1605,20.581090940767,380,600,300,300,-2.36856319326076,0.00892866474429203,-0.240825746517811,0.46430880190948
FALSE,1606,21.9836828555212,380,600,300,300,-5.57028571313105,1.27160967305266e-08,-0.583854215617047,0.000215284602841244
FALSE,1607,21.3365027441203,380,600,300,300,-2.82074598386237,0.00239560623990565,-0.293353829147434,0.25903892025111
FALSE,1608,22.3977399380844,380,600,300,300,-3.89314829775489,4.9475810151241e-05,-0.407631496181007,0.0326552932372928
FALSE,1609,21.6062848943045,380,600,300,300,-0.451625532488958,0.32576938654711,-0.0477865525082121,0.0285081556741761
FALSE,1610,21.502125030189,380,600,300,300,-3.72375627852067,9.81402093110568e-05,-0.375355479961144,0.289959743502714
FALSE,1611,21.5430585175303,380,600,300,300,-4.04258609777297,2.64324456747674e-05,-0.407130426007371,0.0277179102710842
FALSE,1612,21.9005719084436,380,600,300,300,-4.88289048395029,5.22709699142574e-07,-0.493867588111663,0.0126170589202571
FALSE,1613,21.5444608894579,380,600,300,300,-2.27384400343281,0.0114876837414908,-0.234126894681056,0.0118171714564207
FALSE,1614,21.1827534283559,380,600,300,300,-4.46892439196632,3.93069551336924e-06,-0.460812654953902,0.000327030446132212
FALSE,1615,20.6862131370212,380,600,300,300,-4.760577880509,9.65197117856256e-07,-0.485183110722648,0.0921811279198426
FALSE,1616,22.2346656043455,380,600,300,300,-3.60496787924665,0.000156095769205029,-0.359888961477009,0.0246579379774913
FALSE,1617,22.0076385565102,380,600,300,300,-3.98469076342932,3.37840292905081e-05,-0.405820377469736,0.00449012940082997
FALSE,1618,21.3852171992505,380,600,300,300,-4.05604395487249,2.49554354162898e-05,-0.406367380759073,0.0826351985206305
FALSE,1619,21.756301605409,380,600,300,300,-2.68240877829174,0.00365470416955097,-0.273794833942831,0.0324181326510909
FALSE,1620,21.2863452966354,380,600,300,300,-2.25108142278636,0.0121901904037272,-0.234295936529435,0.0506664371837005
FALSE,1621,22.5357906025746,380,600,300,300,-2.67508513361759,0.00373551379058267,-0.273949366381418,0.000342247328428824
FALSE,1622,22.0813969572796,380,600,300,300,-4.40409019191773,5.31143722592441e-06,-0.452979178636341,0.0101963528520821
FALSE,1623,21.7258020109546,380,600,300,300,-3.49341484247461,0.000238442527259594,-0.362085506521559,0.034797638438193
FALSE,1624,22.6599542618285,380,600,300,300,-3.36552274701167,0.000381993838212144,-0.358815755786263,0.137475110616963
FALSE,1625,22.2947254023743,380,600,300,300,-3.70896560377694,0.000104053846632309,-0.389379510139416,0.0687781518910521
FALSE,1626,21.8881293484969,380,600,300,300,-2.72016400061964,0.00326247730158129,-0.275339019599116,0.285457117205401
FALSE,1627,20.4347461379001,380,600,300,300,-2.49247783480777,0.0063427623986953,-0.256047546243241,0.00668863189427869
FALSE,1628,22.0261428707524,380,600,300,300,-2.39186476070144,0.0083815089210763,-0.260165284610904,0.200361136276047
FALSE,1629,21.9917148042467,380,600,300,300,-1.79630867696362,0.0362227193215861,-0.188995847184544,0.412595290678181
FALSE,1630,22.1684100405872,380,600,300,300,-4.46496873539527,4.0040222411777e-06,-0.46435808294868,1.08078461918357e-05
FALSE,1631,21.1502653796869,380,600,300,300,-2.90818129757348,0.00181768756876313,-0.300346092405314,0.00173464525978107
FALSE,1632,23.3660384792928,380,600,300,300,-4.0671204372652,2.37988232892179e-05,-0.423350715654882,0.0333888071706206
FALSE,1633,21.1816373473617,380,600,300,300,-3.17055589398915,0.000760737792188621,-0.323072689081356,0.0496190982234119
FALSE,1634,21.9055214293071,380,600,300,300,-3.36661216405726,0.000380488142691143,-0.346432140922677,0.00122870198947587
FALSE,1635,21.8579724125891,380,600,300,300,-5.3673645436478,3.9947734952261e-08,-0.539576375910774,4.2948488798809e-05
FALSE,1636,21.892592348622,380,600,300,300,-3.80558370937734,7.07350781088258e-05,-0.40637641661913,0.0260542978157171
FALSE,1637,21.4462205028188,380,600,300,300,-4.30875150434516,8.2089352975132e-06,-0.448819505499286,0.0348511100189204
FALSE,1638,21.5151270937347,380,600,300,300,-4.78976034030796,8.34903132573739e-07,-0.477115031694425,0.0285238897775865
FALSE,1639,22.3176728263811,380,600,300,300,-1.82696935934578,0.0338521882502993,-0.192521072326359,0.0640969596377431
FALSE,1640,22.0496657437474,380,600,300,300,-3.89044066024825,5.00311724539744e-05,-0.420653431605164,0.0470426572074432
FALSE,1641,22.3026551630554,380,600,300,300,-2.42609993610582,0.00763103346751225,-0.25109724273054,0.312287907538971
FALSE,1642,21.7509659920259,380,600,300,300,-3.92449294167346,4.34563037219543e-05,-0.41861761269988,0.000515043028469197
FALSE,1643,21.5096695976383,380,600,300,300,-3.76396047627624,8.36216642353783e-05,-0.363950731297612,0.0860822217878692
FALSE,1644,21.9071985472852,380,600,300,300,-4.57771423768468,2.35042128069473e-06,-0.452159836017054,0.0425044137719006
FALSE,1645,22.550910527464,380,600,300,300,-3.140300690007,0.000843872532699548,-0.327948396048407,0.145543111059654
FALSE,1646,21.4725058733245,380,600,300,300,-2.40822491203312,0.00801515099171465,-0.247170735154962,0.198597191410442
FALSE,1647,20.7602596514108,380,600,300,300,-2.88357161357842,0.00196596616641685,-0.288858092739127,0.148244096926292
FALSE,1648,21.7564084679447,380,600,300,300,-3.92709096437715,4.29897349148778e-05,-0.410985703565614,0.00974687472610939
FALSE,1649,21.5328706271475,380,600,300,300,-1.22346135770955,0.11057774539314,-0.127045334367966,0.9272671234669
FALSE,1650,20.832764427112,380,600,300,300,-4.05373840484894,2.52027901498454e-05,-0.42009185359898,0.0298422540374703
FALSE,1651,20.7311109018953,380,600,300,300,-2.93624907562603,0.00166103731559315,-0.299749019283121,0.452791725408016
FALSE,1652,20.4324761972596,380,600,300,300,-2.93537826511859,0.00166570650344799,-0.307212907775761,0.0021854569535568
FALSE,1653,21.3679239427153,380,600,300,300,-4.10293163367041,2.03973911944325e-05,-0.414171070639615,0.0112784469686322
FALSE,1654,21.5409234771054,380,600,300,300,-3.21377885794918,0.000655002620126981,-0.322738475908248,0.00328364575148821
FALSE,1655,22.0945700105013,380,600,300,300,-4.48525140868522,3.64140057652688e-06,-0.448263927954636,0.00265361770584042
FALSE,1656,21.7510715352068,380,600,300,300,-3.07590296383773,0.00104933066202796,-0.324667702589771,0.00567919375331824
FALSE,1657,21.8188730054024,380,600,300,300,-2.33485068653019,0.00977561112786681,-0.261816082265518,0.0401480491150205
FALSE,1658,21.1171836372247,380,600,300,300,-3.56997853675177,0.000178505239120606,-0.372550727810489,0.00072206483540232
FALSE,1659,21.7863259724803,380,600,300,300,-3.77403035408893,8.03156017767209e-05,-0.414534095800648,0.0974041606135138
FALSE,1660,21.7732297419291,380,600,300,300,-2.10934638431438,0.0174573468953736,-0.211539910980745,0.493171277289115
FALSE,1661,21.2685266499999,380,600,300,300,-2.50967817791474,0.00604206174536912,-0.257238581424661,0.179516649674799
FALSE,1662,21.3801264597941,380,600,300,300,-5.57429365750211,1.24268095981323e-08,-0.574443926434476,0.19708908935638
FALSE,1663,22.1591192187202,380,600,300,300,-4.45477514665894,4.19905819349582e-06,-0.455617329371947,0.00135523148916656
FALSE,1664,21.6937192028482,380,600,300,300,-3.89285511001023,4.95356635868402e-05,-0.389364340386354,0.0934935118519243
FALSE,1665,20.8694047773025,380,600,300,300,-3.14744565488956,0.000823518597340912,-0.31493017338379,0.0197809506537663
FALSE,1666,21.1665044428439,380,600,300,300,-4.74767130968573,1.02886041206154e-06,-0.496933427769867,0.00114192270911389
FALSE,1667,21.8967520940931,380,600,300,300,-3.60587471620197,0.000155551606408054,-0.380272817717955,0.0697515767547756
FALSE,1668,22.5750548177526,380,600,300,300,-1.94429804286515,0.0259297602683052,-0.2086802602283,0.329302978268082
FALSE,1669,21.704565389771,380,600,300,300,-2.86292847215103,0.00209872653902625,-0.294161239477293,0.50659440381522
FALSE,1670,21.6366788589048,380,600,300,300,-3.67196845585789,0.000120344698210087,-0.382356332329682,0.0376734761749189
FALSE,1671,20.0602858505924,380,600,300,300,-3.70915630016803,0.00010397551646712,-0.385594433330526,0.00138488796786008
FALSE,1672,21.4814850782389,380,600,300,300,-4.09186140979561,2.13962190885155e-05,-0.419571262686488,0.0115011689276601
FALSE,1673,21.4665579730468,380,600,300,300,-4.1443271289089,1.70406470125179e-05,-0.422643058326437,0.0303541034910775
FALSE,1674,21.5694180576193,380,600,300,300,-2.58825500607125,0.00482317695815522,-0.28377724044032,0.114409196838005
FALSE,1675,21.0905684231692,380,600,300,300,-3.41953025766814,0.000313646778735714,-0.349073751019202,0.28907244299221
FALSE,1676,21.9049560573815,380,600,300,300,-3.14740141425438,0.000823643224058243,-0.329275763852648,0.0272788846961148
FALSE,1677,22.0362185756117,380,600,300,300,-3.63608746269311,0.000138405189812531,-0.36854982841485,0.00787976829880285
FALSE,1678,21.6761657863172,380,600,300,300,-4.06399880001579,2.41195368680659e-05,-0.429806224793963,0.00285107838247789
FALSE,1679,22.9116603170801,380,600,300,300,-2.99866818934027,0.00135581221984158,-0.305978683577903,0.057753848390309
FALSE,1680,20.6127740999849,380,600,300,300,-2.87424192802377,0.00202499301447058,-0.29860772535199,0.0308328821461436
FALSE,1681,22.0371113283379,380,600,300,300,-2.27866110678155,0.0113436092131516,-0.232216296185554,0.0267673497026466
FALSE,1682,21.9718676028494,380,600,300,300,-3.59765818098265,0.000160547609760883,-0.381784482404294,0.00914158746145412
FALSE,1683,22.3099323214497,380,600,300,300,-4.00398684221104,3.11419151497884e-05,-0.398638162549469,0.308022384907529
FALSE,1684,21.6491040298087,380,600,300,300,-5.92666666729051,1.54572802446281e-09,-0.636352212543365,6.92622699928522e-05
FALSE,1685,21.6161745487555,380,600,300,300,-2.85002903817072,0.00218576189059872,-0.305847553760165,0.181281758635561
FALSE,1686,21.2032000250928,380,600,300,300,-3.9572029691743,3.791624677392e-05,-0.41442561098074,0.00589582083769767
FALSE,1687,21.1583390957359,380,600,300,300,-1.49485295531023,0.0674764111886612,-0.144475594728626,0.163418276505531
FALSE,1688,21.7174622238612,380,600,300,300,-2.47549358459314,0.00665260760554554,-0.266697927568193,0.264585401830355
FALSE,1689,22.1743087591909,380,600,300,300,-2.63125253421807,0.00425353982884206,-0.265971975351898,0.166289257473138
FALSE,1690,21.4183204222501,380,600,300,300,-4.52260376950169,3.05417615367624e-06,-0.465941652459258,0.0154578045519656
FALSE,1691,19.8947394405713,380,600,300,300,-3.33051969332387,0.00043342015835359,-0.351446306203979,0.02239503883938
FALSE,1692,22.374120166565,380,600,300,300,-3.28810921130295,0.000504313523458955,-0.350903559079998,0.0101035728138532
FALSE,1693,20.7479631010205,380,600,300,300,-3.73739111397846,9.2969785300264e-05,-0.397671566948191,0.0555403396641658
FALSE,1694,21.8655204714422,380,600,300,300,-5.79149065205966,3.48822213480992e-09,-0.578847913552563,1.68923281533011e-05
FALSE,1695,21.273864205332,380,600,300,300,-1.86546861311032,0.0310578738524271,-0.192848277368978,0.267396847113569
FALSE,1696,21.6196861238507,380,600,300,300,-3.51237697904928,0.000222058778996931,-0.368219856285028,0.107852296967135
FALSE,1697,21.0077849678991,380,600,300,300,-4.31179797454151,8.0966179566354e-06,-0.436793568522695,0.0100565351330582
FALSE,1698,22.3437816033356,380,600,300,300,-4.48784461372859,3.5973686296701e-06,-0.466811836494396,0.00347723654550494
FALSE,1699,22.0406707551699,380,600,300,300,-4.56741475341237,2.46888192708689e-06,-0.467174078978869,0.0108700422786209
FALSE,1700,21.9059833584328,380,600,300,300,-3.7617576178516,8.43617576264091e-05,-0.396566775704059,0.00347854414842844
FALSE,1701,20.523074660087,380,600,300,300,-2.4420722325928,0.00730161222221732,-0.244056038161547,0.0552009008577148
FALSE,1702,21.184509793818,380,600,300,300,-3.66245048108563,0.000124907026955861,-0.38405023691221,0.0317880146352075
FALSE,1703,21.3239632636212,380,600,300,300,-3.79494909215519,7.38368768574982e-05,-0.390853459163329,0.000936443349818701
FALSE,1704,21.5535286272637,380,600,300,300,-1.84696230032134,0.0323763021701998,-0.19142137458296,0.786628985939574
FALSE,1705,22.0431368092708,380,600,300,300,-4.23238584036158,1.15612643278152e-05,-0.43443362776926,0.222826055995445
FALSE,1706,21.6030131473852,380,600,300,300,-4.54395919194037,2.76036750846837e-06,-0.459178639369018,0.00305846137603895
FALSE,1707,21.6752538111976,380,600,300,300,-2.03296536622033,0.0210280110914883,-0.204669306488686,0.297435948456483
FALSE,1708,21.5810441217346,380,600,300,300,-2.51977939329825,0.00587142027367992,-0.252591839555638,0.00321110441272041
FALSE,1709,21.3400921805987,380,600,300,300,-3.42651833725015,0.000305686240126861,-0.343140334381938,0.112787259934896
FALSE,1710,21.6345572362796,380,600,300,300,-5.02283339430796,2.54573545041708e-07,-0.520200344551264,0.12368838582693
FALSE,1711,21.7722784732635,380,600,300,300,-3.75029832584536,8.83121556137016e-05,-0.39045398866232,0.00837194894105829
FALSE,1712,21.0856118984016,380,600,300,300,-3.56173553213302,0.000184205697754535,-0.375112112740594,0.0418553941427356
FALSE,1713,21.7296226169221,380,600,300,300,-4.89653417640095,4.87708451961145e-07,-0.510640870279782,0.197829480495123
FALSE,1714,21.7213982608449,380,600,300,300,-3.69144446030312,0.000111492045925882,-0.388069527083749,0.163677426493789
FALSE,1715,21.2400620203661,380,600,300,300,-1.99017929619178,0.0232855940743875,-0.215834113282755,0.512776202999622
FALSE,1716,22.3817995463557,380,600,300,300,-3.02302108176277,0.00125132404054563,-0.305214594677737,0.4999260624262
FALSE,1717,20.6993838930086,380,600,300,300,-5.31555028000608,5.31677406539232e-08,-0.550169355183073,0.0313906901307546
FALSE,1718,21.4289156242646,380,600,300,300,-2.80138146752898,0.00254421651608377,-0.287768537400925,0.00599896159309112
FALSE,1719,22.351501628843,380,600,300,300,-2.55678648070581,0.00528220205514835,-0.263195499726763,0.0448487094228079
FALSE,1720,21.1773136195972,380,600,300,300,-2.99985021453534,0.00135056200727096,-0.308159703402722,0.0555604701293299
FALSE,1721,21.7719621488918,380,600,300,300,-3.57288536688982,0.000176534672789855,-0.366152804850177,0.015041402491347
FALSE,1722,20.977858729186,380,600,300,300,-4.90118605640138,4.76298921848705e-07,-0.517113534090053,0.012293934647076
FALSE,1723,21.5425965107968,380,600,300,300,-2.70935644167398,0.00337069360234722,-0.276264859785257,0.146042659611986
FALSE,1724,21.9437345385808,380,600,300,300,-2.99221939065152,0.00138478575042986,-0.306884189770802,0.435956223916089
FALSE,1725,23.1658575226847,380,600,300,300,-4.00794987175624,3.06240580148887e-05,-0.43649257243096,0.00117855604112376
FALSE,1726,21.5021879712562,380,600,300,300,-2.92796754496408,0.00170592828726483,-0.309951886819532,0.0758370277896861
FALSE,1727,22.7545767123173,380,600,300,300,-2.75132470085697,0.0029677389037164,-0.279012994010159,0.402038356074869
FALSE,1728,21.8178148408576,380,600,300,300,-3.72826029205884,9.64030908893943e-05,-0.385149344912713,0.00383002733749172
FALSE,1729,21.4961363199671,380,600,300,300,-4.28337044817771,9.2041650678766e-06,-0.457229246679591,0.00138620435606004
FALSE,1730,20.9509260494168,380,600,300,300,-1.67510370470665,0.0469569431108749,-0.169751510941555,0.479688062511069
FALSE,1731,21.1506046011071,380,600,300,300,-5.08783868375275,1.81083612217777e-07,-0.520768477223534,0.000326785695327051
FALSE,1732,22.348867242419,380,600,300,300,-2.87732401082289,0.00200531776681377,-0.287187882755762,0.0214560054081243
FALSE,1733,21.9780363690667,380,600,300,300,-3.18019614852459,0.000735876974148338,-0.322752446099542,0.0716675093511575
FALSE,1734,21.6638750534772,380,600,300,300,-2.97646958140288,0.00145794003578672,-0.307872170446669,0.187706751104243
FALSE,1735,21.4088367989069,380,600,300,300,-3.49588882805725,0.000236242753921747,-0.36401582508996,0.00284355912254375
FALSE,1736,21.5367487568037,380,600,300,300,-3.19750510391351,0.000693109790981218,-0.322752230988273,0.118168141230831
FALSE,1737,22.4222251436918,380,600,300,300,-2.65242693345581,0.00399577111569865,-0.277167571698037,0.342090401577147
FALSE,1738,21.3278814768085,380,600,300,300,-2.90870848641529,0.00181462548844879,-0.310241401867505,0.0157105580135231
FALSE,1739,22.6977399752627,380,600,300,300,-3.77160784678598,8.10995134543424e-05,-0.389405558174007,0.0245594662404454
FALSE,1740,21.2077363640216,380,600,300,300,-2.89290860609232,0.00190846172719949,-0.298225736137734,0.194332802954332
FALSE,1741,22.4177929338546,380,600,300,300,-2.84275660191355,0.00223626059596087,-0.282886479381731,0.00185704607832007
FALSE,1742,20.8853391180919,380,600,300,300,-2.23757020221467,0.0126245482693831,-0.231209067571332,0.584703483622497
FALSE,1743,21.4392130839723,380,600,300,300,-4.26306460800991,1.00821092835641e-05,-0.430255567240014,0.00819628116637868
FALSE,1744,21.8483060237256,380,600,300,300,-2.81952806161398,0.00240471627983045,-0.31016235290342,0.0822169481718731
FALSE,1745,22.0098406786027,380,600,300,300,-3.7039863386533,0.000106118846488215,-0.379234448912445,0.0270983579815265
FALSE,1746,20.6990735483063,380,600,300,300,-4.59490035753482,2.16478053633498e-06,-0.461334030864553,0.159534593873821
FALSE,1747,22.753949642064,380,600,300,300,-3.4317722823357,0.000299825419796971,-0.352576807201687,0.27573828240376
FALSE,1748,21.2225218909737,380,600,300,300,-2.59963852640457,0.00466610021629204,-0.255785314291651,0.250973044095519
FALSE,1749,21.193579571102,380,600,300,300,-3.935892965056,4.14439560170713e-05,-0.379405667896528,0.0285993765005946
FALSE,1750,21.4264419206151,380,600,300,300,-4.48059858001567,3.72169951076999e-06,-0.426126538987447,0.0447139497214192
FALSE,1751,20.7481982026143,380,600,300,300,-2.72880528469834,0.00317821120258099,-0.285136221030773,0.0469407695700606
FALSE,1752,22.4184895410746,380,600,300,300,-2.98765095924322,0.0014056520914716,-0.317915907293936,0.100193626571654
FALSE,1753,22.2114801919539,380,600,300,300,-2.78142554379092,0.00270603717918036,-0.283547142209018,0.0592450579916061
FALSE,1754,21.9841230234185,380,600,300,300,-3.74890051421995,8.88057593645684e-05,-0.383741092787014,0.016998496406225
FALSE,1755,21.0413940172375,380,600,300,300,-3.20274735106108,0.000680616726580953,-0.337081942660098,0.1874805565528
FALSE,1756,21.0923003601098,380,600,300,300,-3.44724293458093,0.000283169540280739,-0.35641941324951,0.0197738754513797
FALSE,1757,21.7339102626612,380,600,300,300,-4.35681319681036,6.59849027616213e-06,-0.442197621647389,0.025984829697027
FALSE,1758,21.817550466694,380,600,300,300,-1.87629532438714,0.0303073693627314,-0.191099385307952,0.332521445556498
FALSE,1759,21.0236274558416,380,600,300,300,-4.29266899170097,8.82690458643171e-06,-0.435863016626178,0.00440117056408888
FALSE,1760,20.815247376734,380,600,300,300,-4.99535438501019,2.93639112745795e-07,-0.499575827860471,0.202314424234109
FALSE,1761,22.7751301911196,380,600,300,300,-3.41035852305623,0.000324387668707121,-0.352813430907038,0.133611058168815
FALSE,1762,21.3339362340331,380,600,300,300,-3.94048680033909,4.06582126331259e-05,-0.417111917248411,0.0101434143005433
FALSE,1763,21.0782832922661,380,600,300,300,-1.26162881236595,0.103541191737685,-0.130565409995371,0.354899888497387
FALSE,1764,21.8710675748989,380,600,300,300,-2.69564836824234,0.0035125891824198,-0.260512579619319,0.00473041497714137
FALSE,1765,22.0612863247537,380,600,300,300,-3.97711553838812,3.48781383162518e-05,-0.424537339171699,0.00853790631771697
FALSE,1766,21.6533980799681,380,600,300,300,-3.7133798456166,0.000102254791293722,-0.357507229301184,0.011504411486622
FALSE,1767,21.6475948407909,380,600,300,300,-4.812864641491,7.43910327445356e-07,-0.485700824369426,0.000853302632644098
FALSE,1768,21.8352350920702,380,600,300,300,-3.20337365353324,0.000679138124998722,-0.336629944891755,0.189770933745844
FALSE,1769,21.4730500261802,380,600,300,300,-3.62616203158927,0.000143832445233893,-0.380704417549712,0.0126750316810026
FALSE,1770,21.2258863129467,380,600,300,300,-4.84454324504987,6.34516382719366e-07,-0.504809854588507,0.401224680655477
FALSE,1771,21.2467196064899,380,600,300,300,-4.26198610466234,1.01309022387216e-05,-0.460637981927861,0.00319817301817764
FALSE,1772,20.6996838239917,380,600,300,300,-4.7697029426325,9.22488937914459e-07,-0.497171298820114,0.0257338355474142
FALSE,1773,20.3881367865298,380,600,300,300,-3.49934090392302,0.000233204924670047,-0.37318910200291,0.00996030325616899
FALSE,1774,22.0759075766635,380,600,300,300,-2.56536299729509,0.00515339575672328,-0.26805324529447,0.00538302143836914
FALSE,1775,21.6132191709951,380,600,300,300,-2.39907052258629,0.00821837436568811,-0.246366349863505,0.297317112286086
FALSE,1776,21.438826985368,380,600,300,300,-3.26544385698612,0.000546463344833929,-0.335302706726775,0.00687141193430725
FALSE,1777,21.977484942481,380,600,300,300,-5.52482014601624,1.64911651568275e-08,-0.568634040652113,4.37382134725537e-06
FALSE,1778,21.9586235450235,380,600,300,300,-3.41851338312736,0.000314821106477891,-0.336882312777999,0.00147416204237346
FALSE,1779,20.6435075355713,380,600,300,300,-5.02029578428579,2.57959871732535e-07,-0.521811065158384,0.0397749254986475
FALSE,1780,20.9738601235967,380,600,300,300,-3.19929247720931,0.000688826645469755,-0.320031590145899,0.0200144929283723
FALSE,1781,20.9839837115473,380,600,300,300,-3.875414747984,5.32216212249352e-05,-0.38481843229185,0.646708966674534
FALSE,1782,20.7082051508789,380,600,300,300,-3.17195537210306,0.000757081367784438,-0.325920057435856,0.325260164436593
FALSE,1783,21.0029315617965,380,600,300,300,-2.89700450177057,0.00188372174620632,-0.311262987763272,0.268770622949149
FALSE,1784,21.8294467086811,380,600,300,300,-3.50686922580689,0.000226705959397072,-0.373405541998811,0.646825698706065
FALSE,1785,21.4935049006903,380,600,300,300,-2.16171255681038,0.0153201695782488,-0.228326987196604,0.0139187270947543
FALSE,1786,20.7859754284538,380,600,300,300,-4.6670506625584,1.52777004590917e-06,-0.475255390498443,0.00385012452873497
FALSE,1787,21.3162960003287,380,600,300,300,-4.06795406468745,2.37138638362755e-05,-0.423642730463067,0.0230076587893613
FALSE,1788,22.3067083225865,380,600,300,300,-4.05970010018236,2.45678922104229e-05,-0.419125875216365,0.0482618439850815
FALSE,1789,21.9220287879321,380,600,300,300,-4.22911348631056,1.17306990659818e-05,-0.426896548692796,0.0697637352210665
FALSE,1790,22.5616548799505,380,600,300,300,-3.64857219732983,0.000131850899904675,-0.377073706770941,0.000690830729624704
FALSE,1791,21.9035124880691,380,600,300,300,-3.34875184166506,0.000405882340243696,-0.334906177396215,0.201929488277661
FALSE,1792,21.0576671606464,380,600,300,300,-5.0880971542209,1.80837042504491e-07,-0.516883173492643,0.0155872820896561
FALSE,1793,22.6205220222753,380,600,300,300,-3.45404302857422,0.000276124627945532,-0.361806648959745,0.108072045719352
FALSE,1794,21.6601716134199,380,600,300,300,-2.03727807433068,0.0208110918747723,-0.212527163586405,0.0141772070929629
FALSE,1795,21.6567310935818,380,600,300,300,-6.53381716642982,3.2057103785302e-11,-0.673130710723078,0.00094998812721592
FALSE,1796,21.5074829582807,380,600,300,300,-5.06783939578644,2.01178331158869e-07,-0.514293617824036,0.0427989689277004
FALSE,1797,21.7133630018582,380,600,300,300,-4.18181658625443,1.44594610457334e-05,-0.462500118249794,0.0462251714699736
FALSE,1798,21.1255425166673,380,600,300,300,-4.00919156178613,3.04634885300675e-05,-0.41098776339553,0.429362192094575
FALSE,1799,21.803758102766,380,600,300,300,-3.34136439077679,0.000416838652478533,-0.347370723462525,0.024741442912637
FALSE,1800,20.9113266861835,380,600,300,300,-5.17161839854212,1.16037575208926e-07,-0.531403895786477,0.201597487475993
FALSE,1801,23.1844866201411,380,600,300,300,-0.867632521797294,0.19279776840235,-0.0920531012931012,0.959935176557511
FALSE,1802,20.9305160245713,380,600,300,300,-3.29094275748127,0.000499261148487727,-0.339846376204871,0.111092282082048
FALSE,1803,21.3437101482494,380,600,300,300,-2.37719190426168,0.00872250479681605,-0.239218321219156,0.101330186430497
FALSE,1804,22.333420992824,380,600,300,300,-3.99313426756178,3.26028103379242e-05,-0.417327375394764,0.242612555695902
FALSE,1805,20.9466135026857,380,600,300,300,-3.14407071860583,0.00083307584829058,-0.326110626059366,0.161185515517688
FALSE,1806,21.1985539812414,380,600,300,300,-4.66731844675827,1.52578092575772e-06,-0.462532641254305,0.140070086063692
FALSE,1807,21.2589701070854,380,600,300,300,-3.5692700089121,0.000178988664814341,-0.374907239003458,0.00509910991530852
FALSE,1808,21.6538469884196,380,600,300,300,-4.58530936531959,2.2665736006691e-06,-0.473659287099923,0.000234801833226915
FALSE,1809,21.4544072598964,380,600,300,300,-3.11106253142127,0.000932077297395285,-0.330838708272776,0.311912055147953
FALSE,1810,21.6449008398878,380,600,300,300,-3.8137340545344,6.84413831714224e-05,-0.398681222907513,0.00368494534467756
FALSE,1811,21.4190593270778,380,600,300,300,-4.04405892978347,2.62668528318431e-05,-0.419153393292251,0.0196307207309775
FALSE,1812,20.86455249502,380,600,300,300,-2.73912503618714,0.00308014699872379,-0.28645871848948,0.000476472681615226
FALSE,1813,21.0326554013122,380,600,300,300,-3.04325712992878,0.00117016133841231,-0.317596841573925,0.00703191623266027
FALSE,1814,22.1464454224184,380,600,300,300,-5.55357192032791,1.39945214624854e-08,-0.580124048230918,0.000206071279135698
FALSE,1815,21.7280888720602,380,600,300,300,-3.3316208331291,0.000431709037652714,-0.340039629905586,0.00961478255055106
FALSE,1816,21.8500775835532,380,600,300,300,-3.60565396410312,0.000155683908631763,-0.372699331797276,0.0111120277970783
FALSE,1817,21.4806133514643,380,600,300,300,-3.88180616755267,5.18417536890843e-05,-0.394447412107025,0.0193097954214849
FALSE,1818,22.1283836645045,380,600,300,300,-2.02265081986435,0.0215545803543362,-0.218210672391952,0.10611304736902
FALSE,1819,20.5388247048199,380,600,300,300,-2.51474069354369,0.00595599803737639,-0.249263687752931,0.635926666175591
FALSE,1820,20.3718931199472,380,600,300,300,-2.29102977167723,0.0109808459123966,-0.23598821085869,0.513335595419864
FALSE,1821,21.0829484818215,380,600,300,300,-2.51868923401954,0.00588962843758644,-0.258162551162752,0.105596815832342
FALSE,1822,20.8420082399994,380,600,300,300,-3.08957261605378,0.00100222350151597,-0.322332738310341,0.000645961102387286
FALSE,1823,21.6029671061908,380,600,300,300,-4.22129997451051,1.21448719383962e-05,-0.430196121687547,0.00521771287853493
FALSE,1824,21.5029907945171,380,600,300,300,-4.48969294301346,3.56629578364843e-06,-0.44648162575664,0.00337069775377764
FALSE,1825,22.5620619402676,380,600,300,300,-4.84131378636256,6.44917549728758e-07,-0.494632325803717,0.0141214105942901
FALSE,1826,21.0659339598435,380,600,300,300,-3.95081427920741,3.89428738726286e-05,-0.41730334864779,0.0400128280126658
FALSE,1827,21.4086685198403,380,600,300,300,-4.88947857020358,5.05517140025848e-07,-0.502763218245658,0.00327436796694663
FALSE,1828,22.2410916924576,380,600,300,300,-4.07510214862341,2.29970766636303e-05,-0.417416602807287,0.00296323398768061
FALSE,1829,20.6664968167436,380,600,300,300,-3.28890117404036,0.000502896663871816,-0.368013602952239,0.045067343476661
FALSE,1830,20.7187456911136,380,600,300,300,-1.48413148490746,0.0688870209659337,-0.161996086021901,0.0820032280999185
FALSE,1831,21.9988699322547,380,600,300,300,-4.11468756972971,1.93852092532165e-05,-0.440494426133527,0.0135336900396975
FALSE,1832,21.6596103976236,380,600,300,300,-2.50550022604596,0.00611391600757958,-0.252021528150866,0.426773150518112
FALSE,1833,21.9428959736321,380,600,300,300,-4.03375021767084,2.74468344303097e-05,-0.404804014231165,0.0206304239617083
FALSE,1834,22.2806621664792,380,600,300,300,-3.43362634034875,0.00029778229016285,-0.343274649999625,0.0178550189486731
FALSE,1835,21.873829119578,380,600,300,300,-3.00912417667178,0.00131001002922666,-0.305137460994233,0.110490832289736
FALSE,1836,22.0084594058402,380,600,300,300,-2.63687665894955,0.00418366246536038,-0.276065718259952,0.00460079930058692
FALSE,1837,22.9148164117023,380,600,300,300,-3.34063273277374,0.000417938574397385,-0.353481670178899,0.00267023225418424
FALSE,1838,20.8030617166048,380,600,300,300,-3.56370309005562,0.000182829771247303,-0.361266291650604,0.00438594081352136
FALSE,1839,21.5864815281238,380,600,300,300,-3.11981091457266,0.000904835828031734,-0.321709329317674,0.256124061489538
FALSE,1840,21.2735272727228,380,600,300,300,-4.66212847044652,1.56477859900697e-06,-0.493577177971027,0.0130870876521697
FALSE,1841,21.6185876545891,380,600,300,300,-3.52796162785728,0.000209386429161185,-0.353139227644175,0.000172023418128592
FALSE,1842,21.4887753539634,380,600,300,300,-4.57152444418398,2.42094397089912e-06,-0.471323920727858,0.130971611850372
FALSE,1843,22.1530604108057,380,600,300,300,-4.41173109167006,5.127371277483e-06,-0.464926959940034,0.0368207269840898
FALSE,1844,21.2980266183335,380,600,300,300,-4.12629555932788,1.84326712690122e-05,-0.432835618005166,0.0104083643069964
FALSE,1845,21.0421407425208,380,600,300,300,-4.86626488398349,5.68635360400448e-07,-0.4906338309892,0.00565792200679497
FALSE,1846,21.4361452931052,380,600,300,300,-1.36473113617017,0.0861687848613459,-0.140203144895326,0.0778981934394178
FALSE,1847,21.0759233875825,380,600,300,300,-2.59279069113811,0.0047600344970619,-0.264417940020479,0.366634228640087
FALSE,1848,21.1870398443271,380,600,300,300,-3.25461068411873,0.000567739519999789,-0.335032315036479,0.00822327355356276
FALSE,1849,22.1041974667407,380,600,300,300,-2.98159122680417,0.00143377298825395,-0.29735813524935,0.114286672405199
FALSE,1850,20.832656135326,380,600,300,300,-3.74954506057721,8.85778317806085e-05,-0.394290654192251,0.158891447379736
FALSE,1851,21.0958588011749,380,600,300,300,-5.43345997414832,2.76358430687503e-08,-0.556179355249169,0.00309865551492215
FALSE,1852,21.8048169107503,380,600,300,300,-5.23697322541812,8.16156807466665e-08,-0.53613526184344,0.000840888863523227
FALSE,1853,21.0266270558629,380,600,300,300,-4.00795301608337,3.06236503952206e-05,-0.420013643653549,0.000335192690538964
FALSE,1854,21.7252304321408,380,600,300,300,-2.81900709845459,0.00240862263996821,-0.290952342101768,0.530056041419305
FALSE,1855,22.8443235822983,380,600,300,300,-4.58988275541378,2.21747525049039e-06,-0.483193165100353,0.0340967325634798
FALSE,1856,21.097010459468,380,600,300,300,-2.36859764327268,0.00892783323748035,-0.243674706738147,0.0402623811168421
FALSE,1857,21.7355640010876,380,600,300,300,-3.06881326772599,0.00107455437902949,-0.309120382774028,0.0247811740554221
FALSE,1858,20.4044915769808,380,600,300,300,-2.42442000350876,0.00766643050150382,-0.261326603443381,0.0866257324641824
FALSE,1859,21.2543759149457,380,600,300,300,-2.91255792247604,0.00179240854550505,-0.295847621725784,0.310994262294157
FALSE,1860,21.79690478947,380,600,300,300,-4.61573271044128,1.95855416791487e-06,-0.467091127051543,0.00154419576005524
FALSE,1861,20.7167718488931,380,600,300,300,-2.71234785572121,0.00334042213406654,-0.273583705653988,0.0222602121657638
FALSE,1862,21.603159807448,380,600,300,300,-2.91862744569322,0.00175788063614975,-0.285641298698984,0.037453698648098
FALSE,1863,21.306008243667,380,600,300,300,-2.78229671530613,0.00269878338343545,-0.285079372385335,0.244903645289519
FALSE,1864,20.7970966531699,380,600,300,300,-2.12675997141988,0.0167200158812225,-0.227625279525832,0.394344584967285
FALSE,1865,21.6883923746004,380,600,300,300,-2.19869735476534,0.0139497245889432,-0.226800187209767,0.523191551459943
FALSE,1866,21.4904654625944,380,600,300,300,-3.67089753417666,0.000120850114367843,-0.384392767580439,0.242618110462805
FALSE,1867,21.9623932320977,380,600,300,300,-2.52774091798651,0.00573995157502219,-0.25839087396945,0.04587915893828
FALSE,1868,20.7981164750252,380,600,300,300,-3.34149780756252,0.000416638372994008,-0.340038562990104,0.0157089887182867
FALSE,1869,23.515930438063,380,600,300,300,-5.24560651148442,7.78845188206415e-08,-0.562667508172956,0.000263991404799824
FALSE,1870,21.3128062174469,380,600,300,300,-4.58061681121276,2.31803294490958e-06,-0.478363578567627,0.004613054863478
FALSE,1871,22.2699914000654,380,600,300,300,-2.61546220846508,0.00445533907280605,-0.265666847686881,0.182462700135932
FALSE,1872,22.4173078985419,380,600,300,300,-2.01800677096082,0.0217952780782385,-0.214567901051348,0.0125705059864653
FALSE,1873,21.8529308632573,380,600,300,300,-2.05591450953835,0.0198953786489795,-0.216748518533285,0.226619289005123
FALSE,1874,22.5349377595101,380,600,300,300,-2.24524303183373,0.0123762674919826,-0.243121043023747,0.149825841901259
FALSE,1875,21.9796820967703,380,600,300,300,-4.55602964332709,2.60647914001178e-06,-0.454412788936203,0.0316896582912392
FALSE,1876,21.8766256575992,380,600,300,300,-4.18977270104242,1.39617010685912e-05,-0.429882936051257,0.294344871436766
FALSE,1877,21.8138256847913,380,600,300,300,-3.29987913677599,0.000483632379143532,-0.333877277646373,0.0714960104712132
FALSE,1878,21.1620519574707,380,600,300,300,-2.17387214108635,0.0148573693957082,-0.226330830010142,0.395940985519795
FALSE,1879,21.5734908464178,380,600,300,300,-5.02047921090527,2.57713647794427e-07,-0.528070589490751,0.000173685540718233
FALSE,1880,21.013443445062,380,600,300,300,-4.10528511681806,2.01908253285434e-05,-0.425576962655836,0.233893222606634
FALSE,1881,21.1012806431596,380,600,300,300,-2.98913417762807,0.0013988462130512,-0.323076161757517,0.0144637797052885
FALSE,1882,21.950591646747,380,600,300,300,-4.94634629078977,3.78096933572928e-07,-0.516099825740765,0.000873572629876664
FALSE,1883,21.5302977663789,380,600,300,300,-3.53435368609144,0.000204386841752873,-0.3779228548835,0.461613644228133
FALSE,1884,21.025963571677,380,600,300,300,-3.23848195059681,0.00060083812126806,-0.3341737150078,0.26789914745251
FALSE,1885,22.2157790163941,380,600,300,300,-4.21173481456527,1.26708470228805e-05,-0.430730429828855,0.00360988158036847
FALSE,1886,22.0214249144455,380,600,300,300,-4.48339321233797,3.67326874930567e-06,-0.462391193023905,0.0101370866757502
FALSE,1887,21.4249762407769,380,600,300,300,-2.1677585360463,0.0150885315734472,-0.225420249908155,0.11966393907518
FALSE,1888,22.2149499245163,380,600,300,300,-4.35531124352907,6.64389885869986e-06,-0.446770230219611,0.0315157937416158
FALSE,1889,21.8771477209619,380,600,300,300,-4.7143667884785,1.21231782045644e-06,-0.454854968450272,0.0724106128698538
FALSE,1890,22.3370254841856,380,600,300,300,-1.81292685530281,0.034921551781718,-0.193894596849612,0.260539398050657
FALSE,1891,21.4820911712103,380,600,300,300,-2.78195093322449,0.00270166042855812,-0.289946255195456,0.156081314171136
FALSE,1892,20.7644219916787,380,600,300,300,-2.86510756777847,0.00208433805016285,-0.290570071725993,0.0327764866151107
FALSE,1893,21.2592588494724,380,600,300,300,-2.33228828155974,0.00984276529328777,-0.233066904499477,0.0115917688324185
FALSE,1894,21.1469023000684,380,600,300,300,-3.13396039337781,0.000862320664198887,-0.312927883604245,0.0410804904435349
FALSE,1895,21.4447210747509,380,600,300,300,-3.45420106128985,0.000275962863816754,-0.351301428717979,0.12280885445858
FALSE,1896,21.8524310236562,380,600,300,300,-2.75203147644252,0.00296134139501342,-0.282790320397754,0.176911381912961
FALSE,1897,21.6612347733901,380,600,300,300,-5.13632460410854,1.40081790057102e-07,-0.521077919988391,0.000457882764596762
FALSE,1898,21.7012353730695,380,600,300,300,-4.44027356840312,4.49222964936051e-06,-0.454298785717419,0.278592660050983
FALSE,1899,21.5361366290346,380,600,300,300,-2.27199538778282,0.0115433944526503,-0.23184747009486,0.102356215467541
FALSE,1900,20.8978179588518,380,600,300,300,-3.14614955055199,0.000827176949787011,-0.333040164546413,0.254729524027694
FALSE,1901,21.615739463603,380,600,300,300,-1.81655323547006,0.0346427747653345,-0.186901023027061,0.363997356320225
FALSE,1902,21.1925870684868,380,600,300,300,-1.39245848858151,0.081891801832604,-0.148508052532842,0.0655240800809567
FALSE,1903,20.8909613024693,380,600,300,300,-4.40958994622621,5.17832681214801e-06,-0.452236667666469,0.0116139394931901
FALSE,1904,21.8977733920077,380,600,300,300,-3.27677645769829,0.000524997320705551,-0.338714243535728,0.157271294904255
FALSE,1905,21.7643677746308,380,600,300,300,-2.42826725047956,0.00758557966909848,-0.238041768993584,0.0160305843127121
FALSE,1906,21.0954809580006,380,600,300,300,-3.67174680980758,0.000120449139936615,-0.376417598415239,0.0804067639518439
FALSE,1907,21.5726317868697,380,600,300,300,-4.81300883797642,7.43373557892017e-07,-0.485233877709285,0.0230986368734997
FALSE,1908,21.592128480571,380,600,300,300,-5.36312986140015,4.08960792200984e-08,-0.542471008155079,0.0482794627356603
FALSE,1909,21.0479304141163,380,600,300,300,-4.66948373868922,1.50978799336636e-06,-0.461522869810168,0.00314036628580509
FALSE,1910,22.154779919507,380,600,300,300,-3.14211621772795,0.000838657220934321,-0.334687953543613,0.07162922460077
FALSE,1911,22.2416601835138,380,600,300,300,-2.93805892250178,0.00165137123199315,-0.299842082127738,9.62903426649835e-05
FALSE,1912,21.3152594691329,380,600,300,300,-3.7241018692751,9.8005886193767e-05,-0.388602345982489,0.224525284131262
FALSE,1913,21.8459980954465,380,600,300,300,-4.415326134182,5.04289080744009e-06,-0.441416129095017,0.00109301043494411
FALSE,1914,21.3376405332708,380,600,300,300,-4.29856673904206,8.59530699008518e-06,-0.443357559121379,0.00421366927409538
FALSE,1915,22.0778344468145,380,600,300,300,-3.99822722383094,3.19093359209271e-05,-0.429419347589349,0.00169474673393217
FALSE,1916,20.5559832729164,380,600,300,300,-3.3193551761367,0.000451127956860173,-0.325832097605465,0.0388182094855229
FALSE,1917,21.6683646987832,380,600,300,300,-2.83227475909981,0.00231090577284177,-0.283175609308205,0.245587569875276
FALSE,1918,22.3201874326466,380,600,300,300,-5.02276728082006,2.54661224109621e-07,-0.530390781886686,0.00230225901548136
FALSE,1919,22.8875346348954,380,600,300,300,-3.31314438354409,0.000461266710064888,-0.363749942297461,0.720412629244921
FALSE,1920,21.5446254888824,380,600,300,300,-3.74541070964291,9.00494478048173e-05,-0.387305196350378,0.0186996341851319
FALSE,1921,21.4236880795641,380,600,300,300,-2.71990186995219,0.00326506460196893,-0.267820001670077,0.426022618624839
FALSE,1922,21.0089488124067,380,600,300,300,-6.29179798959515,1.56904850127199e-10,-0.591738380344491,0.00404391020565097
FALSE,1923,22.0673038429746,380,600,300,300,-3.73944479049352,9.22135734810371e-05,-0.402269883159852,0.00502051964384151
FALSE,1924,21.4874143547133,380,600,300,300,-2.70680182628626,0.00339673985352766,-0.284975806685228,0.0262648189492193
FALSE,1925,22.7702615208881,380,600,300,300,-2.09368545482498,0.0181440047371327,-0.208751910056967,0.411331716214766
FALSE,1926,21.3436542885685,380,600,300,300,-3.76733526724963,8.24996736210585e-05,-0.393668577628354,0.229351781855941
FALSE,1927,20.8245127725471,380,600,300,300,-2.95101905276126,0.00158363689514386,-0.297755851864039,0.00350253979594831
FALSE,1928,21.5634164633752,380,600,300,300,-3.11291090252372,0.000926259672500307,-0.319786104015984,0.0327770355577221
FALSE,1929,21.0373087043222,380,600,300,300,-3.28609094535147,0.000507941023257872,-0.326554452013634,0.000449486552502646
FALSE,1930,21.6429976799916,380,600,300,300,-3.11783716211056,0.0009109171554973,-0.327407889723486,0.473033159283918
FALSE,1931,21.9567668150797,380,600,300,300,-3.82689175733198,6.48857725549383e-05,-0.405304508437172,0.0600674777404148
FALSE,1932,20.499623409724,380,600,300,300,-3.10291433391189,0.000958125502451857,-0.329384476730015,0.390225396368258
FALSE,1933,22.3282888753725,380,600,300,300,-2.57039377020489,0.00507914881557091,-0.268001873969457,0.08553084919383
FALSE,1934,22.7472525120683,380,600,300,300,-4.02792807598604,2.81352754348739e-05,-0.41848072799524,0.00362180559221116
FALSE,1935,21.2854911992606,380,600,300,300,-4.3776264117855,5.99893875559513e-06,-0.440282872961252,0.00118108174868855
FALSE,1936,21.4963597030977,380,600,300,300,-4.59942544137432,2.11828892264531e-06,-0.489028762435718,0.00313951157259531
FALSE,1937,21.7604868679642,380,600,300,300,-3.62138458835879,0.000146515262058031,-0.368530491784395,0.0260418220382478
FALSE,1938,21.6063093915766,380,600,300,300,-4.36669603957011,6.3070037150958e-06,-0.435492841287204,0.0283229596406604
FALSE,1939,20.3440679023359,380,600,300,300,-3.454276982625,0.000275885181249044,-0.356055257401519,0.128296512144071
FALSE,1940,22.2422714618761,380,600,300,300,-2.87360563763925,0.00202907669091942,-0.290446921075088,0.0405603257670736
FALSE,1941,21.279729168779,380,600,300,300,-4.66477255054341,1.5447929203084e-06,-0.475450469107783,3.38122807574911e-06
FALSE,1942,21.5433162187692,380,600,300,300,-2.98240308234152,0.00142997591496351,-0.315754254872109,0.257889488280164
FALSE,1943,22.757081348625,380,600,300,300,-4.15732299512964,1.60999292074336e-05,-0.432010065217307,0.00314138506178977
FALSE,1944,21.166824954846,380,600,300,300,-1.17468599961262,0.120060181301232,-0.12202455679568,0.19242528487851
FALSE,1945,20.9741401728282,380,600,300,300,-1.07941631557324,0.140201090431625,-0.120097042942842,0.289053202581966
FALSE,1946,22.4549599496329,380,600,300,300,-5.05399737928322,2.16328772872582e-07,-0.535062765374984,0.115178513968347
FALSE,1947,21.1631225295279,380,600,300,300,-4.69245491861621,1.34973016214238e-06,-0.488589823443041,0.000310587485325052
FALSE,1948,21.0263271111655,380,600,300,300,-3.5132197566273,0.000221355577150406,-0.357878748547216,0.00740357246744997
FALSE,1949,21.4035683522308,380,600,300,300,-5.16445847129074,1.20568001895425e-07,-0.555979811085163,0.000757049281310939
FALSE,1950,22.3125189253339,380,600,300,300,-3.66671377995963,0.00012284376478754,-0.378539493350917,0.00790327568008867
FALSE,1951,21.4584799753853,380,600,300,300,-1.97235075609416,0.0242847896057923,-0.204401964776425,0.401797790926727
FALSE,1952,20.0032742920239,380,600,300,300,-3.99606428945118,3.22021253425877e-05,-0.391580738247649,0.0125373956508513
FALSE,1953,22.3996285705677,380,600,300,300,-2.67744919902038,0.00370925507454765,-0.270067677101621,0.350407971775165
FALSE,1954,20.9241853066152,380,600,300,300,-3.28570574560074,0.000508636094864069,-0.338957172682753,0.279082393750346
FALSE,1955,21.7518090071445,380,600,300,300,-2.66075798687,0.00389824868380216,-0.274980599433264,0.284643132976987
FALSE,1956,20.8292661644798,380,600,300,300,-3.09434973321636,0.000986224117969097,-0.316625153111375,0.0550562745696886
FALSE,1957,21.548263906515,380,600,300,300,-4.44748400008707,4.34409640988729e-06,-0.455848871079436,0.0140596001086935
FALSE,1958,20.985824813481,380,600,300,300,-3.21544706087236,0.000651207574089829,-0.321695579629862,0.00414119782607272
FALSE,1959,22.281972694894,380,600,300,300,-3.45204956685929,0.000278172757307276,-0.36627758485405,0.00147865685416089
FALSE,1960,21.7744714788068,380,600,300,300,-3.42606068473714,0.000306201770965209,-0.347781330077517,0.455224688982313
FALSE,1961,21.3773695993703,380,600,300,300,-4.89985048488529,4.79548071697181e-07,-0.51577520003089,0.0054448029707515
FALSE,1962,21.7409474263576,380,600,300,300,-2.58518176279965,0.00486638369503812,-0.27533010510168,0.00115405844408214
FALSE,1963,21.6877382815909,380,600,300,300,-3.8913491995188,4.98441696395815e-05,-0.40134658689391,0.00969788528847574
FALSE,1964,20.7610448438229,380,600,300,300,-3.87758090579045,5.27501245413102e-05,-0.382099045362645,0.0183173015648913
FALSE,1965,21.2195456561561,380,600,300,300,-3.73573981230755,9.35820573048019e-05,-0.384180093948181,0.0209092263138437
FALSE,1966,20.810978814857,380,600,300,300,-3.75187703913671,8.77577735338034e-05,-0.368602619585168,0.146759446350707
FALSE,1967,20.7627544709783,380,600,300,300,-3.24219625173557,0.000593061561874786,-0.340205866651457,0.0489448842075008
FALSE,1968,21.4688057179983,380,600,300,300,-2.74299492719842,0.00304408129989401,-0.276672056101032,0.025385680408024
FALSE,1969,20.8348607812402,380,600,300,300,-3.85647612798416,5.75166630904099e-05,-0.408018728038451,0.00185629212829708
FALSE,1970,21.228660306525,380,600,300,300,-4.09044828283728,2.15270105680602e-05,-0.425052759867142,0.0174351148578049
FALSE,1971,22.7403339664824,380,600,300,300,-4.46588001530495,3.98701464495937e-06,-0.462328063514504,0.00440587255402912
FALSE,1972,21.3097968507115,380,600,300,300,-2.31649801483768,0.0102655463510369,-0.230000774055506,0.379982891957258
FALSE,1973,21.8915964545061,380,600,300,300,-2.37655031999962,0.00873768882247511,-0.243428752442082,0.0300114443264787
FALSE,1974,22.1826634524018,380,600,300,300,-5.17676629123355,1.12882366277408e-07,-0.530991352674501,0.00661665590259882
FALSE,1975,21.9503813111586,380,600,300,300,-4.05880554322618,2.46621825839804e-05,-0.410445272337207,0.0199478166515383
FALSE,1976,21.9801267461078,380,600,300,300,-2.77414667631355,0.00276733590269953,-0.275249343914229,0.345221569290787
FALSE,1977,21.0960756797696,380,600,300,300,-3.20411263422401,0.00067739731868715,-0.320787911020545,0.235089900984926
FALSE,1978,21.9557491754559,380,600,300,300,-5.07444683892471,1.94312428694052e-07,-0.515038384433757,5.92529746708991e-05
FALSE,1979,22.7307314145192,380,600,300,300,-4.6690909715269,1.51267699691896e-06,-0.479598922974054,0.296646390083549
FALSE,1980,22.1164653187966,380,600,300,300,-2.38828163926191,0.00846368207441993,-0.246929061686341,0.0658524337835579
FALSE,1981,22.2528528662714,380,600,300,300,-4.2123484429451,1.26364641290758e-05,-0.430037348124387,0.00140904938915098
FALSE,1982,22.1238492189975,380,600,300,300,-2.53289795042905,0.0056561940666512,-0.255985529946924,0.326543273554026
FALSE,1983,21.2317128916242,380,600,300,300,-3.40280228352503,0.000333492640385271,-0.329642436789468,0.0749319560534226
FALSE,1984,22.2088044223971,380,600,300,300,-2.55498552330678,0.00530961072216053,-0.255987520730691,0.0981473717160458
FALSE,1985,21.3782160730856,380,600,300,300,-4.83192572439851,6.76093525976742e-07,-0.486802161422101,0.0117474218174855
FALSE,1986,20.4684731910094,380,600,300,300,-3.56530608187118,0.000181715898064767,-0.361042272242167,0.0162277202706591
FALSE,1987,22.8675349363312,380,600,300,300,-3.40179382480689,0.000334725608437048,-0.358163256967295,0.0163925437087982
FALSE,1988,20.6315635878034,380,600,300,300,-2.15613601535344,0.0155365229879251,-0.217354585304881,0.444911236376276
FALSE,1989,22.1149738370252,380,600,300,300,-4.38092601620217,5.90879976857187e-06,-0.443020376246713,0.0627038304809864
FALSE,1990,22.3684779222216,380,600,300,300,-3.00338608149597,0.00133496742310945,-0.313533155458454,0.060300404694579
FALSE,1991,21.8676596827958,380,600,300,300,-3.15199040178415,0.000810808018436082,-0.325974744104898,0.316084160803853
FALSE,1992,22.1320260140765,380,600,300,300,-2.55502301750414,0.00530903881337136,-0.265336490888423,0.470709427801921
FALSE,1993,21.032123560942,380,600,300,300,-3.77566927308916,7.97893052313474e-05,-0.384109300014199,0.0455880335313039
FALSE,1994,21.214960827634,380,600,300,300,-3.94349164515734,4.01518951528323e-05,-0.398858033853163,0.00203208579030095
FALSE,1995,22.5729994896836,380,600,300,300,-3.43662404047402,0.000294506288667491,-0.357172825316767,0.000844160764378287
FALSE,1996,21.8697676599026,380,600,300,300,-4.44933428615361,4.30684301754466e-06,-0.453193506078157,0.0118316753532378
FALSE,1997,21.2594817404761,380,600,300,300,-1.52087977098864,0.0641450056191782,-0.150797429389236,0.469086249731308
FALSE,1998,21.8112174285731,380,600,300,300,-3.27479575810919,0.000528691953366127,-0.342225974579107,0.0184770615788017
FALSE,1999,22.080940646257,380,600,300,300,-3.34810028033609,0.000406837816496852,-0.349587290030562,0.0888037995531097
FALSE,2000,21.1426105099536,380,600,300,300,-3.13411274853526,0.000861873046956414,-0.318243420010062,0.0262636699400726
TRUE,1,21.3256948436347,380,600,300,300,-3.92786788594862,4.28511325431446e-05,-0.406335379787424,0.932625877731249
TRUE,2,21.108797787751,380,600,300,300,-3.36748308657218,0.000379288396592725,-0.364296393919457,0.126140281165175
TRUE,3,20.9417416431027,380,600,300,300,-4.09294123538345,2.1296784698222e-05,-0.417125517386601,0.203294413967
TRUE,4,21.660382455095,380,600,300,300,-2.912216407724,0.00179436954223428,-0.295580104663614,0.237560276980527
TRUE,5,20.7273225018716,380,600,300,300,-3.3266755422459,0.00043944321388613,-0.341943237010338,0.0473970682601679
TRUE,6,21.364825095491,380,600,300,300,-2.10468617402384,0.0176593173922542,-0.214217432452681,0.441194323271782
TRUE,7,21.7505270247318,380,600,300,300,-2.92707526940166,0.00171083030025229,-0.304454208262862,0.527045568123938
TRUE,8,22.2936152802003,380,600,300,300,-2.67217004840305,0.00376812237982947,-0.269690825074369,0.199532743700035
TRUE,9,20.6484772644545,380,600,300,300,-2.54783966577977,0.00541961378138411,-0.268031726805591,0.361993699393191
TRUE,10,21.1243446217894,380,600,300,300,-3.1717815848221,0.000757534540789839,-0.328064648325319,0.0110216329929637
TRUE,11,21.8138256847913,380,600,300,300,-3.29987913677599,0.000483632379143532,-0.333877277646373,0.267374634705022
TRUE,12,21.1620519574707,380,600,300,300,-2.17387214108635,0.0148573693957082,-0.226330830010142,0.806954027832989
TRUE,13,21.5734908464178,380,600,300,300,-5.02047921090527,2.57713647794427e-07,-0.528070589490751,0.00246223402503761
TRUE,14,21.013443445062,380,600,300,300,-4.10528511681806,2.01908253285434e-05,-0.425576962655836,0.552224642105657
TRUE,15,21.1012806431596,380,600,300,300,-2.98913417762807,0.0013988462130512,-0.323076161757517,0.0969095799488807
TRUE,16,21.950591646747,380,600,300,300,-4.94634629078977,3.78096933572928e-07,-0.516099825740765,0.00687818585471768
TRUE,17,21.5302977663789,380,600,300,300,-3.53435368609144,0.000204386841752873,-0.3779228548835,0.739307772728123
TRUE,18,21.025963571677,380,600,300,300,-3.23848195059681,0.00060083812126806,-0.3341737150078,0.48709721631094
TRUE,19,22.2157790163941,380,600,300,300,-4.21173481456527,1.26708470228805e-05,-0.430730429828855,0.0548671075352752
TRUE,20,22.0214249144455,380,600,300,300,-4.48339321233797,3.67326874930567e-06,-0.462391193023905,0.196268155006731
TRUE,21,21.4249762407769,380,600,300,300,-2.1677585360463,0.0150885315734472,-0.225420249908155,0.712025496025247
TRUE,22,22.2149499245163,380,600,300,300,-4.35531124352907,6.64389885869986e-06,-0.446770230219611,0.217982347102319
TRUE,23,21.8771477209619,380,600,300,300,-4.7143667884785,1.21231782045644e-06,-0.454854968450272,0.2379209896977
TRUE,24,22.3370254841856,380,600,300,300,-1.81292685530281,0.034921551781718,-0.193894596849612,0.260539398050657
TRUE,25,21.4820911712103,380,600,300,300,-2.78195093322449,0.00270166042855812,-0.289946255195456,0.523063387413964
TRUE,26,20.7644219916787,380,600,300,300,-2.86510756777847,0.00208433805016285,-0.290570071725993,0.23550063858402
TRUE,27,21.2592588494724,380,600,300,300,-2.33228828155974,0.00984276529328777,-0.233066904499477,0.0833774952014444
TRUE,28,21.1469023000684,380,600,300,300,-3.13396039337781,0.000862320664198887,-0.312927883604245,0.300268297136132
TRUE,29,21.4447210747509,380,600,300,300,-3.45420106128985,0.000275962863816754,-0.351301428717979,0.350554294443449
TRUE,30,21.8524310236562,380,600,300,300,-2.75203147644252,0.00296134139501342,-0.282790320397754,0.433237995147374
TRUE,31,21.6612347733901,380,600,300,300,-5.13632460410854,1.40081790057102e-07,-0.521077919988391,0.015813762283116
TRUE,32,21.7012353730695,380,600,300,300,-4.44027356840312,4.49222964936051e-06,-0.454298785717419,0.554753704718532
TRUE,33,21.5361366290346,380,600,300,300,-2.27199538778282,0.0115433944526503,-0.23184747009486,0.289682712935208
TRUE,34,20.8978179588518,380,600,300,300,-3.14614955055199,0.000827176949787011,-0.333040164546413,0.542242208857659
TRUE,35,21.615739463603,380,600,300,300,-1.81655323547006,0.0346427747653345,-0.186901023027061,0.363997356320225
TRUE,36,21.1925870684868,380,600,300,300,-1.39245848858151,0.081891801832604,-0.148508052532842,0.0655240800809567
TRUE,37,20.8909613024693,380,600,300,300,-4.40958994622621,5.17832681214801e-06,-0.452236667666469,0.107860506881966
TRUE,38,21.8977733920077,380,600,300,300,-3.27677645769829,0.000524997320705551,-0.338714243535728,0.654003873121661
TRUE,39,21.7643677746308,380,600,300,300,-2.42826725047956,0.00758557966909848,-0.238041768993584,0.0789797012137774
TRUE,40,21.0954809580006,380,600,300,300,-3.67174680980758,0.000120449139936615,-0.376417598415239,0.23366760283913
TRUE,41,21.5726317868697,380,600,300,300,-4.81300883797642,7.43373557892017e-07,-0.485233877709285,0.135642287511981
TRUE,42,21.592128480571,380,600,300,300,-5.36312986140015,4.08960792200984e-08,-0.542471008155079,0.160498217499958
TRUE,43,21.0479304141163,380,600,300,300,-4.66948373868922,1.50978799336636e-06,-0.461522869810168,0.0261113749477425
TRUE,44,22.154779919507,380,600,300,300,-3.14211621772795,0.000838657220934321,-0.334687953543613,0.241546336020305
TRUE,45,22.2416601835138,380,600,300,300,-2.93805892250178,0.00165137123199315,-0.299842082127738,0.00321527803733421
TRUE,46,21.3152594691329,380,600,300,300,-3.7241018692751,9.8005886193767e-05,-0.388602345982489,0.616979377863672
TRUE,47,21.8459980954465,380,600,300,300,-4.415326134182,5.04289080744009e-06,-0.441416129095017,0.0134198212463152
TRUE,48,21.3376405332708,380,600,300,300,-4.29856673904206,8.59530699008518e-06,-0.443357559121379,0.0833191068001643
TRUE,49,22.0778344468145,380,600,300,300,-3.99822722383094,3.19093359209271e-05,-0.429419347589349,0.0305956768475365
TRUE,50,20.5559832729164,380,600,300,300,-3.3193551761367,0.000451127956860173,-0.325832097605465,0.19997318140688
TRUE,51,21.6683646987832,380,600,300,300,-2.83227475909981,0.00231090577284177,-0.283175609308205,0.681773747746428
TRUE,52,22.3201874326466,380,600,300,300,-5.02276728082006,2.54661224109621e-07,-0.530390781886686,0.0228071986487316
TRUE,53,22.8875346348954,380,600,300,300,-3.31314438354409,0.000461266710064888,-0.363749942297461,0.886754053231071
TRUE,54,21.5446254888824,380,600,300,300,-3.74541070964291,9.00494478048173e-05,-0.387305196350378,0.0851277299229631
TRUE,55,21.4236880795641,380,600,300,300,-2.71990186995219,0.00326506460196893,-0.267820001670077,0.714942006366444
TRUE,56,21.0089488124067,380,600,300,300,-6.29179798959515,1.56904850127199e-10,-0.591738380344491,0.0552140675965091
TRUE,57,22.0673038429746,380,600,300,300,-3.73944479049352,9.22135734810371e-05,-0.402269883159852,0.0489008862907297
TRUE,58,21.4874143547133,380,600,300,300,-2.70680182628626,0.00339673985352766,-0.284975806685228,0.13734480796986
TRUE,59,22.7702615208881,380,600,300,300,-2.09368545482498,0.0181440047371327,-0.208751910056967,0.705159946883827
TRUE,60,21.3436542885685,380,600,300,300,-3.76733526724963,8.24996736210585e-05,-0.393668577628354,0.410710679688397
TRUE,61,20.8245127725471,380,600,300,300,-2.95101905276126,0.00158363689514386,-0.297755851864039,0.0708457548628299
TRUE,62,21.5634164633752,380,600,300,300,-3.11291090252372,0.000926259672500307,-0.319786104015984,0.178172939599802
TRUE,63,21.0373087043222,380,600,300,300,-3.28609094535147,0.000507941023257872,-0.326554452013634,0.00595110669286938
TRUE,64,21.6429976799916,380,600,300,300,-3.11783716211056,0.0009109171554973,-0.327407889723486,0.854490644992014
TRUE,65,21.9567668150797,380,600,300,300,-3.82689175733198,6.48857725549383e-05,-0.405304508437172,0.32430664699495
TRUE,66,20.499623409724,380,600,300,300,-3.10291433391189,0.000958125502451857,-0.329384476730015,0.724929597384769
TRUE,67,22.3282888753725,380,600,300,300,-2.57039377020489,0.00507914881557091,-0.268001873969457,0.212635045945278
TRUE,68,22.7472525120683,380,600,300,300,-4.02792807598604,2.81352754348739e-05,-0.41848072799524,0.0602480572582415
TRUE,69,21.2854911992606,380,600,300,300,-4.3776264117855,5.99893875559513e-06,-0.440282872961252,0.0442224064576534
TRUE,70,21.4963597030977,380,600,300,300,-4.59942544137432,2.11828892264531e-06,-0.489028762435718,0.0303205865165058
TRUE,71,21.7604868679642,380,600,300,300,-3.62138458835879,0.000146515262058031,-0.368530491784395,0.194637530249624
TRUE,72,21.6063093915766,380,600,300,300,-4.36669603957011,6.3070037150958e-06,-0.435492841287204,0.164778628132713
TRUE,73,20.3440679023359,380,600,300,300,-3.454276982625,0.000275885181249044,-0.356055257401519,0.444647413737691
TRUE,74,22.2422714618761,380,600,300,300,-2.87360563763925,0.00202907669091942,-0.290446921075088,0.183212068014174
TRUE,75,21.279729168779,380,600,300,300,-4.66477255054341,1.5447929203084e-06,-0.475450469107783,5.8222143894211e-05
TRUE,76,21.5433162187692,380,600,300,300,-2.98240308234152,0.00142997591496351,-0.315754254872109,0.630760475718921
TRUE,77,22.757081348625,380,600,300,300,-4.15732299512964,1.60999292074336e-05,-0.432010065217307,0.0190543724491366
TRUE,78,21.166824954846,380,600,300,300,-1.17468599961262,0.120060181301232,-0.12202455679568,0.19242528487851
TRUE,79,20.9741401728282,380,600,300,300,-1.07941631557324,0.140201090431625,-0.120097042942842,0.289053202581966
TRUE,80,22.4549599496329,380,600,300,300,-5.05399737928322,2.16328772872582e-07,-0.535062765374984,0.412784448441341
TRUE,81,21.1631225295279,380,600,300,300,-4.69245491861621,1.34973016214238e-06,-0.488589823443041,0.0202787351765723
TRUE,82,21.0263271111655,380,600,300,300,-3.5132197566273,0.000221355577150406,-0.357878748547216,0.0996166981927314
TRUE,83,21.4035683522308,380,600,300,300,-5.16445847129074,1.20568001895425e-07,-0.555979811085163,0.0251746592071664
TRUE,84,22.3125189253339,380,600,300,300,-3.66671377995963,0.00012284376478754,-0.378539493350917,0.0786974026772068
TRUE,85,21.4584799753853,380,600,300,300,-1.97235075609416,0.0242847896057923,-0.204401964776425,0.678635741651833
TRUE,86,20.0032742920239,380,600,300,300,-3.99606428945118,3.22021253425877e-05,-0.391580738247649,0.0850859391450074
TRUE,87,22.3996285705677,380,600,300,300,-2.67744919902038,0.00370925507454765,-0.270067677101621,0.66497431299213
TRUE,88,20.9241853066152,380,600,300,300,-3.28570574560074,0.000508636094864069,-0.338957172682753,0.605278455957196
TRUE,89,21.7518090071445,380,600,300,300,-2.66075798687,0.00389824868380216,-0.274980599433264,0.595181768722476
TRUE,90,20.8292661644798,380,600,300,300,-3.09434973321636,0.000986224117969097,-0.316625153111375,0.242109976509262
TRUE,91,21.548263906515,380,600,300,300,-4.44748400008707,4.34409640988729e-06,-0.455848871079436,0.0823511960854102
TRUE,92,20.985824813481,380,600,300,300,-3.21544706087236,0.000651207574089829,-0.321695579629862,0.0368716763688586
TRUE,93,22.281972694894,380,600,300,300,-3.45204956685929,0.000278172757307276,-0.36627758485405,0.011911708600964
TRUE,94,21.7744714788068,380,600,300,300,-3.42606068473714,0.000306201770965209,-0.347781330077517,0.810195426635648
TRUE,95,21.3773695993703,380,600,300,300,-4.89985048488529,4.79548071697181e-07,-0.51577520003089,0.0245632444998748
TRUE,96,21.7409474263576,380,600,300,300,-2.58518176279965,0.00486638369503812,-0.27533010510168,0.00974288047258067
TRUE,97,21.6877382815909,380,600,300,300,-3.8913491995188,4.98441696395815e-05,-0.40134658689391,0.102727335573827
TRUE,98,20.7610448438229,380,600,300,300,-3.87758090579045,5.27501245413102e-05,-0.382099045362645,0.151510245599755
TRUE,99,21.2195456561561,380,600,300,300,-3.73573981230755,9.35820573048019e-05,-0.384180093948181,0.135212292501642
TRUE,100,20.810978814857,380,600,300,300,-3.75187703913671,8.77577735338034e-05,-0.368602619585168,0.360822550135209
TRUE,101,20.7627544709783,380,600,300,300,-3.24219625173557,0.000593061561874786,-0.340205866651457,0.15558372743766
TRUE,102,21.4688057179983,380,600,300,300,-2.74299492719842,0.00304408129989401,-0.276672056101032,0.13193752003348
TRUE,103,20.8348607812402,380,600,300,300,-3.85647612798416,5.75166630904099e-05,-0.408018728038451,0.0449407399050339
TRUE,104,21.228660306525,380,600,300,300,-4.09044828283728,2.15270105680602e-05,-0.425052759867142,0.0715115460414009
TRUE,105,22.7403339664824,380,600,300,300,-4.46588001530495,3.98701464495937e-06,-0.462328063514504,0.0370709865783092
TRUE,106,21.3097968507115,380,600,300,300,-2.31649801483768,0.0102655463510369,-0.230000774055506,0.662461977585943
TRUE,107,21.8915964545061,380,600,300,300,-2.37655031999962,0.00873768882247511,-0.243428752442082,0.193337575788862
TRUE,108,22.1826634524018,380,600,300,300,-5.17676629123355,1.12882366277408e-07,-0.530991352674501,0.0392982516964936
TRUE,109,21.9503813111586,380,600,300,300,-4.05880554322618,2.46621825839804e-05,-0.410445272337207,0.0828085457259797
TRUE,110,21.9801267461078,380,600,300,300,-2.77414667631355,0.00276733590269953,-0.275249343914229,0.58549079631768
TRUE,111,21.0960756797696,380,600,300,300,-3.20411263422401,0.00067739731868715,-0.320787911020545,0.639771165577276
TRUE,112,21.9557491754559,380,600,300,300,-5.07444683892471,1.94312428694052e-07,-0.515038384433757,0.00142814981203258
TRUE,113,22.7307314145192,380,600,300,300,-4.6690909715269,1.51267699691896e-06,-0.479598922974054,0.656111671669331
TRUE,114,22.1164653187966,380,600,300,300,-2.38828163926191,0.00846368207441993,-0.246929061686341,0.275326748357479
TRUE,115,22.2528528662714,380,600,300,300,-4.2123484429451,1.26364641290758e-05,-0.430037348124387,0.0168311473154981
TRUE,116,22.1238492189975,380,600,300,300,-2.53289795042905,0.0056561940666512,-0.255985529946924,0.728822454628792
TRUE,117,21.2317128916242,380,600,300,300,-3.40280228352503,0.000333492640385271,-0.329642436789468,0.405667486796613
TRUE,118,22.2088044223971,380,600,300,300,-2.55498552330678,0.00530961072216053,-0.255987520730691,0.462508421123716
TRUE,119,21.3782160730856,380,600,300,300,-4.83192572439851,6.76093525976742e-07,-0.486802161422101,0.081748243272391
TRUE,120,20.4684731910094,380,600,300,300,-3.56530608187118,0.000181715898064767,-0.361042272242167,0.150713104204202
TRUE,121,22.8675349363312,380,600,300,300,-3.40179382480689,0.000334725608437048,-0.358163256967295,0.105418461119409
TRUE,122,20.6315635878034,380,600,300,300,-2.15613601535344,0.0155365229879251,-0.217354585304881,0.78061341849245
TRUE,123,22.1149738370252,380,600,300,300,-4.38092601620217,5.90879976857187e-06,-0.443020376246713,0.288466389160912
TRUE,124,22.3684779222216,380,600,300,300,-3.00338608149597,0.00133496742310945,-0.313533155458454,0.286061164863075
TRUE,125,21.8676596827958,380,600,300,300,-3.15199040178415,0.000810808018436082,-0.325974744104898,0.557376475666283
TRUE,126,22.1320260140765,380,600,300,300,-2.55502301750414,0.00530903881337136,-0.265336490888423,0.789066484907603
TRUE,127,21.032123560942,380,600,300,300,-3.77566927308916,7.97893052313474e-05,-0.384109300014199,0.255026146323553
TRUE,128,21.214960827634,380,600,300,300,-3.94349164515734,4.01518951528323e-05,-0.398858033853163,0.0260737550424545
TRUE,129,22.5729994896836,380,600,300,300,-3.43662404047402,0.000294506288667491,-0.357172825316767,0.00790887308071404
TRUE,130,21.8697676599026,380,600,300,300,-4.44933428615361,4.30684301754466e-06,-0.453193506078157,0.0640972833482434
TRUE,131,21.2594817404761,380,600,300,300,-1.52087977098864,0.0641450056191782,-0.150797429389236,0.469086249731308
TRUE,132,21.8112174285731,380,600,300,300,-3.27479575810919,0.000528691953366127,-0.342225974579107,0.0688481762538788
TRUE,133,22.080940646257,380,600,300,300,-3.34810028033609,0.000406837816496852,-0.349587290030562,0.41995837287412
TRUE,134,21.1426105099536,380,600,300,300,-3.13411274853526,0.000861873046956414,-0.318243420010062,0.161317034181767
TRUE,135,21.41319710298,380,600,300,300,-4.80205085250129,7.85243973489511e-07,-0.515679861627996,0.160020390011176
TRUE,136,21.5296598372491,380,600,300,300,-2.07309682478436,0.0190816347300407,-0.217139680859761,0.366713213901073
TRUE,137,20.6373458093494,380,600,300,300,-3.78232427202597,7.76853873963956e-05,-0.384997055620094,0.173101352504322
TRUE,138,21.3539747203421,380,600,300,300,-2.46252988555072,0.00689803374042602,-0.246236422925857,0.124279024402449
TRUE,139,21.9939044061175,380,600,300,300,-2.00532883717904,0.02246395195195,-0.207871962508862,0.320253797154977
TRUE,140,21.6000271749108,380,600,300,300,-4.58467923020331,2.27341960373857e-06,-0.466775263821706,0.0287659635970152
TRUE,141,21.2112633201666,380,600,300,300,-3.19926294352431,0.000688897219292175,-0.31505913662191,0.0872854556198131
TRUE,142,20.9118097563833,380,600,300,300,-2.43768099265968,0.00739090614351446,-0.249529891563139,0.623440914521566
TRUE,143,21.6480222133353,380,600,300,300,-3.22322110567185,0.000633788340905527,-0.330445346186673,0.191262991732173
TRUE,144,22.1856549237779,380,600,300,300,-5.20417280980966,9.74313073982299e-08,-0.552494883888741,0.163072241895232
TRUE,145,21.246031420911,380,600,300,300,-5.14018409156611,1.37234711757552e-07,-0.525807895103474,0.121987982412314
TRUE,146,20.6763088062861,380,600,300,300,-5.10596197678759,1.64557934941462e-07,-0.505461838354026,0.296856724950905
TRUE,147,21.629150061258,380,600,300,300,-3.71756882585978,0.000100574598300474,-0.400495023793756,0.010161582097241
TRUE,148,22.0123762407896,380,600,300,300,-3.75472581147088,8.6765668683963e-05,-0.39277368284086,0.0272825040958598
TRUE,149,21.1510090212508,380,600,300,300,-4.30460527161228,8.36418664061937e-06,-0.444382744813749,0.000961490637852793
TRUE,150,20.5389911427663,380,600,300,300,-5.56285235499854,1.32700213773705e-08,-0.572108542590751,0.0402123224172403
TRUE,151,22.8619272714487,380,600,300,300,-4.62566138370777,1.8670246177384e-06,-0.483556976554871,0.0583808518771422
TRUE,152,21.4520534344643,380,600,300,300,-3.37596425092262,0.000367787381303289,-0.343232880944671,0.195775642811893
TRUE,153,21.2002775437822,380,600,300,300,-3.00642480088794,0.00132169713374767,-0.316243997784726,0.123133662292715
TRUE,154,21.9702627260444,380,600,300,300,-5.00588519548036,2.78029466130839e-07,-0.503873674486517,0.155485011124249
TRUE,155,22.9469681284465,380,600,300,300,-3.96189757882468,3.71782191275319e-05,-0.410349237271921,0.0542392178442782
TRUE,156,21.0822015578613,380,600,300,300,-2.54455037103515,0.00547092645959209,-0.269434428721088,0.323157328265235
TRUE,157,21.2697129484251,380,600,300,300,-2.72072762840598,0.00325692038758796,-0.273730172932839,0.418696675184479
TRUE,158,21.7496120363023,380,600,300,300,-3.11649871491399,0.000915062390786153,-0.318133277577082,0.0117575831428575
TRUE,159,21.0701847848576,380,600,300,300,-4.68927823801641,1.37085190640662e-06,-0.496297326066773,0.190873117643745
TRUE,160,21.8038539633351,380,600,300,300,-2.66598522730144,0.00383815330052669,-0.26703034721075,0.474247368213008
TRUE,161,21.3728051105887,380,600,300,300,-3.26682342524541,0.000543807471270779,-0.342789055587281,0.512239563337711
TRUE,162,20.4033688972145,380,600,300,300,-0.913878286989612,0.180390402027715,-0.0916901199350472,0.00270114854790025
TRUE,163,22.110475836239,380,600,300,300,-2.79622941581593,0.00258513424256077,-0.288647592534634,0.479672108669509
TRUE,164,20.5599363174564,380,600,300,300,-3.96134708655237,3.7264052174606e-05,-0.427207410052479,0.367013532514472
TRUE,165,21.8645903866603,380,600,300,300,-4.47808558674,3.76577037433602e-06,-0.454525286325841,0.000960735322996784
TRUE,166,20.6493419637331,380,600,300,300,-3.11314354276356,0.00092552982125037,-0.308227696691157,0.151950486450995
TRUE,167,22.397578804503,380,600,300,300,-3.11643151894321,0.000915270956178004,-0.32402103439955,0.207814193266559
TRUE,168,22.1695721119345,380,600,300,300,-3.82603413994175,6.51121187996454e-05,-0.401078302090088,0.140082253177562
TRUE,169,21.5933682148531,380,600,300,300,-4.57030527124637,2.43507134933112e-06,-0.465325092492288,0.24718657525107
TRUE,170,22.6783478007911,380,600,300,300,-2.53857840833141,0.00556519294473696,-0.270131347293284,0.171493680600125
TRUE,171,22.6555923974795,380,600,300,300,-3.24188026684365,0.000593719496221986,-0.332242951009291,0.011755078602036
TRUE,172,21.676445206264,380,600,300,300,-3.73606967714724,9.3459447417444e-05,-0.37286510169539,0.721558409394577
TRUE,173,21.6766614086136,380,600,300,300,-3.30424075884679,0.000476170041895314,-0.345909371984351,0.431184523885694
TRUE,174,21.9575258057518,380,600,300,300,-3.85801710697247,5.71553244484352e-05,-0.390119877521415,0.907644573859516
TRUE,175,22.2080560161762,380,600,300,300,-2.95888557530594,0.00154376860818344,-0.299217190750066,0.094655467131971
TRUE,176,20.5437964139987,380,600,300,300,-2.12608346511654,0.0167481552223445,-0.231502342922676,0.185343021849215
TRUE,177,21.0838166933941,380,600,300,300,-3.43354703368049,0.000297869418327724,-0.376801405729013,0.12052098986043
TRUE,178,21.7311523842496,380,600,300,300,-5.25277146999225,7.49136971726672e-08,-0.545506341631788,0.0324453544062204
TRUE,179,21.3031083559255,380,600,300,300,-2.49942438212558,0.0062197621914691,-0.254373509124276,0.354893868623526
TRUE,180,22.0695631422289,380,600,300,300,-3.86023122019153,5.66398915235701e-05,-0.40891331639427,0.129863678959329
TRUE,181,21.7337546638223,380,600,300,300,-2.43255242988623,0.00749641035891146,-0.24596623934533,0.0716499313178319
TRUE,182,21.1448882560453,380,600,300,300,-3.67208448343808,0.000120290058796714,-0.387217637487718,0.0124402458395086
TRUE,183,20.8596232205785,380,600,300,300,-3.72707517212155,9.68573480184866e-05,-0.376045341877105,0.0224151181719096
TRUE,184,20.8599405725482,380,600,300,300,-3.99189907037891,3.2773135430145e-05,-0.39502634248956,0.617602473004962
TRUE,185,22.8880600963533,380,600,300,300,-2.39104349112564,0.00840028130007566,-0.253117144417194,0.0500436135839923
TRUE,186,21.5093720361464,380,600,300,300,-2.36052589897498,0.00912452200703498,-0.240776522269935,0.11794208375797
TRUE,187,21.7088717354981,380,600,300,300,-4.15410475196297,1.63281778921126e-05,-0.435779604572392,0.806436836686821
TRUE,188,22.4027183700483,380,600,300,300,-2.18017381768178,0.0146222898072736,-0.218367984570064,0.685825199425955
TRUE,189,20.8819893894194,380,600,300,300,-1.38318423821419,0.0833041906950769,-0.148517942993868,0.591319516657967
TRUE,190,20.8580534127145,380,600,300,300,-4.42403109050846,4.84380347626019e-06,-0.454455446258261,0.103480931591785
TRUE,191,21.5691440019975,380,600,300,300,-3.27434140336363,0.000529542854040365,-0.325544671341689,0.00633794353118591
TRUE,192,21.4633237142312,380,600,300,300,-3.23897853683464,0.000599793001041217,-0.330201471599604,0.733658251716531
TRUE,193,20.991155027082,380,600,300,300,-1.95005781575694,0.0255846142028173,-0.202918020040554,0.107807989423683
TRUE,194,21.4258736167713,380,600,300,300,-1.64583413573766,0.0498989561179967,-0.170285815420163,0.177556489667129
TRUE,195,21.2852000392063,380,600,300,300,-2.17666705059456,0.0147527092092104,-0.22015563586282,0.397470270170905
TRUE,196,21.7295516534959,380,600,300,300,-2.69917404788689,0.00347559059965375,-0.272516981440984,0.230020090373148
TRUE,197,22.0032911652784,380,600,300,300,-3.8696999293219,5.44846949168034e-05,-0.412063952217833,0.00647341425874752
TRUE,198,21.1110368855204,380,600,300,300,-4.12633551979046,1.84294702560495e-05,-0.433927884088576,0.465577287784592
TRUE,199,21.6041257535078,380,600,300,300,-3.48983746070862,0.000241657205605568,-0.365023963881533,0.184854013643738
TRUE,200,21.8665060330657,380,600,300,300,-4.22514080892201,1.19395710251911e-05,-0.446465992400997,0.112386550226553
TRUE,201,22.4689633174986,380,600,300,300,-4.15911329031233,1.59742709911708e-05,-0.441751879801365,0.00451552766489697
TRUE,202,22.3643793843873,380,600,300,300,-3.47832815128725,0.000252275919931405,-0.357441369087038,0.663930558093234
TRUE,203,22.4161455321077,380,600,300,300,-3.80234626016517,7.16661056360162e-05,-0.410571388212832,0.327488123217086
TRUE,204,20.9231158876242,380,600,300,300,-2.88541944038004,0.00195446244238954,-0.289745582821647,0.0210345262819232
TRUE,205,21.2783810540957,380,600,300,300,-2.60480838616523,0.00459628267559623,-0.275355746333411,0.612119530050866
TRUE,206,20.4647516442583,380,600,300,300,-2.55150651617146,0.00536291592057177,-0.267635769503267,0.124546134207966
TRUE,207,21.8422541336645,380,600,300,300,-3.05625887472919,0.00112058831312441,-0.316742935152812,0.477294068952086
TRUE,208,22.3913360898285,380,600,300,300,-3.77152100806654,8.1127747265402e-05,-0.392069955058344,0.692645724560842
TRUE,209,21.6799902479937,380,600,300,300,-2.13498917136209,0.0163809473261655,-0.221902099511951,0.462503961417718
TRUE,210,20.4843698896849,380,600,300,300,-2.51930049903431,0.00587941274950664,-0.259333356305744,0.719966472773487
TRUE,211,21.1915134514881,380,600,300,300,-1.95951823484289,0.0250260632547707,-0.202907237255493,0.0876342902313432
TRUE,212,21.5257707980981,380,600,300,300,-3.16702288623515,0.000770040987394537,-0.319531798007281,0.280368513780834
TRUE,213,21.3824131528661,380,600,300,300,-5.79908599248724,3.3338668149195e-09,-0.598298186251806,0.00256228850159303
TRUE,214,22.4670169137748,380,600,300,300,-1.39570405961208,0.0814018156619313,-0.144454392847125,0.0458679812490801
TRUE,215,22.3451251551982,380,600,300,300,-2.0062509552312,0.0224147399136421,-0.203603860809851,0.891161996732858
TRUE,216,20.1248959106242,380,600,300,300,-4.84742718253864,6.25364587909123e-07,-0.485119511422718,0.0971678343739035
TRUE,217,21.3502522470774,380,600,300,300,-6.02909174619555,8.2441835257243e-10,-0.602879098650852,0.00289394287592011
TRUE,218,21.9422164220642,380,600,300,300,-5.80945349142756,3.13385510940094e-09,-0.606065743347133,0.0246972672722056
TRUE,219,22.2663813550706,380,600,300,300,-2.40481780774392,0.00809026516631262,-0.248363236261648,0.0771232593131503
TRUE,220,21.62425321877,380,600,300,300,-4.93574815131126,3.99220435246704e-07,-0.485157670541261,0.0403989098053761
TRUE,221,20.527102960148,380,600,300,300,-2.94080083698926,0.00163682471585003,-0.300889047416892,0.960219718736154
TRUE,222,21.8979508326834,380,600,300,300,-4.34771497048013,6.87816075995278e-06,-0.427101462516402,0.66741347023731
TRUE,223,21.5845196861455,380,600,300,300,-2.37422314480982,0.00879295946529479,-0.239123778918746,0.325919078314374
TRUE,224,23.2990578194006,380,600,300,300,-3.2917478689729,0.000497834161080696,-0.347416203158934,0.180057463894107
TRUE,225,22.3578463317858,380,600,300,300,-3.16107185013536,0.000785948595747732,-0.321884970004959,0.0753172790109515
TRUE,226,21.1834053722941,380,600,300,300,-2.99477550981649,0.00137323447823212,-0.310809611722735,0.139621982960566
TRUE,227,22.3669362713584,380,600,300,300,-3.56357993255748,0.000182915613415069,-0.365587555493938,0.464124066653686
TRUE,228,20.7166600033804,380,600,300,300,-2.84472447838402,0.002222492654776,-0.294414998974181,0.596677157482969
TRUE,229,22.3821043074076,380,600,300,300,-4.32297547987139,7.69694241188027e-06,-0.438185846975025,0.00707200212276817
TRUE,230,21.5316828983179,380,600,300,300,-4.84380826496499,6.36869265478054e-07,-0.491348472129425,0.00979705784545551
TRUE,231,21.4922219621562,380,600,300,300,-3.04476213946016,0.00116432198876329,-0.312000590454546,0.319915495148656
TRUE,232,21.6777405077807,380,600,300,300,-3.66495869180682,0.000123689253697923,-0.379695143068624,0.580609747760033
TRUE,233,21.8706624004911,380,600,300,300,-4.13028788574058,1.81154623752941e-05,-0.432535498529002,0.164642684132946
TRUE,234,21.8439077392872,380,600,300,300,-4.20810801510067,1.28758885643614e-05,-0.440274218613905,0.00687609491551973
TRUE,235,21.6859159164688,380,600,300,300,-3.79578602367286,7.35882005861495e-05,-0.394871100004246,0.005204362185372
TRUE,236,21.1245192263515,380,600,300,300,-3.46822712702162,0.000261952144793113,-0.356220647914247,0.259893831560839
TRUE,237,21.5700481065288,380,600,300,300,-3.93221644516602,4.20831152341408e-05,-0.397087654781718,0.033024427685545
TRUE,238,21.5356798695925,380,600,300,300,-3.20308243201946,0.000679825284217476,-0.323003192855766,0.23276769919607
TRUE,239,22.3870272625904,380,600,300,300,-5.06734884434085,2.01697301817348e-07,-0.518191627942467,0.0710903214668775
TRUE,240,21.4540494929635,380,600,300,300,-3.77255453596896,8.07923162780005e-05,-0.383443823433718,0.119544913575356
TRUE,241,22.341647829484,380,600,300,300,-4.33619828894729,7.24840894388913e-06,-0.442542164386042,0.0120298423189543
TRUE,242,22.005609854255,380,600,300,300,-3.95006268807217,3.90653636352436e-05,-0.406755212949539,0.206473567401199
TRUE,243,21.887543169526,380,600,300,300,-1.43996333098921,0.0749388868682707,-0.156032466443449,0.389196191898984
TRUE,244,21.2235546314412,380,600,300,300,-3.94730022854359,3.95187095538898e-05,-0.407562168817586,0.191280428240493
TRUE,245,22.3564391193802,380,600,300,300,-4.92219804489939,4.2788772453315e-07,-0.511611836487571,0.073043566668194
TRUE,246,22.7016150241066,380,600,300,300,-2.93423882703284,0.00167183409507804,-0.317463841008699,0.240480981417352
TRUE,247,22.7967101868576,380,600,300,300,-4.21544309467897,1.24644123778877e-05,-0.444973778197087,0.0343050516234272
TRUE,248,21.2661492594292,380,600,300,300,-2.98787188513395,0.00140463644062599,-0.298543175190421,0.63147946767993
TRUE,249,21.8948000433335,380,600,300,300,-2.81691475355767,0.00242436966591927,-0.292648402297387,0.0209656129841753
TRUE,250,22.2713190105675,380,600,300,300,-3.73281575228071,9.46755524817406e-05,-0.370995430611189,0.0549174470367729
TRUE,251,21.7857186358452,380,600,300,300,-3.20088873219292,0.000685022132300531,-0.349371935076838,0.528496943025176
TRUE,252,21.25478013908,380,600,300,300,-4.95067107554924,3.69790057552227e-07,-0.505576664021524,0.0087931950793653
TRUE,253,20.9301561852479,380,600,300,300,-3.06721427266831,0.00108031957264562,-0.319715509011839,0.180133591734553
TRUE,254,21.032942779821,380,600,300,300,-3.05518051327803,0.0011246255012446,-0.310488415774926,0.455954326458799
TRUE,255,21.2546244741741,380,600,300,300,-3.56736843779329,0.000180292158255621,-0.377943401037561,0.024148565780689
TRUE,256,21.6254843511359,380,600,300,300,-4.30764877045506,8.24995576518375e-06,-0.448355123116874,0.10996001576395
TRUE,257,21.1433885027779,380,600,300,300,-2.73894324613159,0.00308185062646506,-0.29208318429325,0.00270376672274209
TRUE,258,21.4222872141439,380,600,300,300,-2.30809679023672,0.0104968768387791,-0.246469262186853,0.647685737932959
TRUE,259,21.826115728271,380,600,300,300,-3.41371001424745,0.000320423729897964,-0.34616638610662,0.443092084231281
TRUE,260,21.3039333619138,380,600,300,300,-2.70876152468492,0.0033767431479046,-0.286225414636996,0.718505482453322
TRUE,261,21.6994988907315,380,600,300,300,-2.31150756082206,0.010402418011823,-0.247121574024197,0.718928139738557
TRUE,262,21.9184405287342,380,600,300,300,-3.99601386475659,3.22089814073106e-05,-0.402803613051096,0.0764377814824005
TRUE,263,22.1448303093873,380,600,300,300,-3.75468174299039,8.678093519057e-05,-0.382061681629248,0.0625414564656598
TRUE,264,20.7348218121282,380,600,300,300,-3.18195638355139,0.000731419233056862,-0.327294415538698,0.285093816855088
TRUE,265,21.1593418990541,380,600,300,300,-3.85680336168331,5.74397515189817e-05,-0.395672302113921,0.52093813795616
TRUE,266,21.6228913883585,380,600,300,300,-2.80994780165767,0.00247747677322044,-0.285306285544423,0.0728008187030251
TRUE,267,21.7047559421784,380,600,300,300,-2.09191721375875,0.0182229609773968,-0.215219322745102,0.154403892575536
TRUE,268,22.3167254388908,380,600,300,300,-3.31198162316054,0.000463188154669298,-0.342139413254285,0.0993052146453303
TRUE,269,21.0665079718549,380,600,300,300,-3.19994594939535,0.000687266810469305,-0.313203108781572,0.211351921897317
TRUE,270,21.7934010660476,380,600,300,300,-3.14935396716189,0.000818159333420052,-0.321859433513735,0.0298139892581384
TRUE,271,22.8236284467138,380,600,300,300,-5.10724597615755,1.63444052758297e-07,-0.499285589058104,0.550506599457567
TRUE,272,21.193552127768,380,600,300,300,-1.5923850939193,0.055649101716333,-0.159958866636473,0.299047180950464
TRUE,273,22.706553723517,380,600,300,300,-3.09245723329142,0.000992534171349216,-0.316772763275413,0.177583583855998
TRUE,274,21.7251706712144,380,600,300,300,-4.19314175254801,1.37558703099974e-05,-0.435365572592625,0.464501068512996
TRUE,275,22.1643882049118,380,600,300,300,-3.71620248250086,0.000101119765005626,-0.386720189163011,0.0948010912015111
TRUE,276,21.7152259310991,380,600,300,300,-3.0971356222346,0.000977002272311984,-0.305261731794095,0.763865739701028
TRUE,277,22.0959309244519,380,600,300,300,-3.96026488645114,3.74333360107456e-05,-0.399125618216345,0.0909201018709231
TRUE,278,21.5230286136169,380,600,300,300,-3.97341291569842,3.54250345296805e-05,-0.412170031959684,0.173050763177325
TRUE,279,21.4302293136902,380,600,300,300,-3.08894985431415,0.0010043266975747,-0.321093799048827,0.0322519277554361
TRUE,280,21.7168642862533,380,600,300,300,-3.65682428599344,0.000127679649357813,-0.381623476833657,0.404109614353158
TRUE,281,21.3975321793937,380,600,300,300,-2.24621734629704,0.0123450448450469,-0.232893657613966,0.78416083384252
TRUE,282,22.0766499271965,380,600,300,300,-2.40901500117034,0.00799782024284653,-0.248545124352162,0.0105686829913952
TRUE,283,20.7506995841015,380,600,300,300,-5.25561843704256,7.37639375000376e-08,-0.542181592410462,0.0349802569958877
TRUE,284,22.2965476356917,380,600,300,300,-2.96188594986849,0.00152880509383419,-0.318270177199233,0.910571279122278
TRUE,285,22.798339926438,380,600,300,300,-3.06933436926588,0.00107268164496933,-0.327641667947817,0.531481382186176
TRUE,286,22.0400591388996,380,600,300,300,-2.62209638756823,0.00436953556231462,-0.271911438363006,0.0295722414387472
TRUE,287,22.4275509201083,380,600,300,300,-4.46186819938061,4.06240977476514e-06,-0.465000620089094,0.264359088989783
TRUE,288,21.2131977390831,380,600,300,300,-3.46327606915085,0.000266820286028493,-0.353145582591891,0.660638029195412
TRUE,289,20.8429812249541,380,600,300,300,-1.21697300211325,0.111807244018929,-0.122844019928102,0.037204788792262
TRUE,290,21.5393553607323,380,600,300,300,-3.66853497203514,0.000121972164670776,-0.379969386090259,0.0286225495343744
TRUE,291,21.5865676847708,380,600,300,300,-2.02701839750201,0.0213302656148763,-0.205733758639047,0.407669048611527
TRUE,292,21.4407499581771,380,600,300,300,-3.5635762844464,0.000182918156764283,-0.371326563677598,0.282840006486506
TRUE,293,22.5439939428119,380,600,300,300,-5.32477540162039,5.0538926406026e-08,-0.543993770903647,0.31463148612218
TRUE,294,22.520588173302,380,600,300,300,-4.94577758160191,3.79202570898266e-07,-0.504755906173949,0.0652722365802732
TRUE,295,21.78610909857,380,600,300,300,-4.79359019465182,8.19113772762871e-07,-0.493882983654654,0.00571701510099211
TRUE,296,22.2976951518576,380,600,300,300,-2.69356453169647,0.00353462295968984,-0.265884344876867,0.279993012526131
TRUE,297,20.8369148438312,380,600,300,300,-4.40964227362509,5.177075766472e-06,-0.439838699982019,0.101416120583238
TRUE,298,21.84110832202,380,600,300,300,-3.59459434036453,0.000162448702039304,-0.369458912890424,0.0713893074855201
TRUE,299,21.2634641992968,380,600,300,300,-3.35295142976373,0.000399773680659462,-0.333091903614611,0.11378512940555
TRUE,300,21.4326599096938,380,600,300,300,-3.47105534283756,0.00025920857111071,-0.330422215567234,0.646209639020298
TRUE,301,21.8172518591843,380,600,300,300,-3.90482892585108,4.71460317995866e-05,-0.418555889618123,0.414596459235946
TRUE,302,21.7774732258798,380,600,300,300,-3.23925325991906,0.00059921553796755,-0.326072626616685,0.00808990540558807
TRUE,303,21.505195947049,380,600,300,300,-4.26305041748953,1.00827498267273e-05,-0.445613689157376,0.204192828930633
TRUE,304,22.4111219407229,380,600,300,300,-3.54644195301578,0.000195235377274635,-0.363051739008442,0.197045253733328
TRUE,305,22.3024571423136,380,600,300,300,-4.59250762744599,2.18975749247445e-06,-0.46483079707903,0.0660016994169724
TRUE,306,20.5913856121584,380,600,300,300,-3.38338337193553,0.000357993050771764,-0.335926468183353,0.000545399777018492
TRUE,307,22.0545735620629,380,600,300,300,-3.37516207591851,0.000368861150641412,-0.350669321116961,0.060213164200922
TRUE,308,21.7677852964979,380,600,300,300,-2.43309015769402,0.00748528636597976,-0.254815558325391,0.107446211317124
TRUE,309,21.4499270985854,380,600,300,300,-2.34082965841034,0.00962047178676891,-0.240486544727679,0.370489903686829
TRUE,310,22.0305750337243,380,600,300,300,-3.46397017226256,0.000266132763271001,-0.372827589793403,0.218514269552306
TRUE,311,20.7227480007035,380,600,300,300,-3.22487099706819,0.000630147222801237,-0.332603724048673,0.200584410781071
TRUE,312,22.0070221090827,380,600,300,300,-4.36597941347209,6.32771997272546e-06,-0.451120958142655,0.722054393035312
TRUE,313,21.7221952084545,380,600,300,300,-3.38408198947434,0.000357083367060763,-0.339842071378949,0.410346896026956
TRUE,314,21.2305558657803,380,600,300,300,-2.5524949776468,0.005347722576315,-0.261534893446838,0.0255803259276328
TRUE,315,21.4581461359404,380,600,300,300,-2.85242903147619,0.00216932495619742,-0.298378058170863,0.0690686154818804
TRUE,316,21.089909642275,380,600,300,300,-3.44725099220318,0.000283161094394902,-0.350458092422317,0.375634819280698
TRUE,317,22.3946238473571,380,600,300,300,-3.95211054416654,3.87324692453816e-05,-0.404019650380262,0.101256030105587
TRUE,318,22.1489551260504,380,600,300,300,-4.27612002059231,9.50893609440386e-06,-0.448152029234708,0.536406577939619
TRUE,319,20.8562380090356,380,600,300,300,-2.03894436626493,0.0207277901548296,-0.199138230909726,0.484651014949123
TRUE,320,21.7424103527381,380,600,300,300,-2.95143368611626,0.00158151228647842,-0.301345893388604,0.0856535142474267
TRUE,321,20.8506480249198,380,600,300,300,-3.09909688887747,0.000970557647194633,-0.326745987472026,0.0985505302075056
TRUE,322,21.6676274001269,380,600,300,300,-3.94191615613727,4.04166176820747e-05,-0.394943163981616,0.0304466364561033
TRUE,323,21.2971940067597,380,600,300,300,-4.22060692665988,1.21822727390354e-05,-0.431375516821909,0.0210416836715229
TRUE,324,22.2578772338875,380,600,300,300,-3.48413445287027,0.000246865696006203,-0.354920426788079,0.0762807017078015
TRUE,325,21.948631778395,380,600,300,300,-4.27959713675155,9.36159548302413e-06,-0.438356361552907,0.142531585683434
TRUE,326,21.6333627821874,380,600,300,300,-2.74558627740205,0.00302014413728355,-0.282785790147,0.478374278569001
TRUE,327,21.0434394190651,380,600,300,300,-1.75026795140092,0.0400360441550172,-0.173263835808355,0.0565642924594431
TRUE,328,20.7641342688818,380,600,300,300,-2.0438065833387,0.0204863292746888,-0.206210835138533,0.278858914590438
TRUE,329,21.2070362960782,380,600,300,300,-3.45475777611121,0.000275393707010522,-0.335688860685722,0.848175260419632
TRUE,330,21.9720575600402,380,600,300,300,-4.10408473926307,2.02959334904651e-05,-0.416881693271303,0.0951542140706305
TRUE,331,20.6222815068159,380,600,300,300,-2.93202452250443,0.00168380077314953,-0.294229344108769,0.194390428749755
TRUE,332,21.3304240965843,380,600,300,300,-2.97502416484412,0.00146482734352218,-0.304694658873397,0.374573146208971
TRUE,333,21.187400706728,380,600,300,300,-5.22198364823513,8.85083017420712e-08,-0.529251523602059,0.0556561467305059
TRUE,334,21.0073487213293,380,600,300,300,-4.61297380666885,1.98474171196936e-06,-0.476385177924128,0.154340167899258
TRUE,335,20.763094778663,380,600,300,300,-4.58489945752401,2.27102473023819e-06,-0.470805540442422,0.0123331225307552
TRUE,336,20.8750285527065,380,600,300,300,-2.80713558110934,0.00249920995488008,-0.282925093050512,0.570100721645233
TRUE,337,21.851616741713,380,600,300,300,-4.22859184161545,1.17579259864205e-05,-0.440393615325772,0.268991025644896
TRUE,338,22.4634322152953,380,600,300,300,-2.95416628539456,0.00156757512803989,-0.296812839315495,0.122724880820913
TRUE,339,21.3157545327496,380,600,300,300,-1.61872694488619,0.0527530133638993,-0.16845844648628,0.28522979506477
TRUE,340,21.0344923826493,380,600,300,300,-3.30730342772594,0.00047099398899125,-0.339347979281433,0.0259741294914609
TRUE,341,20.8028807820662,380,600,300,300,-2.93126995691156,0.0016878964258241,-0.315972541111492,0.0119307758165448
TRUE,342,21.0615197895969,380,600,300,300,-4.17612879594419,1.48255988098194e-05,-0.437708741247795,0.12020320419687
TRUE,343,22.699881823219,380,600,300,300,-2.67748428279815,0.00370886663345775,-0.267827486513199,0.182966645886961
TRUE,344,21.3480037522084,380,600,300,300,-3.28864531175236,0.000503354010419346,-0.35541023978899,0.00667838222866963
TRUE,345,21.9135772245487,380,600,300,300,-4.29510832448648,8.73040285047738e-06,-0.434088371872565,0.158019028672163
TRUE,346,22.5858551649867,380,600,300,300,-2.79933899137477,0.00256036735672809,-0.281055302841233,0.272213142771449
TRUE,347,20.3855895359775,380,600,300,300,-3.61215723238399,0.000151830172933872,-0.385144161273905,0.157942103947078
TRUE,348,21.637051634117,380,600,300,300,-4.69414696359463,1.3386076017319e-06,-0.467624736103562,0.129270211315803
TRUE,349,21.9424048595376,380,600,300,300,-2.7576421624465,0.00291099457638899,-0.284517558994991,0.124952103304891
TRUE,350,20.9212997358339,380,600,300,300,-4.34117042345902,7.08628702451598e-06,-0.436267877236481,0.123252179167384
TRUE,351,22.0001487744008,380,600,300,300,-4.28878947814185,8.98247742444883e-06,-0.4346466437136,0.00262900612765755
TRUE,352,23.2221845749413,380,600,300,300,-3.04587686325081,0.00116001414111285,-0.316536474349233,0.421588493348958
TRUE,353,21.7872942370679,380,600,300,300,-2.34242062315825,0.00957955445796129,-0.248906571512234,0.18206447321693
TRUE,354,19.9846785391431,380,600,300,300,-4.41732776871048,4.99643193982226e-06,-0.453493581143762,0.159782445121327
TRUE,355,20.5877498589272,380,600,300,300,-3.13479566465066,0.000859869273590777,-0.315399301261837,0.195381391567705
TRUE,356,21.0529724590363,380,600,300,300,-3.91111859065284,4.59348233231798e-05,-0.395013816737616,0.651963623117572
TRUE,357,21.7494814547058,380,600,300,300,-3.93903546312448,4.09049192291349e-05,-0.41861618778016,0.102354998073358
TRUE,358,21.5152869251998,380,600,300,300,-1.78548614095433,0.0370912486732461,-0.180968476311755,0.0833057081819771
TRUE,359,22.0445963845553,380,600,300,300,-2.96635372459122,0.00150676836670275,-0.300310735704189,0.463270459151408
TRUE,360,21.8377597165375,380,600,300,300,-2.97005945832774,0.00148871057421154,-0.319151475057513,0.747971675512151
TRUE,361,20.581090940767,380,600,300,300,-2.36856319326076,0.00892866474429203,-0.240825746517811,0.798061846555325
TRUE,362,21.9836828555212,380,600,300,300,-5.57028571313105,1.27160967305266e-08,-0.583854215617047,0.00693784887316677
TRUE,363,21.3365027441203,380,600,300,300,-2.82074598386237,0.00239560623990565,-0.293353829147434,0.692363957447401
TRUE,364,22.3977399380844,380,600,300,300,-3.89314829775489,4.9475810151241e-05,-0.407631496181007,0.133156775627585
TRUE,365,21.6062848943045,380,600,300,300,-0.451625532488958,0.32576938654711,-0.0477865525082121,0.0285081556741761
TRUE,366,21.502125030189,380,600,300,300,-3.72375627852067,9.81402093110568e-05,-0.375355479961144,0.741200697176144
TRUE,367,21.5430585175303,380,600,300,300,-4.04258609777297,2.64324456747674e-05,-0.407130426007371,0.164167850570138
TRUE,368,21.9005719084436,380,600,300,300,-4.88289048395029,5.22709699142574e-07,-0.493867588111663,0.131162569153446
TRUE,369,21.5444608894579,380,600,300,300,-2.27384400343281,0.0114876837414908,-0.234126894681056,0.0640479081137736
TRUE,370,21.1827534283559,380,600,300,300,-4.46892439196632,3.93069551336924e-06,-0.460812654953902,0.00496364172072669
TRUE,371,20.6862131370212,380,600,300,300,-4.760577880509,9.65197117856256e-07,-0.485183110722648,0.278300942347466
TRUE,372,22.2346656043455,380,600,300,300,-3.60496787924665,0.000156095769205029,-0.359888961477009,0.182938716131012
TRUE,373,22.0076385565102,380,600,300,300,-3.98469076342932,3.37840292905081e-05,-0.405820377469736,0.0697564396082078
TRUE,374,21.3852171992505,380,600,300,300,-4.05604395487249,2.49554354162898e-05,-0.406367380759073,0.427191278757887
TRUE,375,21.756301605409,380,600,300,300,-2.68240877829174,0.00365470416955097,-0.273794833942831,0.146249153236142
TRUE,376,21.2863452966354,380,600,300,300,-2.25108142278636,0.0121901904037272,-0.234295936529435,0.221181225880644
TRUE,377,22.5357906025746,380,600,300,300,-2.67508513361759,0.00373551379058267,-0.273949366381418,0.0125648002231445
TRUE,378,22.0813969572796,380,600,300,300,-4.40409019191773,5.31143722592441e-06,-0.452979178636341,0.118558271587937
TRUE,379,21.7258020109546,380,600,300,300,-3.49341484247461,0.000238442527259594,-0.362085506521559,0.138189076165595
TRUE,380,22.6599542618285,380,600,300,300,-3.36552274701167,0.000381993838212144,-0.358815755786263,0.410895767732364
TRUE,381,22.2947254023743,380,600,300,300,-3.70896560377694,0.000104053846632309,-0.389379510139416,0.272377932536488
TRUE,382,21.8881293484969,380,600,300,300,-2.72016400061964,0.00326247730158129,-0.275339019599116,0.496261459183593
TRUE,383,20.4347461379001,380,600,300,300,-2.49247783480777,0.0063427623986953,-0.256047546243241,0.0445182922840563
TRUE,384,22.0261428707524,380,600,300,300,-2.39186476070144,0.0083815089210763,-0.260165284610904,0.478394214294984
TRUE,385,21.9917148042467,380,600,300,300,-1.79630867696362,0.0362227193215861,-0.188995847184544,0.412595290678181
TRUE,386,22.1684100405872,380,600,300,300,-4.46496873539527,4.0040222411777e-06,-0.46435808294868,0.000259155052286704
TRUE,387,21.1502653796869,380,600,300,300,-2.90818129757348,0.00181768756876313,-0.300346092405314,0.0180077155825256
TRUE,388,23.3660384792928,380,600,300,300,-4.0671204372652,2.37988232892179e-05,-0.423350715654882,0.202494645493209
TRUE,389,21.1816373473617,380,600,300,300,-3.17055589398915,0.000760737792188621,-0.323072689081356,0.161658219155089
TRUE,390,21.9055214293071,380,600,300,300,-3.36661216405726,0.000380488142691143,-0.346432140922677,0.0167122670447026
TRUE,391,21.8579724125891,380,600,300,300,-5.3673645436478,3.9947734952261e-08,-0.539576375910774,0.00457570253965177
TRUE,392,21.892592348622,380,600,300,300,-3.80558370937734,7.07350781088258e-05,-0.40637641661913,0.230093091965905
TRUE,393,21.4462205028188,380,600,300,300,-4.30875150434516,8.2089352975132e-06,-0.448819505499286,0.146168155452808
TRUE,394,21.5151270937347,380,600,300,300,-4.78976034030796,8.34903132573739e-07,-0.477115031694425,0.177631808966503
TRUE,395,22.3176728263811,380,600,300,300,-1.82696935934578,0.0338521882502993,-0.192521072326359,0.0640969596377431
TRUE,396,22.0496657437474,380,600,300,300,-3.89044066024825,5.00311724539744e-05,-0.420653431605164,0.175339174577158
TRUE,397,22.3026551630554,380,600,300,300,-2.42609993610582,0.00763103346751225,-0.25109724273054,0.647270940350691
TRUE,398,21.7509659920259,380,600,300,300,-3.92449294167346,4.34563037219543e-05,-0.41861761269988,0.0062648313488007
TRUE,399,21.5096695976383,380,600,300,300,-3.76396047627624,8.36216642353783e-05,-0.363950731297612,0.445066171366567
TRUE,400,21.9071985472852,380,600,300,300,-4.57771423768468,2.35042128069473e-06,-0.452159836017054,0.317868139584642
TRUE,401,22.550910527464,380,600,300,300,-3.140300690007,0.000843872532699548,-0.327948396048407,0.393883249191145
TRUE,402,21.4725058733245,380,600,300,300,-2.40822491203312,0.00801515099171465,-0.247170735154962,0.360128428872849
TRUE,403,20.7602596514108,380,600,300,300,-2.88357161357842,0.00196596616641685,-0.288858092739127,0.51699943888646
TRUE,404,21.7564084679447,380,600,300,300,-3.92709096437715,4.29897349148778e-05,-0.410985703565614,0.0445028159067981
TRUE,405,21.5328706271475,380,600,300,300,-1.22346135770955,0.11057774539314,-0.127045334367966,0.9272671234669
TRUE,406,20.832764427112,380,600,300,300,-4.05373840484894,2.52027901498454e-05,-0.42009185359898,0.142642540235115
TRUE,407,20.7311109018953,380,600,300,300,-2.93624907562603,0.00166103731559315,-0.299749019283121,0.834848813484988
TRUE,408,20.4324761972596,380,600,300,300,-2.93537826511859,0.00166570650344799,-0.307212907775761,0.0211758452181764
TRUE,409,21.3679239427153,380,600,300,300,-4.10293163367041,2.03973911944325e-05,-0.414171070639615,0.0953338377789753
TRUE,410,21.5409234771054,380,600,300,300,-3.21377885794918,0.000655002620126981,-0.322738475908248,0.0271429129062058
TRUE,411,22.0945700105013,380,600,300,300,-4.48525140868522,3.64140057652688e-06,-0.448263927954636,0.0432729763867416
TRUE,412,21.7510715352068,380,600,300,300,-3.07590296383773,0.00104933066202796,-0.324667702589771,0.101702165116957
TRUE,413,21.8188730054024,380,600,300,300,-2.33485068653019,0.00977561112786681,-0.261816082265518,0.322229123728521
TRUE,414,21.1171836372247,380,600,300,300,-3.56997853675177,0.000178505239120606,-0.372550727810489,0.0210418079964223
TRUE,415,21.7863259724803,380,600,300,300,-3.77403035408893,8.03156017767209e-05,-0.414534095800648,0.295009071635633
TRUE,416,21.7732297419291,380,600,300,300,-2.10934638431438,0.0174573468953736,-0.211539910980745,0.754971743087452
TRUE,417,21.2685266499999,380,600,300,300,-2.50967817791474,0.00604206174536912,-0.257238581424661,0.536453517263044
TRUE,418,21.3801264597941,380,600,300,300,-5.57429365750211,1.24268095981323e-08,-0.574443926434476,0.626776132438435
TRUE,419,22.1591192187202,380,600,300,300,-4.45477514665894,4.19905819349582e-06,-0.455617329371947,0.00770179138186751
TRUE,420,21.6937192028482,380,600,300,300,-3.89285511001023,4.95356635868402e-05,-0.389364340386354,0.267727507454146
TRUE,421,20.8694047773025,380,600,300,300,-3.14744565488956,0.000823518597340912,-0.31493017338379,0.110609215968904
TRUE,422,21.1665044428439,380,600,300,300,-4.74767130968573,1.02886041206154e-06,-0.496933427769867,0.0200391382538601
TRUE,423,21.8967520940931,380,600,300,300,-3.60587471620197,0.000155551606408054,-0.380272817717955,0.308592943575843
TRUE,424,22.5750548177526,380,600,300,300,-1.94429804286515,0.0259297602683052,-0.2086802602283,0.329302978268082
TRUE,425,21.704565389771,380,600,300,300,-2.86292847215103,0.00209872653902625,-0.294161239477293,0.860095114832638
TRUE,426,21.6366788589048,380,600,300,300,-3.67196845585789,0.000120344698210087,-0.382356332329682,0.171962600078002
TRUE,427,20.0602858505924,380,600,300,300,-3.70915630016803,0.00010397551646712,-0.385594433330526,0.00731147318255611
TRUE,428,21.4814850782389,380,600,300,300,-4.09186140979561,2.13962190885155e-05,-0.419571262686488,0.0351140943674272
TRUE,429,21.4665579730468,380,600,300,300,-4.1443271289089,1.70406470125179e-05,-0.422643058326437,0.159862358297322
TRUE,430,21.5694180576193,380,600,300,300,-2.58825500607125,0.00482317695815522,-0.28377724044032,0.28516119194995
TRUE,431,21.0905684231692,380,600,300,300,-3.41953025766814,0.000313646778735714,-0.349073751019202,0.560766992585715
TRUE,432,21.9049560573815,380,600,300,300,-3.14740141425438,0.000823643224058243,-0.329275763852648,0.0877105111648131
TRUE,433,22.0362185756117,380,600,300,300,-3.63608746269311,0.000138405189812531,-0.36854982841485,0.0438902513818893
TRUE,434,21.6761657863172,380,600,300,300,-4.06399880001579,2.41195368680659e-05,-0.429806224793963,0.0295217508538056
TRUE,435,22.9116603170801,380,600,300,300,-2.99866818934027,0.00135581221984158,-0.305978683577903,0.283891400049413
TRUE,436,20.6127740999849,380,600,300,300,-2.87424192802377,0.00202499301447058,-0.29860772535199,0.0957375645203709
TRUE,437,22.0371113283379,380,600,300,300,-2.27866110678155,0.0113436092131516,-0.232216296185554,0.250576230827429
TRUE,438,21.9718676028494,380,600,300,300,-3.59765818098265,0.000160547609760883,-0.381784482404294,0.0723983979158263
TRUE,439,22.3099323214497,380,600,300,300,-4.00398684221104,3.11419151497884e-05,-0.398638162549469,0.711547029830056
TRUE,440,21.6491040298087,380,600,300,300,-5.92666666729051,1.54572802446281e-09,-0.636352212543365,0.00152740076176864
TRUE,441,21.6161745487555,380,600,300,300,-2.85002903817072,0.00218576189059872,-0.305847553760165,0.43728033008902
TRUE,442,21.2032000250928,380,600,300,300,-3.9572029691743,3.791624677392e-05,-0.41442561098074,0.0500201681391323
TRUE,443,21.1583390957359,380,600,300,300,-1.49485295531023,0.0674764111886612,-0.144475594728626,0.163418276505531
TRUE,444,21.7174622238612,380,600,300,300,-2.47549358459314,0.00665260760554554,-0.266697927568193,0.507021202026407
TRUE,445,22.1743087591909,380,600,300,300,-2.63125253421807,0.00425353982884206,-0.265971975351898,0.362433894643292
TRUE,446,21.4183204222501,380,600,300,300,-4.52260376950169,3.05417615367624e-06,-0.465941652459258,0.212921230292583
TRUE,447,19.8947394405713,380,600,300,300,-3.33051969332387,0.00043342015835359,-0.351446306203979,0.163200882927365
TRUE,448,22.374120166565,380,600,300,300,-3.28810921130295,0.000504313523458955,-0.350903559079998,0.0796798266624529
TRUE,449,20.7479631010205,380,600,300,300,-3.73739111397846,9.2969785300264e-05,-0.397671566948191,0.253718263993804
TRUE,450,21.8655204714422,380,600,300,300,-5.79149065205966,3.48822213480992e-09,-0.578847913552563,0.000149336404412337
TRUE,451,21.273864205332,380,600,300,300,-1.86546861311032,0.0310578738524271,-0.192848277368978,0.267396847113569
TRUE,452,21.6196861238507,380,600,300,300,-3.51237697904928,0.000222058778996931,-0.368219856285028,0.290939797702993
TRUE,453,21.0077849678991,380,600,300,300,-4.31179797454151,8.0966179566354e-06,-0.436793568522695,0.100114711003195
TRUE,454,22.3437816033356,380,600,300,300,-4.48784461372859,3.5973686296701e-06,-0.466811836494396,0.0605379478890549
TRUE,455,22.0406707551699,380,600,300,300,-4.56741475341237,2.46888192708689e-06,-0.467174078978869,0.0532223640443798
TRUE,456,21.9059833584328,380,600,300,300,-3.7617576178516,8.43617576264091e-05,-0.396566775704059,0.0283782996599387
TRUE,457,20.523074660087,380,600,300,300,-2.4420722325928,0.00730161222221732,-0.244056038161547,0.195433441294291
TRUE,458,21.184509793818,380,600,300,300,-3.66245048108563,0.000124907026955861,-0.38405023691221,0.104348699257184
TRUE,459,21.3239632636212,380,600,300,300,-3.79494909215519,7.38368768574982e-05,-0.390853459163329,0.0310219329598382
TRUE,460,21.5535286272637,380,600,300,300,-1.84696230032134,0.0323763021701998,-0.19142137458296,0.786628985939574
TRUE,461,22.0431368092708,380,600,300,300,-4.23238584036158,1.15612643278152e-05,-0.43443362776926,0.522540374588046
TRUE,462,21.6030131473852,380,600,300,300,-4.54395919194037,2.76036750846837e-06,-0.459178639369018,0.0385264886941048
TRUE,463,21.6752538111976,380,600,300,300,-2.03296536622033,0.0210280110914883,-0.204669306488686,0.775483887095593
TRUE,464,21.5810441217346,380,600,300,300,-2.51977939329825,0.00587142027367992,-0.252591839555638,0.0316525572677307
TRUE,465,21.3400921805987,380,600,300,300,-3.42651833725015,0.000305686240126861,-0.343140334381938,0.461037012682829
TRUE,466,21.6345572362796,380,600,300,300,-5.02283339430796,2.54573545041708e-07,-0.520200344551264,0.467980386866788
TRUE,467,21.7722784732635,380,600,300,300,-3.75029832584536,8.83121556137016e-05,-0.39045398866232,0.0630522230411297
TRUE,468,21.0856118984016,380,600,300,300,-3.56173553213302,0.000184205697754535,-0.375112112740594,0.221983055357376
TRUE,469,21.7296226169221,380,600,300,300,-4.89653417640095,4.87708451961145e-07,-0.510640870279782,0.451840463290419
TRUE,470,21.7213982608449,380,600,300,300,-3.69144446030312,0.000111492045925882,-0.388069527083749,0.315054914818987
TRUE,471,21.2400620203661,380,600,300,300,-1.99017929619178,0.0232855940743875,-0.215834113282755,0.809953833034502
TRUE,472,22.3817995463557,380,600,300,300,-3.02302108176277,0.00125132404054563,-0.305214594677737,0.748463606062154
TRUE,473,20.6993838930086,380,600,300,300,-5.31555028000608,5.31677406539232e-08,-0.550169355183073,0.256815374423292
TRUE,474,21.4289156242646,380,600,300,300,-2.80138146752898,0.00254421651608377,-0.287768537400925,0.0935821580362716
TRUE,475,22.351501628843,380,600,300,300,-2.55678648070581,0.00528220205514835,-0.263195499726763,0.244927529689022
TRUE,476,21.1773136195972,380,600,300,300,-2.99985021453534,0.00135056200727096,-0.308159703402722,0.179121311512987
TRUE,477,21.7719621488918,380,600,300,300,-3.57288536688982,0.000176534672789855,-0.366152804850177,0.152267253054316
TRUE,478,20.977858729186,380,600,300,300,-4.90118605640138,4.76298921848705e-07,-0.517113534090053,0.0634122678758966
TRUE,479,21.5425965107968,380,600,300,300,-2.70935644167398,0.00337069360234722,-0.276264859785257,0.512686464157961
TRUE,480,21.9437345385808,380,600,300,300,-2.99221939065152,0.00138478575042986,-0.306884189770802,0.797474589036962
TRUE,481,23.1658575226847,380,600,300,300,-4.00794987175624,3.06240580148887e-05,-0.43649257243096,0.0128142044520423
TRUE,482,21.5021879712562,380,600,300,300,-2.92796754496408,0.00170592828726483,-0.309951886819532,0.309351345881951
TRUE,483,22.7545767123173,380,600,300,300,-2.75132470085697,0.0029677389037164,-0.279012994010159,0.688681063085319
TRUE,484,21.8178148408576,380,600,300,300,-3.72826029205884,9.64030908893943e-05,-0.385149344912713,0.0367435919493731
TRUE,485,21.4961363199671,380,600,300,300,-4.28337044817771,9.2041650678766e-06,-0.457229246679591,0.0161827181990042
TRUE,486,20.9509260494168,380,600,300,300,-1.67510370470665,0.0469569431108749,-0.169751510941555,0.479688062511069
TRUE,487,21.1506046011071,380,600,300,300,-5.08783868375275,1.81083612217777e-07,-0.520768477223534,0.00778128888622342
TRUE,488,22.348867242419,380,600,300,300,-2.87732401082289,0.00200531776681377,-0.287187882755762,0.101892040162491
TRUE,489,21.9780363690667,380,600,300,300,-3.18019614852459,0.000735876974148338,-0.322752446099542,0.348737568430363
TRUE,490,21.6638750534772,380,600,300,300,-2.97646958140288,0.00145794003578672,-0.307872170446669,0.46853631937833
TRUE,491,21.4088367989069,380,600,300,300,-3.49588882805725,0.000236242753921747,-0.36401582508996,0.0278813187790624
TRUE,492,21.5367487568037,380,600,300,300,-3.19750510391351,0.000693109790981218,-0.322752230988273,0.38649702283928
TRUE,493,22.4222251436918,380,600,300,300,-2.65242693345581,0.00399577111569865,-0.277167571698037,0.808111441866598
TRUE,494,21.3278814768085,380,600,300,300,-2.90870848641529,0.00181462548844879,-0.310241401867505,0.0960422494647953
TRUE,495,22.6977399752627,380,600,300,300,-3.77160784678598,8.10995134543424e-05,-0.389405558174007,0.156347607946624
TRUE,496,21.2077363640216,380,600,300,300,-2.89290860609232,0.00190846172719949,-0.298225736137734,0.469149899442097
TRUE,497,22.4177929338546,380,600,300,300,-2.84275660191355,0.00223626059596087,-0.282886479381731,0.0153489850597025
TRUE,498,20.8853391180919,380,600,300,300,-2.23757020221467,0.0126245482693831,-0.231209067571332,0.850078493763247
TRUE,499,21.4392130839723,380,600,300,300,-4.26306460800991,1.00821092835641e-05,-0.430255567240014,0.0323626875296274
TRUE,500,21.8483060237256,380,600,300,300,-2.81952806161398,0.00240471627983045,-0.31016235290342,0.281782112507928
TRUE,501,22.0098406786027,380,600,300,300,-3.7039863386533,0.000106118846488215,-0.379234448912445,0.21713125928091
TRUE,502,20.6990735483063,380,600,300,300,-4.59490035753482,2.16478053633498e-06,-0.461334030864553,0.321174907912648
TRUE,503,22.753949642064,380,600,300,300,-3.4317722823357,0.000299825419796971,-0.352576807201687,0.514823393958862
TRUE,504,21.2225218909737,380,600,300,300,-2.59963852640457,0.00466610021629204,-0.255785314291651,0.569454841043695
TRUE,505,21.193579571102,380,600,300,300,-3.935892965056,4.14439560170713e-05,-0.379405667896528,0.241732769587012
TRUE,506,21.4264419206151,380,600,300,300,-4.48059858001567,3.72169951076999e-06,-0.426126538987447,0.294885526134926
TRUE,507,20.7481982026143,380,600,300,300,-2.72880528469834,0.00317821120258099,-0.285136221030773,0.271897110428294
TRUE,508,22.4184895410746,380,600,300,300,-2.98765095924322,0.0014056520914716,-0.317915907293936,0.580939651503532
TRUE,509,22.2114801919539,380,600,300,300,-2.78142554379092,0.00270603717918036,-0.283547142209018,0.235248234969757
TRUE,510,21.9841230234185,380,600,300,300,-3.74890051421995,8.88057593645684e-05,-0.383741092787014,0.0853027003827521
TRUE,511,21.0413940172375,380,600,300,300,-3.20274735106108,0.000680616726580953,-0.337081942660098,0.567735698958736
TRUE,512,21.0923003601098,380,600,300,300,-3.44724293458093,0.000283169540280739,-0.35641941324951,0.0960390396728251
TRUE,513,21.7339102626612,380,600,300,300,-4.35681319681036,6.59849027616213e-06,-0.442197621647389,0.156748404947994
TRUE,514,21.817550466694,380,600,300,300,-1.87629532438714,0.0303073693627314,-0.191099385307952,0.332521445556498
TRUE,515,21.0236274558416,380,600,300,300,-4.29266899170097,8.82690458643171e-06,-0.435863016626178,0.0876080650990464
TRUE,516,20.815247376734,380,600,300,300,-4.99535438501019,2.93639112745795e-07,-0.499575827860471,0.346653288175356
TRUE,517,22.7751301911196,380,600,300,300,-3.41035852305623,0.000324387668707121,-0.352813430907038,0.297012897587404
TRUE,518,21.3339362340331,380,600,300,300,-3.94048680033909,4.06582126331259e-05,-0.417111917248411,0.0737970160488945
TRUE,519,21.0782832922661,380,600,300,300,-1.26162881236595,0.103541191737685,-0.130565409995371,0.354899888497387
TRUE,520,21.8710675748989,380,600,300,300,-2.69564836824234,0.0035125891824198,-0.260512579619319,0.0777983189312588
TRUE,521,22.0612863247537,380,600,300,300,-3.97711553838812,3.48781383162518e-05,-0.424537339171699,0.094872752258634
TRUE,522,21.6533980799681,380,600,300,300,-3.7133798456166,0.000102254791293722,-0.357507229301184,0.0958214051248494
TRUE,523,21.6475948407909,380,600,300,300,-4.812864641491,7.43910327445356e-07,-0.485700824369426,0.0217822816886474
TRUE,524,21.8352350920702,380,600,300,300,-3.20337365353324,0.000679138124998722,-0.336629944891755,0.548807864582533
TRUE,525,21.4730500261802,380,600,300,300,-3.62616203158927,0.000143832445233893,-0.380704417549712,0.0957482248120868
TRUE,526,21.2258863129467,380,600,300,300,-4.84454324504987,6.34516382719366e-07,-0.504809854588507,0.629802753733123
TRUE,527,21.2467196064899,380,600,300,300,-4.26198610466234,1.01309022387216e-05,-0.460637981927861,0.032650717866147
TRUE,528,20.6996838239917,380,600,300,300,-4.7697029426325,9.22488937914459e-07,-0.497171298820114,0.1432055678749
TRUE,529,20.3881367865298,380,600,300,300,-3.49934090392302,0.000233204924670047,-0.37318910200291,0.124750685957486
TRUE,530,22.0759075766635,380,600,300,300,-2.56536299729509,0.00515339575672328,-0.26805324529447,0.0962886237895617
TRUE,531,21.6132191709951,380,600,300,300,-2.39907052258629,0.00821837436568811,-0.246366349863505,0.608323023923614
TRUE,532,21.438826985368,380,600,300,300,-3.26544385698612,0.000546463344833929,-0.335302706726775,0.0812913438106898
TRUE,533,21.977484942481,380,600,300,300,-5.52482014601624,1.64911651568275e-08,-0.568634040652113,0.000157374864159353
TRUE,534,21.9586235450235,380,600,300,300,-3.41851338312736,0.000314821106477891,-0.336882312777999,0.042205144110781
TRUE,535,20.6435075355713,380,600,300,300,-5.02029578428579,2.57959871732535e-07,-0.521811065158384,0.381663519603212
TRUE,536,20.9738601235967,380,600,300,300,-3.19929247720931,0.000688826645469755,-0.320031590145899,0.396855559170548
TRUE,537,20.9839837115473,380,600,300,300,-3.875414747984,5.32216212249352e-05,-0.38481843229185,0.89517818545798
TRUE,538,20.7082051508789,380,600,300,300,-3.17195537210306,0.000757081367784438,-0.325920057435856,0.643022058005224
TRUE,539,21.0029315617965,380,600,300,300,-2.89700450177057,0.00188372174620632,-0.311262987763272,0.585893380048238
TRUE,540,21.8294467086811,380,600,300,300,-3.50686922580689,0.000226705959397072,-0.373405541998811,0.87572224236964
TRUE,541,21.4935049006903,380,600,300,300,-2.16171255681038,0.0153201695782488,-0.228326987196604,0.133260838180077
TRUE,542,20.7859754284538,380,600,300,300,-4.6670506625584,1.52777004590917e-06,-0.475255390498443,0.0335642201187113
TRUE,543,21.3162960003287,380,600,300,300,-4.06795406468745,2.37138638362755e-05,-0.423642730463067,0.125101168517658
TRUE,544,22.3067083225865,380,600,300,300,-4.05970010018236,2.45678922104229e-05,-0.419125875216365,0.306048290701483
TRUE,545,21.9220287879321,380,600,300,300,-4.22911348631056,1.17306990659818e-05,-0.426896548692796,0.241532599742203
TRUE,546,22.5616548799505,380,600,300,300,-3.64857219732983,0.000131850899904675,-0.377073706770941,0.00494496630072397
TRUE,547,21.9035124880691,380,600,300,300,-3.34875184166506,0.000405882340243696,-0.334906177396215,0.503299069458677
TRUE,548,21.0576671606464,380,600,300,300,-5.0880971542209,1.80837042504491e-07,-0.516883173492643,0.217926266829198
TRUE,549,22.6205220222753,380,600,300,300,-3.45404302857422,0.000276124627945532,-0.361806648959745,0.343611905246003
TRUE,550,21.6601716134199,380,600,300,300,-2.03727807433068,0.0208110918747723,-0.212527163586405,0.0672806537220435
TRUE,551,21.6567310935818,380,600,300,300,-6.53381716642982,3.2057103785302e-11,-0.673130710723078,0.0296453748357473
TRUE,552,21.5074829582807,380,600,300,300,-5.06783939578644,2.01178331158869e-07,-0.514293617824036,0.389912038890414
TRUE,553,21.7133630018582,380,600,300,300,-4.18181658625443,1.44594610457334e-05,-0.462500118249794,0.163723932959624
TRUE,554,21.1255425166673,380,600,300,300,-4.00919156178613,3.04634885300675e-05,-0.41098776339553,0.758646072337942
TRUE,555,21.803758102766,380,600,300,300,-3.34136439077679,0.000416838652478533,-0.347370723462525,0.126780909319455
TRUE,556,20.9113266861835,380,600,300,300,-5.17161839854212,1.16037575208926e-07,-0.531403895786477,0.399454418993426
TRUE,557,23.1844866201411,380,600,300,300,-0.867632521797294,0.19279776840235,-0.0920531012931012,0.959935176557511
TRUE,558,20.9305160245713,380,600,300,300,-3.29094275748127,0.000499261148487727,-0.339846376204871,0.270524482891642
TRUE,559,21.3437101482494,380,600,300,300,-2.37719190426168,0.00872250479681605,-0.239218321219156,0.25730808902014
TRUE,560,22.333420992824,380,600,300,300,-3.99313426756178,3.26028103379242e-05,-0.417327375394764,0.501978708137473
TRUE,561,20.9466135026857,380,600,300,300,-3.14407071860583,0.00083307584829058,-0.326110626059366,0.467935528080812
TRUE,562,21.1985539812414,380,600,300,300,-4.66731844675827,1.52578092575772e-06,-0.462532641254305,0.484724406423999
TRUE,563,21.2589701070854,380,600,300,300,-3.5692700089121,0.000178988664814341,-0.374907239003458,0.0532129902305798
TRUE,564,21.6538469884196,380,600,300,300,-4.58530936531959,2.2665736006691e-06,-0.473659287099923,0.0091719349776894
TRUE,565,21.4544072598964,380,600,300,300,-3.11106253142127,0.000932077297395285,-0.330838708272776,0.610290503455991
TRUE,566,21.6449008398878,380,600,300,300,-3.8137340545344,6.84413831714224e-05,-0.398681222907513,0.0334308876561923
TRUE,567,21.4190593270778,380,600,300,300,-4.04405892978347,2.62668528318431e-05,-0.419153393292251,0.0959542096735785
TRUE,568,20.86455249502,380,600,300,300,-2.73912503618714,0.00308014699872379,-0.28645871848948,0.0112025929154711
TRUE,569,21.0326554013122,380,600,300,300,-3.04325712992878,0.00117016133841231,-0.317596841573925,0.0441560533116885
TRUE,570,22.1464454224184,380,600,300,300,-5.55357192032791,1.39945214624854e-08,-0.580124048230918,0.00255136284441423
TRUE,571,21.7280888720602,380,600,300,300,-3.3316208331291,0.000431709037652714,-0.340039629905586,0.0610274589748667
TRUE,572,21.8500775835532,380,600,300,300,-3.60565396410312,0.000155683908631763,-0.372699331797276,0.0588619716308588
TRUE,573,21.4806133514643,380,600,300,300,-3.88180616755267,5.18417536890843e-05,-0.394447412107025,0.091860211988785
TRUE,574,22.1283836645045,380,600,300,300,-2.02265081986435,0.0215545803543362,-0.218210672391952,0.21262081774418
TRUE,575,20.5388247048199,380,600,300,300,-2.51474069354369,0.00595599803737639,-0.249263687752931,0.901152577904627
TRUE,576,20.3718931199472,380,600,300,300,-2.29102977167723,0.0109808459123966,-0.23598821085869,0.927910648813363
TRUE,577,21.0829484818215,380,600,300,300,-2.51868923401954,0.00588962843758644,-0.258162551162752,0.225601434407992
TRUE,578,20.8420082399994,380,600,300,300,-3.08957261605378,0.00100222350151597,-0.322332738310341,0.00823403844259294
TRUE,579,21.6029671061908,380,600,300,300,-4.22129997451051,1.21448719383962e-05,-0.430196121687547,0.0606270356173721
TRUE,580,21.5029907945171,380,600,300,300,-4.48969294301346,3.56629578364843e-06,-0.44648162575664,0.024934369598348
TRUE,581,22.5620619402676,380,600,300,300,-4.84131378636256,6.44917549728758e-07,-0.494632325803717,0.105317897317855
TRUE,582,21.0659339598435,380,600,300,300,-3.95081427920741,3.89428738726286e-05,-0.41730334864779,0.174296580168576
TRUE,583,21.4086685198403,380,600,300,300,-4.88947857020358,5.05517140025848e-07,-0.502763218245658,0.111708043615367
TRUE,584,22.2410916924576,380,600,300,300,-4.07510214862341,2.29970766636303e-05,-0.417416602807287,0.0491817471101667
TRUE,585,20.6664968167436,380,600,300,300,-3.28890117404036,0.000502896663871816,-0.368013602952239,0.170514071920749
TRUE,586,20.7187456911136,380,600,300,300,-1.48413148490746,0.0688870209659337,-0.161996086021901,0.0820032280999185
TRUE,587,21.9988699322547,380,600,300,300,-4.11468756972971,1.93852092532165e-05,-0.440494426133527,0.0863461309069556
TRUE,588,21.6596103976236,380,600,300,300,-2.50550022604596,0.00611391600757958,-0.252021528150866,0.792636817207191
TRUE,589,21.9428959736321,380,600,300,300,-4.03375021767084,2.74468344303097e-05,-0.404804014231165,0.0716307903111793
TRUE,590,22.2806621664792,380,600,300,300,-3.43362634034875,0.00029778229016285,-0.343274649999625,0.120690856425707
TRUE,591,21.873829119578,380,600,300,300,-3.00912417667178,0.00131001002922666,-0.305137460994233,0.36835509079959
TRUE,592,22.0084594058402,380,600,300,300,-2.63687665894955,0.00418366246536038,-0.276065718259952,0.0379798964920028
TRUE,593,22.9148164117023,380,600,300,300,-3.34063273277374,0.000417938574397385,-0.353481670178899,0.0157077002973434
TRUE,594,20.8030617166048,380,600,300,300,-3.56370309005562,0.000182829771247303,-0.361266291650604,0.0424388588585985
TRUE,595,21.5864815281238,380,600,300,300,-3.11981091457266,0.000904835828031734,-0.321709329317674,0.505016815207718
TRUE,596,21.2735272727228,380,600,300,300,-4.66212847044652,1.56477859900697e-06,-0.493577177971027,0.0671989941235281
TRUE,597,21.6185876545891,380,600,300,300,-3.52796162785728,0.000209386429161185,-0.353139227644175,0.00637689266231509
TRUE,598,21.4887753539634,380,600,300,300,-4.57152444418398,2.42094397089912e-06,-0.471323920727858,0.257865944045965
TRUE,599,22.1530604108057,380,600,300,300,-4.41173109167006,5.127371277483e-06,-0.464926959940034,0.314896526204252
TRUE,600,21.2980266183335,380,600,300,300,-4.12629555932788,1.84326712690122e-05,-0.432835618005166,0.0626700421615247
TRUE,601,21.0421407425208,380,600,300,300,-4.86626488398349,5.68635360400448e-07,-0.4906338309892,0.127386554425127
TRUE,602,21.4361452931052,380,600,300,300,-1.36473113617017,0.0861687848613459,-0.140203144895326,0.0778981934394178
TRUE,603,21.0759233875825,380,600,300,300,-2.59279069113811,0.0047600344970619,-0.264417940020479,0.512732026208348
TRUE,604,21.1870398443271,380,600,300,300,-3.25461068411873,0.000567739519999789,-0.335032315036479,0.0629465294278598
TRUE,605,22.1041974667407,380,600,300,300,-2.98159122680417,0.00143377298825395,-0.29735813524935,0.431326503117218
TRUE,606,20.832656135326,380,600,300,300,-3.74954506057721,8.85778317806085e-05,-0.394290654192251,0.541914583352837
TRUE,607,21.0958588011749,380,600,300,300,-5.43345997414832,2.76358430687503e-08,-0.556179355249169,0.0863141517750753
TRUE,608,21.8048169107503,380,600,300,300,-5.23697322541812,8.16156807466665e-08,-0.53613526184344,0.0101367417662232
TRUE,609,21.0266270558629,380,600,300,300,-4.00795301608337,3.06236503952206e-05,-0.420013643653549,0.00163364913748058
TRUE,610,21.7252304321408,380,600,300,300,-2.81900709845459,0.00240862263996821,-0.290952342101768,0.756033464066104
TRUE,611,22.8443235822983,380,600,300,300,-4.58988275541378,2.21747525049039e-06,-0.483193165100353,0.31413403234383
TRUE,612,21.097010459468,380,600,300,300,-2.36859764327268,0.00892783323748035,-0.243674706738147,0.165085886889175
TRUE,613,21.7355640010876,380,600,300,300,-3.06881326772599,0.00107455437902949,-0.309120382774028,0.214265641377521
TRUE,614,20.4044915769808,380,600,300,300,-2.42442000350876,0.00766643050150382,-0.261326603443381,0.34837819759174
TRUE,615,21.2543759149457,380,600,300,300,-2.91255792247604,0.00179240854550505,-0.295847621725784,0.631234291252991
TRUE,616,21.79690478947,380,600,300,300,-4.61573271044128,1.95855416791487e-06,-0.467091127051543,0.0171850486324343
TRUE,617,20.7167718488931,380,600,300,300,-2.71234785572121,0.00334042213406654,-0.273583705653988,0.239726155836064
TRUE,618,21.603159807448,380,600,300,300,-2.91862744569322,0.00175788063614975,-0.285641298698984,0.173793963056032
TRUE,619,21.306008243667,380,600,300,300,-2.78229671530613,0.00269878338343545,-0.285079372385335,0.682265299502972
TRUE,620,20.7970966531699,380,600,300,300,-2.12675997141988,0.0167200158812225,-0.227625279525832,0.710608400651501
TRUE,621,21.6883923746004,380,600,300,300,-2.19869735476534,0.0139497245889432,-0.226800187209767,0.863664012819849
TRUE,622,21.4904654625944,380,600,300,300,-3.67089753417666,0.000120850114367843,-0.384392767580439,0.59325400325231
TRUE,623,21.9623932320977,380,600,300,300,-2.52774091798651,0.00573995157502219,-0.25839087396945,0.14103690562135
TRUE,624,20.7981164750252,380,600,300,300,-3.34149780756252,0.000416638372994008,-0.340038562990104,0.105915542294745
TRUE,625,23.515930438063,380,600,300,300,-5.24560651148442,7.78845188206415e-08,-0.562667508172956,0.00124131121745119
TRUE,626,21.3128062174469,380,600,300,300,-4.58061681121276,2.31803294490958e-06,-0.478363578567627,0.0358373944843068
TRUE,627,22.2699914000654,380,600,300,300,-2.61546220846508,0.00445533907280605,-0.265666847686881,0.526014435884908
TRUE,628,22.4173078985419,380,600,300,300,-2.01800677096082,0.0217952780782385,-0.214567901051348,0.153190515330128
TRUE,629,21.8529308632573,380,600,300,300,-2.05591450953835,0.0198953786489795,-0.216748518533285,0.498207748259853
TRUE,630,22.5349377595101,380,600,300,300,-2.24524303183373,0.0123762674919826,-0.243121043023747,0.317750726408133
TRUE,631,21.9796820967703,380,600,300,300,-4.55602964332709,2.60647914001178e-06,-0.454412788936203,0.217880991524819
TRUE,632,21.8766256575992,380,600,300,300,-4.18977270104242,1.39617010685912e-05,-0.429882936051257,0.571030683645927
TRUE,633,21.8138256847913,380,600,300,300,-3.29987913677599,0.000483632379143532,-0.333877277646373,0.267374634705022
TRUE,634,21.1620519574707,380,600,300,300,-2.17387214108635,0.0148573693957082,-0.226330830010142,0.806954027832989
TRUE,635,21.5734908464178,380,600,300,300,-5.02047921090527,2.57713647794427e-07,-0.528070589490751,0.00246223402503761
TRUE,636,21.013443445062,380,600,300,300,-4.10528511681806,2.01908253285434e-05,-0.425576962655836,0.552224642105657
TRUE,637,21.1012806431596,380,600,300,300,-2.98913417762807,0.0013988462130512,-0.323076161757517,0.0969095799488807
TRUE,638,21.950591646747,380,600,300,300,-4.94634629078977,3.78096933572928e-07,-0.516099825740765,0.00687818585471768
TRUE,639,21.5302977663789,380,600,300,300,-3.53435368609144,0.000204386841752873,-0.3779228548835,0.739307772728123
TRUE,640,21.025963571677,380,600,300,300,-3.23848195059681,0.00060083812126806,-0.3341737150078,0.48709721631094
TRUE,641,22.2157790163941,380,600,300,300,-4.21173481456527,1.26708470228805e-05,-0.430730429828855,0.0548671075352752
TRUE,642,22.0214249144455,380,600,300,300,-4.48339321233797,3.67326874930567e-06,-0.462391193023905,0.196268155006731
TRUE,643,21.4249762407769,380,600,300,300,-2.1677585360463,0.0150885315734472,-0.225420249908155,0.712025496025247
TRUE,644,22.2149499245163,380,600,300,300,-4.35531124352907,6.64389885869986e-06,-0.446770230219611,0.217982347102319
TRUE,645,21.8771477209619,380,600,300,300,-4.7143667884785,1.21231782045644e-06,-0.454854968450272,0.2379209896977
TRUE,646,22.3370254841856,380,600,300,300,-1.81292685530281,0.034921551781718,-0.193894596849612,0.260539398050657
TRUE,647,21.4820911712103,380,600,300,300,-2.78195093322449,0.00270166042855812,-0.289946255195456,0.523063387413964
TRUE,648,20.7644219916787,380,600,300,300,-2.86510756777847,0.00208433805016285,-0.290570071725993,0.23550063858402
TRUE,649,21.2592588494724,380,600,300,300,-2.33228828155974,0.00984276529328777,-0.233066904499477,0.0833774952014444
TRUE,650,21.1469023000684,380,600,300,300,-3.13396039337781,0.000862320664198887,-0.312927883604245,0.300268297136132
TRUE,651,21.4447210747509,380,600,300,300,-3.45420106128985,0.000275962863816754,-0.351301428717979,0.350554294443449
TRUE,652,21.8524310236562,380,600,300,300,-2.75203147644252,0.00296134139501342,-0.282790320397754,0.433237995147374
TRUE,653,21.6612347733901,380,600,300,300,-5.13632460410854,1.40081790057102e-07,-0.521077919988391,0.015813762283116
TRUE,654,21.7012353730695,380,600,300,300,-4.44027356840312,4.49222964936051e-06,-0.454298785717419,0.554753704718532
TRUE,655,21.5361366290346,380,600,300,300,-2.27199538778282,0.0115433944526503,-0.23184747009486,0.289682712935208
TRUE,656,20.8978179588518,380,600,300,300,-3.14614955055199,0.000827176949787011,-0.333040164546413,0.542242208857659
TRUE,657,21.615739463603,380,600,300,300,-1.81655323547006,0.0346427747653345,-0.186901023027061,0.363997356320225
TRUE,658,21.1925870684868,380,600,300,300,-1.39245848858151,0.081891801832604,-0.148508052532842,0.0655240800809567
TRUE,659,20.8909613024693,380,600,300,300,-4.40958994622621,5.17832681214801e-06,-0.452236667666469,0.107860506881966
TRUE,660,21.8977733920077,380,600,300,300,-3.27677645769829,0.000524997320705551,-0.338714243535728,0.654003873121661
TRUE,661,21.7643677746308,380,600,300,300,-2.42826725047956,0.00758557966909848,-0.238041768993584,0.0789797012137774
TRUE,662,21.0954809580006,380,600,300,300,-3.67174680980758,0.000120449139936615,-0.376417598415239,0.23366760283913
TRUE,663,21.5726317868697,380,600,300,300,-4.81300883797642,7.43373557892017e-07,-0.485233877709285,0.135642287511981
TRUE,664,21.592128480571,380,600,300,300,-5.36312986140015,4.08960792200984e-08,-0.542471008155079,0.160498217499958
TRUE,665,21.0479304141163,380,600,300,300,-4.66948373868922,1.50978799336636e-06,-0.461522869810168,0.0261113749477425
TRUE,666,22.154779919507,380,600,300,300,-3.14211621772795,0.000838657220934321,-0.334687953543613,0.241546336020305
TRUE,667,22.2416601835138,380,600,300,300,-2.93805892250178,0.00165137123199315,-0.299842082127738,0.00321527803733421
TRUE,668,21.3152594691329,380,600,300,300,-3.7241018692751,9.8005886193767e-05,-0.388602345982489,0.616979377863672
TRUE,669,21.8459980954465,380,600,300,300,-4.415326134182,5.04289080744009e-06,-0.441416129095017,0.0134198212463152
TRUE,670,21.3376405332708,380,600,300,300,-4.29856673904206,8.59530699008518e-06,-0.443357559121379,0.0833191068001643
TRUE,671,22.0778344468145,380,600,300,300,-3.99822722383094,3.19093359209271e-05,-0.429419347589349,0.0305956768475365
TRUE,672,20.5559832729164,380,600,300,300,-3.3193551761367,0.000451127956860173,-0.325832097605465,0.19997318140688
TRUE,673,21.6683646987832,380,600,300,300,-2.83227475909981,0.00231090577284177,-0.283175609308205,0.681773747746428
TRUE,674,22.3201874326466,380,600,300,300,-5.02276728082006,2.54661224109621e-07,-0.530390781886686,0.0228071986487316
TRUE,675,22.8875346348954,380,600,300,300,-3.31314438354409,0.000461266710064888,-0.363749942297461,0.886754053231071
TRUE,676,21.5446254888824,380,600,300,300,-3.74541070964291,9.00494478048173e-05,-0.387305196350378,0.0851277299229631
TRUE,677,21.4236880795641,380,600,300,300,-2.71990186995219,0.00326506460196893,-0.267820001670077,0.714942006366444
TRUE,678,21.0089488124067,380,600,300,300,-6.29179798959515,1.56904850127199e-10,-0.591738380344491,0.0552140675965091
TRUE,679,22.0673038429746,380,600,300,300,-3.73944479049352,9.22135734810371e-05,-0.402269883159852,0.0489008862907297
TRUE,680,21.4874143547133,380,600,300,300,-2.70680182628626,0.00339673985352766,-0.284975806685228,0.13734480796986
TRUE,681,22.7702615208881,380,600,300,300,-2.09368545482498,0.0181440047371327,-0.208751910056967,0.705159946883827
TRUE,682,21.3436542885685,380,600,300,300,-3.76733526724963,8.24996736210585e-05,-0.393668577628354,0.410710679688397
TRUE,683,20.8245127725471,380,600,300,300,-2.95101905276126,0.00158363689514386,-0.297755851864039,0.0708457548628299
TRUE,684,21.5634164633752,380,600,300,300,-3.11291090252372,0.000926259672500307,-0.319786104015984,0.178172939599802
TRUE,685,21.0373087043222,380,600,300,300,-3.28609094535147,0.000507941023257872,-0.326554452013634,0.00595110669286938
TRUE,686,21.6429976799916,380,600,300,300,-3.11783716211056,0.0009109171554973,-0.327407889723486,0.854490644992014
TRUE,687,21.9567668150797,380,600,300,300,-3.82689175733198,6.48857725549383e-05,-0.405304508437172,0.32430664699495
TRUE,688,20.499623409724,380,600,300,300,-3.10291433391189,0.000958125502451857,-0.329384476730015,0.724929597384769
TRUE,689,22.3282888753725,380,600,300,300,-2.57039377020489,0.00507914881557091,-0.268001873969457,0.212635045945278
TRUE,690,22.7472525120683,380,600,300,300,-4.02792807598604,2.81352754348739e-05,-0.41848072799524,0.0602480572582415
TRUE,691,21.2854911992606,380,600,300,300,-4.3776264117855,5.99893875559513e-06,-0.440282872961252,0.0442224064576534
TRUE,692,21.4963597030977,380,600,300,300,-4.59942544137432,2.11828892264531e-06,-0.489028762435718,0.0303205865165058
TRUE,693,21.7604868679642,380,600,300,300,-3.62138458835879,0.000146515262058031,-0.368530491784395,0.194637530249624
TRUE,694,21.6063093915766,380,600,300,300,-4.36669603957011,6.3070037150958e-06,-0.435492841287204,0.164778628132713
TRUE,695,20.3440679023359,380,600,300,300,-3.454276982625,0.000275885181249044,-0.356055257401519,0.444647413737691
TRUE,696,22.2422714618761,380,600,300,300,-2.87360563763925,0.00202907669091942,-0.290446921075088,0.183212068014174
TRUE,697,21.279729168779,380,600,300,300,-4.66477255054341,1.5447929203084e-06,-0.475450469107783,5.8222143894211e-05
TRUE,698,21.5433162187692,380,600,300,300,-2.98240308234152,0.00142997591496351,-0.315754254872109,0.630760475718921
TRUE,699,22.757081348625,380,600,300,300,-4.15732299512964,1.60999292074336e-05,-0.432010065217307,0.0190543724491366
TRUE,700,21.166824954846,380,600,300,300,-1.17468599961262,0.120060181301232,-0.12202455679568,0.19242528487851
TRUE,701,20.9741401728282,380,600,300,300,-1.07941631557324,0.140201090431625,-0.120097042942842,0.289053202581966
TRUE,702,22.4549599496329,380,600,300,300,-5.05399737928322,2.16328772872582e-07,-0.535062765374984,0.412784448441341
TRUE,703,21.1631225295279,380,600,300,300,-4.69245491861621,1.34973016214238e-06,-0.488589823443041,0.0202787351765723
TRUE,704,21.0263271111655,380,600,300,300,-3.5132197566273,0.000221355577150406,-0.357878748547216,0.0996166981927314
TRUE,705,21.4035683522308,380,600,300,300,-5.16445847129074,1.20568001895425e-07,-0.555979811085163,0.0251746592071664
TRUE,706,22.3125189253339,380,600,300,300,-3.66671377995963,0.00012284376478754,-0.378539493350917,0.0786974026772068
TRUE,707,21.4584799753853,380,600,300,300,-1.97235075609416,0.0242847896057923,-0.204401964776425,0.678635741651833
TRUE,708,20.0032742920239,380,600,300,300,-3.99606428945118,3.22021253425877e-05,-0.391580738247649,0.0850859391450074
TRUE,709,22.3996285705677,380,600,300,300,-2.67744919902038,0.00370925507454765,-0.270067677101621,0.66497431299213
TRUE,710,20.9241853066152,380,600,300,300,-3.28570574560074,0.000508636094864069,-0.338957172682753,0.605278455957196
TRUE,711,21.7518090071445,380,600,300,300,-2.66075798687,0.00389824868380216,-0.274980599433264,0.595181768722476
TRUE,712,20.8292661644798,380,600,300,300,-3.09434973321636,0.000986224117969097,-0.316625153111375,0.242109976509262
TRUE,713,21.548263906515,380,600,300,300,-4.44748400008707,4.34409640988729e-06,-0.455848871079436,0.0823511960854102
TRUE,714,20.985824813481,380,600,300,300,-3.21544706087236,0.000651207574089829,-0.321695579629862,0.0368716763688586
TRUE,715,22.281972694894,380,600,300,300,-3.45204956685929,0.000278172757307276,-0.36627758485405,0.011911708600964
TRUE,716,21.7744714788068,380,600,300,300,-3.42606068473714,0.000306201770965209,-0.347781330077517,0.810195426635648
TRUE,717,21.3773695993703,380,600,300,300,-4.89985048488529,4.79548071697181e-07,-0.51577520003089,0.0245632444998748
TRUE,718,21.7409474263576,380,600,300,300,-2.58518176279965,0.00486638369503812,-0.27533010510168,0.00974288047258067
TRUE,719,21.6877382815909,380,600,300,300,-3.8913491995188,4.98441696395815e-05,-0.40134658689391,0.102727335573827
TRUE,720,20.7610448438229,380,600,300,300,-3.87758090579045,5.27501245413102e-05,-0.382099045362645,0.151510245599755
TRUE,721,21.2195456561561,380,600,300,300,-3.73573981230755,9.35820573048019e-05,-0.384180093948181,0.135212292501642
TRUE,722,20.810978814857,380,600,300,300,-3.75187703913671,8.77577735338034e-05,-0.368602619585168,0.360822550135209
TRUE,723,20.7627544709783,380,600,300,300,-3.24219625173557,0.000593061561874786,-0.340205866651457,0.15558372743766
TRUE,724,21.4688057179983,380,600,300,300,-2.74299492719842,0.00304408129989401,-0.276672056101032,0.13193752003348
TRUE,725,20.8348607812402,380,600,300,300,-3.85647612798416,5.75166630904099e-05,-0.408018728038451,0.0449407399050339
TRUE,726,21.228660306525,380,600,300,300,-4.09044828283728,2.15270105680602e-05,-0.425052759867142,0.0715115460414009
TRUE,727,22.7403339664824,380,600,300,300,-4.46588001530495,3.98701464495937e-06,-0.462328063514504,0.0370709865783092
TRUE,728,21.3097968507115,380,600,300,300,-2.31649801483768,0.0102655463510369,-0.230000774055506,0.662461977585943
TRUE,729,21.8915964545061,380,600,300,300,-2.37655031999962,0.00873768882247511,-0.243428752442082,0.193337575788862
TRUE,730,22.1826634524018,380,600,300,300,-5.17676629123355,1.12882366277408e-07,-0.530991352674501,0.0392982516964936
TRUE,731,21.9503813111586,380,600,300,300,-4.05880554322618,2.46621825839804e-05,-0.410445272337207,0.0828085457259797
TRUE,732,21.9801267461078,380,600,300,300,-2.77414667631355,0.00276733590269953,-0.275249343914229,0.58549079631768
TRUE,733,21.0960756797696,380,600,300,300,-3.20411263422401,0.00067739731868715,-0.320787911020545,0.639771165577276
TRUE,734,21.9557491754559,380,600,300,300,-5.07444683892471,1.94312428694052e-07,-0.515038384433757,0.00142814981203258
TRUE,735,22.7307314145192,380,600,300,300,-4.6690909715269,1.51267699691896e-06,-0.479598922974054,0.656111671669331
TRUE,736,22.1164653187966,380,600,300,300,-2.38828163926191,0.00846368207441993,-0.246929061686341,0.275326748357479
TRUE,737,22.2528528662714,380,600,300,300,-4.2123484429451,1.26364641290758e-05,-0.430037348124387,0.0168311473154981
TRUE,738,22.1238492189975,380,600,300,300,-2.53289795042905,0.0056561940666512,-0.255985529946924,0.728822454628792
TRUE,739,21.2317128916242,380,600,300,300,-3.40280228352503,0.000333492640385271,-0.329642436789468,0.405667486796613
TRUE,740,22.2088044223971,380,600,300,300,-2.55498552330678,0.00530961072216053,-0.255987520730691,0.462508421123716
TRUE,741,21.3782160730856,380,600,300,300,-4.83192572439851,6.76093525976742e-07,-0.486802161422101,0.081748243272391
TRUE,742,20.4684731910094,380,600,300,300,-3.56530608187118,0.000181715898064767,-0.361042272242167,0.150713104204202
TRUE,743,22.8675349363312,380,600,300,300,-3.40179382480689,0.000334725608437048,-0.358163256967295,0.105418461119409
TRUE,744,20.6315635878034,380,600,300,300,-2.15613601535344,0.0155365229879251,-0.217354585304881,0.78061341849245
TRUE,745,22.1149738370252,380,600,300,300,-4.38092601620217,5.90879976857187e-06,-0.443020376246713,0.288466389160912
TRUE,746,22.3684779222216,380,600,300,300,-3.00338608149597,0.00133496742310945,-0.313533155458454,0.286061164863075
TRUE,747,21.8676596827958,380,600,300,300,-3.15199040178415,0.000810808018436082,-0.325974744104898,0.557376475666283
TRUE,748,22.1320260140765,380,600,300,300,-2.55502301750414,0.00530903881337136,-0.265336490888423,0.789066484907603
TRUE,749,21.032123560942,380,600,300,300,-3.77566927308916,7.97893052313474e-05,-0.384109300014199,0.255026146323553
TRUE,750,21.214960827634,380,600,300,300,-3.94349164515734,4.01518951528323e-05,-0.398858033853163,0.0260737550424545
TRUE,751,22.5729994896836,380,600,300,300,-3.43662404047402,0.000294506288667491,-0.357172825316767,0.00790887308071404
TRUE,752,21.8697676599026,380,600,300,300,-4.44933428615361,4.30684301754466e-06,-0.453193506078157,0.0640972833482434
TRUE,753,21.2594817404761,380,600,300,300,-1.52087977098864,0.0641450056191782,-0.150797429389236,0.469086249731308
TRUE,754,21.8112174285731,380,600,300,300,-3.27479575810919,0.000528691953366127,-0.342225974579107,0.0688481762538788
TRUE,755,22.080940646257,380,600,300,300,-3.34810028033609,0.000406837816496852,-0.349587290030562,0.41995837287412
TRUE,756,21.1426105099536,380,600,300,300,-3.13411274853526,0.000861873046956414,-0.318243420010062,0.161317034181767
TRUE,757,21.41319710298,380,600,300,300,-4.80205085250129,7.85243973489511e-07,-0.515679861627996,0.160020390011176
TRUE,758,21.5296598372491,380,600,300,300,-2.07309682478436,0.0190816347300407,-0.217139680859761,0.366713213901073
TRUE,759,20.6373458093494,380,600,300,300,-3.78232427202597,7.76853873963956e-05,-0.384997055620094,0.173101352504322
TRUE,760,21.3539747203421,380,600,300,300,-2.46252988555072,0.00689803374042602,-0.246236422925857,0.124279024402449
TRUE,761,21.9939044061175,380,600,300,300,-2.00532883717904,0.02246395195195,-0.207871962508862,0.320253797154977
TRUE,762,21.6000271749108,380,600,300,300,-4.58467923020331,2.27341960373857e-06,-0.466775263821706,0.0287659635970152
TRUE,763,21.2112633201666,380,600,300,300,-3.19926294352431,0.000688897219292175,-0.31505913662191,0.0872854556198131
TRUE,764,20.9118097563833,380,600,300,300,-2.43768099265968,0.00739090614351446,-0.249529891563139,0.623440914521566
TRUE,765,21.6480222133353,380,600,300,300,-3.22322110567185,0.000633788340905527,-0.330445346186673,0.191262991732173
TRUE,766,22.1856549237779,380,600,300,300,-5.20417280980966,9.74313073982299e-08,-0.552494883888741,0.163072241895232
TRUE,767,21.246031420911,380,600,300,300,-5.14018409156611,1.37234711757552e-07,-0.525807895103474,0.121987982412314
TRUE,768,20.6763088062861,380,600,300,300,-5.10596197678759,1.64557934941462e-07,-0.505461838354026,0.296856724950905
TRUE,769,21.629150061258,380,600,300,300,-3.71756882585978,0.000100574598300474,-0.400495023793756,0.010161582097241
TRUE,770,22.0123762407896,380,600,300,300,-3.75472581147088,8.6765668683963e-05,-0.39277368284086,0.0272825040958598
TRUE,771,21.1510090212508,380,600,300,300,-4.30460527161228,8.36418664061937e-06,-0.444382744813749,0.000961490637852793
TRUE,772,20.5389911427663,380,600,300,300,-5.56285235499854,1.32700213773705e-08,-0.572108542590751,0.0402123224172403
TRUE,773,22.8619272714487,380,600,300,300,-4.62566138370777,1.8670246177384e-06,-0.483556976554871,0.0583808518771422
TRUE,774,21.4520534344643,380,600,300,300,-3.37596425092262,0.000367787381303289,-0.343232880944671,0.195775642811893
TRUE,775,21.2002775437822,380,600,300,300,-3.00642480088794,0.00132169713374767,-0.316243997784726,0.123133662292715
TRUE,776,21.9702627260444,380,600,300,300,-5.00588519548036,2.78029466130839e-07,-0.503873674486517,0.155485011124249
TRUE,777,22.9469681284465,380,600,300,300,-3.96189757882468,3.71782191275319e-05,-0.410349237271921,0.0542392178442782
TRUE,778,21.0822015578613,380,600,300,300,-2.54455037103515,0.00547092645959209,-0.269434428721088,0.323157328265235
TRUE,779,21.2697129484251,380,600,300,300,-2.72072762840598,0.00325692038758796,-0.273730172932839,0.418696675184479
TRUE,780,21.7496120363023,380,600,300,300,-3.11649871491399,0.000915062390786153,-0.318133277577082,0.0117575831428575
TRUE,781,21.0701847848576,380,600,300,300,-4.68927823801641,1.37085190640662e-06,-0.496297326066773,0.190873117643745
TRUE,782,21.8038539633351,380,600,300,300,-2.66598522730144,0.00383815330052669,-0.26703034721075,0.474247368213008
TRUE,783,21.3728051105887,380,600,300,300,-3.26682342524541,0.000543807471270779,-0.342789055587281,0.512239563337711
TRUE,784,20.4033688972145,380,600,300,300,-0.913878286989612,0.180390402027715,-0.0916901199350472,0.00270114854790025
TRUE,785,22.110475836239,380,600,300,300,-2.79622941581593,0.00258513424256077,-0.288647592534634,0.479672108669509
TRUE,786,20.5599363174564,380,600,300,300,-3.96134708655237,3.7264052174606e-05,-0.427207410052479,0.367013532514472
TRUE,787,21.8645903866603,380,600,300,300,-4.47808558674,3.76577037433602e-06,-0.454525286325841,0.000960735322996784
TRUE,788,20.6493419637331,380,600,300,300,-3.11314354276356,0.00092552982125037,-0.308227696691157,0.151950486450995
TRUE,789,22.397578804503,380,600,300,300,-3.11643151894321,0.000915270956178004,-0.32402103439955,0.207814193266559
TRUE,790,22.1695721119345,380,600,300,300,-3.82603413994175,6.51121187996454e-05,-0.401078302090088,0.140082253177562
TRUE,791,21.5933682148531,380,600,300,300,-4.57030527124637,2.43507134933112e-06,-0.465325092492288,0.24718657525107
TRUE,792,22.6783478007911,380,600,300,300,-2.53857840833141,0.00556519294473696,-0.270131347293284,0.171493680600125
TRUE,793,22.6555923974795,380,600,300,300,-3.24188026684365,0.000593719496221986,-0.332242951009291,0.011755078602036
TRUE,794,21.676445206264,380,600,300,300,-3.73606967714724,9.3459447417444e-05,-0.37286510169539,0.721558409394577
TRUE,795,21.6766614086136,380,600,300,300,-3.30424075884679,0.000476170041895314,-0.345909371984351,0.431184523885694
TRUE,796,21.9575258057518,380,600,300,300,-3.85801710697247,5.71553244484352e-05,-0.390119877521415,0.907644573859516
TRUE,797,22.2080560161762,380,600,300,300,-2.95888557530594,0.00154376860818344,-0.299217190750066,0.094655467131971
TRUE,798,20.5437964139987,380,600,300,300,-2.12608346511654,0.0167481552223445,-0.231502342922676,0.185343021849215
TRUE,799,21.0838166933941,380,600,300,300,-3.43354703368049,0.000297869418327724,-0.376801405729013,0.12052098986043
TRUE,800,21.7311523842496,380,600,300,300,-5.25277146999225,7.49136971726672e-08,-0.545506341631788,0.0324453544062204
TRUE,801,21.3031083559255,380,600,300,300,-2.49942438212558,0.0062197621914691,-0.254373509124276,0.354893868623526
TRUE,802,22.0695631422289,380,600,300,300,-3.86023122019153,5.66398915235701e-05,-0.40891331639427,0.129863678959329
TRUE,803,21.7337546638223,380,600,300,300,-2.43255242988623,0.00749641035891146,-0.24596623934533,0.0716499313178319
TRUE,804,21.1448882560453,380,600,300,300,-3.67208448343808,0.000120290058796714,-0.387217637487718,0.0124402458395086
TRUE,805,20.8596232205785,380,600,300,300,-3.72707517212155,9.68573480184866e-05,-0.376045341877105,0.0224151181719096
TRUE,806,20.8599405725482,380,600,300,300,-3.99189907037891,3.2773135430145e-05,-0.39502634248956,0.617602473004962
TRUE,807,22.8880600963533,380,600,300,300,-2.39104349112564,0.00840028130007566,-0.253117144417194,0.0500436135839923
TRUE,808,21.5093720361464,380,600,300,300,-2.36052589897498,0.00912452200703498,-0.240776522269935,0.11794208375797
TRUE,809,21.7088717354981,380,600,300,300,-4.15410475196297,1.63281778921126e-05,-0.435779604572392,0.806436836686821
TRUE,810,22.4027183700483,380,600,300,300,-2.18017381768178,0.0146222898072736,-0.218367984570064,0.685825199425955
TRUE,811,20.8819893894194,380,600,300,300,-1.38318423821419,0.0833041906950769,-0.148517942993868,0.591319516657967
TRUE,812,20.8580534127145,380,600,300,300,-4.42403109050846,4.84380347626019e-06,-0.454455446258261,0.103480931591785
TRUE,813,21.5691440019975,380,600,300,300,-3.27434140336363,0.000529542854040365,-0.325544671341689,0.00633794353118591
TRUE,814,21.4633237142312,380,600,300,300,-3.23897853683464,0.000599793001041217,-0.330201471599604,0.733658251716531
TRUE,815,20.991155027082,380,600,300,300,-1.95005781575694,0.0255846142028173,-0.202918020040554,0.107807989423683
TRUE,816,21.4258736167713,380,600,300,300,-1.64583413573766,0.0498989561179967,-0.170285815420163,0.177556489667129
TRUE,817,21.2852000392063,380,600,300,300,-2.17666705059456,0.0147527092092104,-0.22015563586282,0.397470270170905
TRUE,818,21.7295516534959,380,600,300,300,-2.69917404788689,0.00347559059965375,-0.272516981440984,0.230020090373148
TRUE,819,22.0032911652784,380,600,300,300,-3.8696999293219,5.44846949168034e-05,-0.412063952217833,0.00647341425874752
TRUE,820,21.1110368855204,380,600,300,300,-4.12633551979046,1.84294702560495e-05,-0.433927884088576,0.465577287784592
TRUE,821,21.6041257535078,380,600,300,300,-3.48983746070862,0.000241657205605568,-0.365023963881533,0.184854013643738
TRUE,822,21.8665060330657,380,600,300,300,-4.22514080892201,1.19395710251911e-05,-0.446465992400997,0.112386550226553
TRUE,823,22.4689633174986,380,600,300,300,-4.15911329031233,1.59742709911708e-05,-0.441751879801365,0.00451552766489697
TRUE,824,22.3643793843873,380,600,300,300,-3.47832815128725,0.000252275919931405,-0.357441369087038,0.663930558093234
TRUE,825,22.4161455321077,380,600,300,300,-3.80234626016517,7.16661056360162e-05,-0.410571388212832,0.327488123217086
TRUE,826,20.9231158876242,380,600,300,300,-2.88541944038004,0.00195446244238954,-0.289745582821647,0.0210345262819232
TRUE,827,21.2783810540957,380,600,300,300,-2.60480838616523,0.00459628267559623,-0.275355746333411,0.612119530050866
TRUE,828,20.4647516442583,380,600,300,300,-2.55150651617146,0.00536291592057177,-0.267635769503267,0.124546134207966
TRUE,829,21.8422541336645,380,600,300,300,-3.05625887472919,0.00112058831312441,-0.316742935152812,0.477294068952086
TRUE,830,22.3913360898285,380,600,300,300,-3.77152100806654,8.1127747265402e-05,-0.392069955058344,0.692645724560842
TRUE,831,21.6799902479937,380,600,300,300,-2.13498917136209,0.0163809473261655,-0.221902099511951,0.462503961417718
TRUE,832,20.4843698896849,380,600,300,300,-2.51930049903431,0.00587941274950664,-0.259333356305744,0.719966472773487
TRUE,833,21.1915134514881,380,600,300,300,-1.95951823484289,0.0250260632547707,-0.202907237255493,0.0876342902313432
TRUE,834,21.5257707980981,380,600,300,300,-3.16702288623515,0.000770040987394537,-0.319531798007281,0.280368513780834
TRUE,835,21.3824131528661,380,600,300,300,-5.79908599248724,3.3338668149195e-09,-0.598298186251806,0.00256228850159303
TRUE,836,22.4670169137748,380,600,300,300,-1.39570405961208,0.0814018156619313,-0.144454392847125,0.0458679812490801
TRUE,837,22.3451251551982,380,600,300,300,-2.0062509552312,0.0224147399136421,-0.203603860809851,0.891161996732858
TRUE,838,20.1248959106242,380,600,300,300,-4.84742718253864,6.25364587909123e-07,-0.485119511422718,0.0971678343739035
TRUE,839,21.3502522470774,380,600,300,300,-6.02909174619555,8.2441835257243e-10,-0.602879098650852,0.00289394287592011
TRUE,840,21.9422164220642,380,600,300,300,-5.80945349142756,3.13385510940094e-09,-0.606065743347133,0.0246972672722056
TRUE,841,22.2663813550706,380,600,300,300,-2.40481780774392,0.00809026516631262,-0.248363236261648,0.0771232593131503
TRUE,842,21.62425321877,380,600,300,300,-4.93574815131126,3.99220435246704e-07,-0.485157670541261,0.0403989098053761
TRUE,843,20.527102960148,380,600,300,300,-2.94080083698926,0.00163682471585003,-0.300889047416892,0.960219718736154
TRUE,844,21.8979508326834,380,600,300,300,-4.34771497048013,6.87816075995278e-06,-0.427101462516402,0.66741347023731
TRUE,845,21.5845196861455,380,600,300,300,-2.37422314480982,0.00879295946529479,-0.239123778918746,0.325919078314374
TRUE,846,23.2990578194006,380,600,300,300,-3.2917478689729,0.000497834161080696,-0.347416203158934,0.180057463894107
TRUE,847,22.3578463317858,380,600,300,300,-3.16107185013536,0.000785948595747732,-0.321884970004959,0.0753172790109515
TRUE,848,21.1834053722941,380,600,300,300,-2.99477550981649,0.00137323447823212,-0.310809611722735,0.139621982960566
TRUE,849,22.3669362713584,380,600,300,300,-3.56357993255748,0.000182915613415069,-0.365587555493938,0.464124066653686
TRUE,850,20.7166600033804,380,600,300,300,-2.84472447838402,0.002222492654776,-0.294414998974181,0.596677157482969
TRUE,851,22.3821043074076,380,600,300,300,-4.32297547987139,7.69694241188027e-06,-0.438185846975025,0.00707200212276817
TRUE,852,21.5316828983179,380,600,300,300,-4.84380826496499,6.36869265478054e-07,-0.491348472129425,0.00979705784545551
TRUE,853,21.4922219621562,380,600,300,300,-3.04476213946016,0.00116432198876329,-0.312000590454546,0.319915495148656
TRUE,854,21.6777405077807,380,600,300,300,-3.66495869180682,0.000123689253697923,-0.379695143068624,0.580609747760033
TRUE,855,21.8706624004911,380,600,300,300,-4.13028788574058,1.81154623752941e-05,-0.432535498529002,0.164642684132946
TRUE,856,21.8439077392872,380,600,300,300,-4.20810801510067,1.28758885643614e-05,-0.440274218613905,0.00687609491551973
TRUE,857,21.6859159164688,380,600,300,300,-3.79578602367286,7.35882005861495e-05,-0.394871100004246,0.005204362185372
TRUE,858,21.1245192263515,380,600,300,300,-3.46822712702162,0.000261952144793113,-0.356220647914247,0.259893831560839
TRUE,859,21.5700481065288,380,600,300,300,-3.93221644516602,4.20831152341408e-05,-0.397087654781718,0.033024427685545
TRUE,860,21.5356798695925,380,600,300,300,-3.20308243201946,0.000679825284217476,-0.323003192855766,0.23276769919607
TRUE,861,22.3870272625904,380,600,300,300,-5.06734884434085,2.01697301817348e-07,-0.518191627942467,0.0710903214668775
TRUE,862,21.4540494929635,380,600,300,300,-3.77255453596896,8.07923162780005e-05,-0.383443823433718,0.119544913575356
TRUE,863,22.341647829484,380,600,300,300,-4.33619828894729,7.24840894388913e-06,-0.442542164386042,0.0120298423189543
TRUE,864,22.005609854255,380,600,300,300,-3.95006268807217,3.90653636352436e-05,-0.406755212949539,0.206473567401199
TRUE,865,21.887543169526,380,600,300,300,-1.43996333098921,0.0749388868682707,-0.156032466443449,0.389196191898984
TRUE,866,21.2235546314412,380,600,300,300,-3.94730022854359,3.95187095538898e-05,-0.407562168817586,0.191280428240493
TRUE,867,22.3564391193802,380,600,300,300,-4.92219804489939,4.2788772453315e-07,-0.511611836487571,0.073043566668194
TRUE,868,22.7016150241066,380,600,300,300,-2.93423882703284,0.00167183409507804,-0.317463841008699,0.240480981417352
TRUE,869,22.7967101868576,380,600,300,300,-4.21544309467897,1.24644123778877e-05,-0.444973778197087,0.0343050516234272
TRUE,870,21.2661492594292,380,600,300,300,-2.98787188513395,0.00140463644062599,-0.298543175190421,0.63147946767993
TRUE,871,21.8948000433335,380,600,300,300,-2.81691475355767,0.00242436966591927,-0.292648402297387,0.0209656129841753
TRUE,872,22.2713190105675,380,600,300,300,-3.73281575228071,9.46755524817406e-05,-0.370995430611189,0.0549174470367729
TRUE,873,21.7857186358452,380,600,300,300,-3.20088873219292,0.000685022132300531,-0.349371935076838,0.528496943025176
TRUE,874,21.25478013908,380,600,300,300,-4.95067107554924,3.69790057552227e-07,-0.505576664021524,0.0087931950793653
TRUE,875,20.9301561852479,380,600,300,300,-3.06721427266831,0.00108031957264562,-0.319715509011839,0.180133591734553
TRUE,876,21.032942779821,380,600,300,300,-3.05518051327803,0.0011246255012446,-0.310488415774926,0.455954326458799
TRUE,877,21.2546244741741,380,600,300,300,-3.56736843779329,0.000180292158255621,-0.377943401037561,0.024148565780689
TRUE,878,21.6254843511359,380,600,300,300,-4.30764877045506,8.24995576518375e-06,-0.448355123116874,0.10996001576395
TRUE,879,21.1433885027779,380,600,300,300,-2.73894324613159,0.00308185062646506,-0.29208318429325,0.00270376672274209
TRUE,880,21.4222872141439,380,600,300,300,-2.30809679023672,0.0104968768387791,-0.246469262186853,0.647685737932959
TRUE,881,21.826115728271,380,600,300,300,-3.41371001424745,0.000320423729897964,-0.34616638610662,0.443092084231281
TRUE,882,21.3039333619138,380,600,300,300,-2.70876152468492,0.0033767431479046,-0.286225414636996,0.718505482453322
TRUE,883,21.6994988907315,380,600,300,300,-2.31150756082206,0.010402418011823,-0.247121574024197,0.718928139738557
TRUE,884,21.9184405287342,380,600,300,300,-3.99601386475659,3.22089814073106e-05,-0.402803613051096,0.0764377814824005
TRUE,885,22.1448303093873,380,600,300,300,-3.75468174299039,8.678093519057e-05,-0.382061681629248,0.0625414564656598
TRUE,886,20.7348218121282,380,600,300,300,-3.18195638355139,0.000731419233056862,-0.327294415538698,0.285093816855088
TRUE,887,21.1593418990541,380,600,300,300,-3.85680336168331,5.74397515189817e-05,-0.395672302113921,0.52093813795616
TRUE,888,21.6228913883585,380,600,300,300,-2.80994780165767,0.00247747677322044,-0.285306285544423,0.0728008187030251
TRUE,889,21.7047559421784,380,600,300,300,-2.09191721375875,0.0182229609773968,-0.215219322745102,0.154403892575536
TRUE,890,22.3167254388908,380,600,300,300,-3.31198162316054,0.000463188154669298,-0.342139413254285,0.0993052146453303
TRUE,891,21.0665079718549,380,600,300,300,-3.19994594939535,0.000687266810469305,-0.313203108781572,0.211351921897317
TRUE,892,21.7934010660476,380,600,300,300,-3.14935396716189,0.000818159333420052,-0.321859433513735,0.0298139892581384
TRUE,893,22.8236284467138,380,600,300,300,-5.10724597615755,1.63444052758297e-07,-0.499285589058104,0.550506599457567
TRUE,894,21.193552127768,380,600,300,300,-1.5923850939193,0.055649101716333,-0.159958866636473,0.299047180950464
TRUE,895,22.706553723517,380,600,300,300,-3.09245723329142,0.000992534171349216,-0.316772763275413,0.177583583855998
TRUE,896,21.7251706712144,380,600,300,300,-4.19314175254801,1.37558703099974e-05,-0.435365572592625,0.464501068512996
TRUE,897,22.1643882049118,380,600,300,300,-3.71620248250086,0.000101119765005626,-0.386720189163011,0.0948010912015111
TRUE,898,21.7152259310991,380,600,300,300,-3.0971356222346,0.000977002272311984,-0.305261731794095,0.763865739701028
TRUE,899,22.0959309244519,380,600,300,300,-3.96026488645114,3.74333360107456e-05,-0.399125618216345,0.0909201018709231
TRUE,900,21.5230286136169,380,600,300,300,-3.97341291569842,3.54250345296805e-05,-0.412170031959684,0.173050763177325
TRUE,901,21.4302293136902,380,600,300,300,-3.08894985431415,0.0010043266975747,-0.321093799048827,0.0322519277554361
TRUE,902,21.7168642862533,380,600,300,300,-3.65682428599344,0.000127679649357813,-0.381623476833657,0.404109614353158
TRUE,903,21.3975321793937,380,600,300,300,-2.24621734629704,0.0123450448450469,-0.232893657613966,0.78416083384252
TRUE,904,22.0766499271965,380,600,300,300,-2.40901500117034,0.00799782024284653,-0.248545124352162,0.0105686829913952
TRUE,905,20.7506995841015,380,600,300,300,-5.25561843704256,7.37639375000376e-08,-0.542181592410462,0.0349802569958877
TRUE,906,22.2965476356917,380,600,300,300,-2.96188594986849,0.00152880509383419,-0.318270177199233,0.910571279122278
TRUE,907,22.798339926438,380,600,300,300,-3.06933436926588,0.00107268164496933,-0.327641667947817,0.531481382186176
TRUE,908,22.0400591388996,380,600,300,300,-2.62209638756823,0.00436953556231462,-0.271911438363006,0.0295722414387472
TRUE,909,22.4275509201083,380,600,300,300,-4.46186819938061,4.06240977476514e-06,-0.465000620089094,0.264359088989783
TRUE,910,21.2131977390831,380,600,300,300,-3.46327606915085,0.000266820286028493,-0.353145582591891,0.660638029195412
TRUE,911,20.8429812249541,380,600,300,300,-1.21697300211325,0.111807244018929,-0.122844019928102,0.037204788792262
TRUE,912,21.5393553607323,380,600,300,300,-3.66853497203514,0.000121972164670776,-0.379969386090259,0.0286225495343744
TRUE,913,21.5865676847708,380,600,300,300,-2.02701839750201,0.0213302656148763,-0.205733758639047,0.407669048611527
TRUE,914,21.4407499581771,380,600,300,300,-3.5635762844464,0.000182918156764283,-0.371326563677598,0.282840006486506
TRUE,915,22.5439939428119,380,600,300,300,-5.32477540162039,5.0538926406026e-08,-0.543993770903647,0.31463148612218
TRUE,916,22.520588173302,380,600,300,300,-4.94577758160191,3.79202570898266e-07,-0.504755906173949,0.0652722365802732
TRUE,917,21.78610909857,380,600,300,300,-4.79359019465182,8.19113772762871e-07,-0.493882983654654,0.00571701510099211
TRUE,918,22.2976951518576,380,600,300,300,-2.69356453169647,0.00353462295968984,-0.265884344876867,0.279993012526131
TRUE,919,20.8369148438312,380,600,300,300,-4.40964227362509,5.177075766472e-06,-0.439838699982019,0.101416120583238
TRUE,920,21.84110832202,380,600,300,300,-3.59459434036453,0.000162448702039304,-0.369458912890424,0.0713893074855201
TRUE,921,21.2634641992968,380,600,300,300,-3.35295142976373,0.000399773680659462,-0.333091903614611,0.11378512940555
TRUE,922,21.4326599096938,380,600,300,300,-3.47105534283756,0.00025920857111071,-0.330422215567234,0.646209639020298
TRUE,923,21.8172518591843,380,600,300,300,-3.90482892585108,4.71460317995866e-05,-0.418555889618123,0.414596459235946
TRUE,924,21.7774732258798,380,600,300,300,-3.23925325991906,0.00059921553796755,-0.326072626616685,0.00808990540558807
TRUE,925,21.505195947049,380,600,300,300,-4.26305041748953,1.00827498267273e-05,-0.445613689157376,0.204192828930633
TRUE,926,22.4111219407229,380,600,300,300,-3.54644195301578,0.000195235377274635,-0.363051739008442,0.197045253733328
TRUE,927,22.3024571423136,380,600,300,300,-4.59250762744599,2.18975749247445e-06,-0.46483079707903,0.0660016994169724
TRUE,928,20.5913856121584,380,600,300,300,-3.38338337193553,0.000357993050771764,-0.335926468183353,0.000545399777018492
TRUE,929,22.0545735620629,380,600,300,300,-3.37516207591851,0.000368861150641412,-0.350669321116961,0.060213164200922
TRUE,930,21.7677852964979,380,600,300,300,-2.43309015769402,0.00748528636597976,-0.254815558325391,0.107446211317124
TRUE,931,21.4499270985854,380,600,300,300,-2.34082965841034,0.00962047178676891,-0.240486544727679,0.370489903686829
TRUE,932,22.0305750337243,380,600,300,300,-3.46397017226256,0.000266132763271001,-0.372827589793403,0.218514269552306
TRUE,933,20.7227480007035,380,600,300,300,-3.22487099706819,0.000630147222801237,-0.332603724048673,0.200584410781071
TRUE,934,22.0070221090827,380,600,300,300,-4.36597941347209,6.32771997272546e-06,-0.451120958142655,0.722054393035312
TRUE,935,21.7221952084545,380,600,300,300,-3.38408198947434,0.000357083367060763,-0.339842071378949,0.410346896026956
TRUE,936,21.2305558657803,380,600,300,300,-2.5524949776468,0.005347722576315,-0.261534893446838,0.0255803259276328
TRUE,937,21.4581461359404,380,600,300,300,-2.85242903147619,0.00216932495619742,-0.298378058170863,0.0690686154818804
TRUE,938,21.089909642275,380,600,300,300,-3.44725099220318,0.000283161094394902,-0.350458092422317,0.375634819280698
TRUE,939,22.3946238473571,380,600,300,300,-3.95211054416654,3.87324692453816e-05,-0.404019650380262,0.101256030105587
TRUE,940,22.1489551260504,380,600,300,300,-4.27612002059231,9.50893609440386e-06,-0.448152029234708,0.536406577939619
TRUE,941,20.8562380090356,380,600,300,300,-2.03894436626493,0.0207277901548296,-0.199138230909726,0.484651014949123
TRUE,942,21.7424103527381,380,600,300,300,-2.95143368611626,0.00158151228647842,-0.301345893388604,0.0856535142474267
TRUE,943,20.8506480249198,380,600,300,300,-3.09909688887747,0.000970557647194633,-0.326745987472026,0.0985505302075056
TRUE,944,21.6676274001269,380,600,300,300,-3.94191615613727,4.04166176820747e-05,-0.394943163981616,0.0304466364561033
TRUE,945,21.2971940067597,380,600,300,300,-4.22060692665988,1.21822727390354e-05,-0.431375516821909,0.0210416836715229
TRUE,946,22.2578772338875,380,600,300,300,-3.48413445287027,0.000246865696006203,-0.354920426788079,0.0762807017078015
TRUE,947,21.948631778395,380,600,300,300,-4.27959713675155,9.36159548302413e-06,-0.438356361552907,0.142531585683434
TRUE,948,21.6333627821874,380,600,300,300,-2.74558627740205,0.00302014413728355,-0.282785790147,0.478374278569001
TRUE,949,21.0434394190651,380,600,300,300,-1.75026795140092,0.0400360441550172,-0.173263835808355,0.0565642924594431
TRUE,950,20.7641342688818,380,600,300,300,-2.0438065833387,0.0204863292746888,-0.206210835138533,0.278858914590438
TRUE,951,21.2070362960782,380,600,300,300,-3.45475777611121,0.000275393707010522,-0.335688860685722,0.848175260419632
TRUE,952,21.9720575600402,380,600,300,300,-4.10408473926307,2.02959334904651e-05,-0.416881693271303,0.0951542140706305
TRUE,953,20.6222815068159,380,600,300,300,-2.93202452250443,0.00168380077314953,-0.294229344108769,0.194390428749755
TRUE,954,21.3304240965843,380,600,300,300,-2.97502416484412,0.00146482734352218,-0.304694658873397,0.374573146208971
TRUE,955,21.187400706728,380,600,300,300,-5.22198364823513,8.85083017420712e-08,-0.529251523602059,0.0556561467305059
TRUE,956,21.0073487213293,380,600,300,300,-4.61297380666885,1.98474171196936e-06,-0.476385177924128,0.154340167899258
TRUE,957,20.763094778663,380,600,300,300,-4.58489945752401,2.27102473023819e-06,-0.470805540442422,0.0123331225307552
TRUE,958,20.8750285527065,380,600,300,300,-2.80713558110934,0.00249920995488008,-0.282925093050512,0.570100721645233
TRUE,959,21.851616741713,380,600,300,300,-4.22859184161545,1.17579259864205e-05,-0.440393615325772,0.268991025644896
TRUE,960,22.4634322152953,380,600,300,300,-2.95416628539456,0.00156757512803989,-0.296812839315495,0.122724880820913
TRUE,961,21.3157545327496,380,600,300,300,-1.61872694488619,0.0527530133638993,-0.16845844648628,0.28522979506477
TRUE,962,21.0344923826493,380,600,300,300,-3.30730342772594,0.00047099398899125,-0.339347979281433,0.0259741294914609
TRUE,963,20.8028807820662,380,600,300,300,-2.93126995691156,0.0016878964258241,-0.315972541111492,0.0119307758165448
TRUE,964,21.0615197895969,380,600,300,300,-4.17612879594419,1.48255988098194e-05,-0.437708741247795,0.12020320419687
TRUE,965,22.699881823219,380,600,300,300,-2.67748428279815,0.00370886663345775,-0.267827486513199,0.182966645886961
TRUE,966,21.3480037522084,380,600,300,300,-3.28864531175236,0.000503354010419346,-0.35541023978899,0.00667838222866963
TRUE,967,21.9135772245487,380,600,300,300,-4.29510832448648,8.73040285047738e-06,-0.434088371872565,0.158019028672163
TRUE,968,22.5858551649867,380,600,300,300,-2.79933899137477,0.00256036735672809,-0.281055302841233,0.272213142771449
TRUE,969,20.3855895359775,380,600,300,300,-3.61215723238399,0.000151830172933872,-0.385144161273905,0.157942103947078
TRUE,970,21.637051634117,380,600,300,300,-4.69414696359463,1.3386076017319e-06,-0.467624736103562,0.129270211315803
TRUE,971,21.9424048595376,380,600,300,300,-2.7576421624465,0.00291099457638899,-0.284517558994991,0.124952103304891
TRUE,972,20.9212997358339,380,600,300,300,-4.34117042345902,7.08628702451598e-06,-0.436267877236481,0.123252179167384
TRUE,973,22.0001487744008,380,600,300,300,-4.28878947814185,8.98247742444883e-06,-0.4346466437136,0.00262900612765755
TRUE,974,23.2221845749413,380,600,300,300,-3.04587686325081,0.00116001414111285,-0.316536474349233,0.421588493348958
TRUE,975,21.7872942370679,380,600,300,300,-2.34242062315825,0.00957955445796129,-0.248906571512234,0.18206447321693
TRUE,976,19.9846785391431,380,600,300,300,-4.41732776871048,4.99643193982226e-06,-0.453493581143762,0.159782445121327
TRUE,977,20.5877498589272,380,600,300,300,-3.13479566465066,0.000859869273590777,-0.315399301261837,0.195381391567705
TRUE,978,21.0529724590363,380,600,300,300,-3.91111859065284,4.59348233231798e-05,-0.395013816737616,0.651963623117572
TRUE,979,21.7494814547058,380,600,300,300,-3.93903546312448,4.09049192291349e-05,-0.41861618778016,0.102354998073358
TRUE,980,21.5152869251998,380,600,300,300,-1.78548614095433,0.0370912486732461,-0.180968476311755,0.0833057081819771
TRUE,981,22.0445963845553,380,600,300,300,-2.96635372459122,0.00150676836670275,-0.300310735704189,0.463270459151408
TRUE,982,21.8377597165375,380,600,300,300,-2.97005945832774,0.00148871057421154,-0.319151475057513,0.747971675512151
TRUE,983,20.581090940767,380,600,300,300,-2.36856319326076,0.00892866474429203,-0.240825746517811,0.798061846555325
TRUE,984,21.9836828555212,380,600,300,300,-5.57028571313105,1.27160967305266e-08,-0.583854215617047,0.00693784887316677
TRUE,985,21.3365027441203,380,600,300,300,-2.82074598386237,0.00239560623990565,-0.293353829147434,0.692363957447401
TRUE,986,22.3977399380844,380,600,300,300,-3.89314829775489,4.9475810151241e-05,-0.407631496181007,0.133156775627585
TRUE,987,21.6062848943045,380,600,300,300,-0.451625532488958,0.32576938654711,-0.0477865525082121,0.0285081556741761
TRUE,988,21.502125030189,380,600,300,300,-3.72375627852067,9.81402093110568e-05,-0.375355479961144,0.741200697176144
TRUE,989,21.5430585175303,380,600,300,300,-4.04258609777297,2.64324456747674e-05,-0.407130426007371,0.164167850570138
TRUE,990,21.9005719084436,380,600,300,300,-4.88289048395029,5.22709699142574e-07,-0.493867588111663,0.131162569153446
TRUE,991,21.5444608894579,380,600,300,300,-2.27384400343281,0.0114876837414908,-0.234126894681056,0.0640479081137736
TRUE,992,21.1827534283559,380,600,300,300,-4.46892439196632,3.93069551336924e-06,-0.460812654953902,0.00496364172072669
TRUE,993,20.6862131370212,380,600,300,300,-4.760577880509,9.65197117856256e-07,-0.485183110722648,0.278300942347466
TRUE,994,22.2346656043455,380,600,300,300,-3.60496787924665,0.000156095769205029,-0.359888961477009,0.182938716131012
TRUE,995,22.0076385565102,380,600,300,300,-3.98469076342932,3.37840292905081e-05,-0.405820377469736,0.0697564396082078
TRUE,996,21.3852171992505,380,600,300,300,-4.05604395487249,2.49554354162898e-05,-0.406367380759073,0.427191278757887
TRUE,997,21.756301605409,380,600,300,300,-2.68240877829174,0.00365470416955097,-0.273794833942831,0.146249153236142
TRUE,998,21.2863452966354,380,600,300,300,-2.25108142278636,0.0121901904037272,-0.234295936529435,0.221181225880644
TRUE,999,22.5357906025746,380,600,300,300,-2.67508513361759,0.00373551379058267,-0.273949366381418,0.0125648002231445
TRUE,1000,22.0813969572796,380,600,300,300,-4.40409019191773,5.31143722592441e-06,-0.452979178636341,0.118558271587937
TRUE,1001,21.7258020109546,380,600,300,300,-3.49341484247461,0.000238442527259594,-0.362085506521559,0.138189076165595
TRUE,1002,22.6599542618285,380,600,300,300,-3.36552274701167,0.000381993838212144,-0.358815755786263,0.410895767732364
TRUE,1003,22.2947254023743,380,600,300,300,-3.70896560377694,0.000104053846632309,-0.389379510139416,0.272377932536488
TRUE,1004,21.8881293484969,380,600,300,300,-2.72016400061964,0.00326247730158129,-0.275339019599116,0.496261459183593
TRUE,1005,20.4347461379001,380,600,300,300,-2.49247783480777,0.0063427623986953,-0.256047546243241,0.0445182922840563
TRUE,1006,22.0261428707524,380,600,300,300,-2.39186476070144,0.0083815089210763,-0.260165284610904,0.478394214294984
TRUE,1007,21.9917148042467,380,600,300,300,-1.79630867696362,0.0362227193215861,-0.188995847184544,0.412595290678181
TRUE,1008,22.1684100405872,380,600,300,300,-4.46496873539527,4.0040222411777e-06,-0.46435808294868,0.000259155052286704
TRUE,1009,21.1502653796869,380,600,300,300,-2.90818129757348,0.00181768756876313,-0.300346092405314,0.0180077155825256
TRUE,1010,23.3660384792928,380,600,300,300,-4.0671204372652,2.37988232892179e-05,-0.423350715654882,0.202494645493209
TRUE,1011,21.1816373473617,380,600,300,300,-3.17055589398915,0.000760737792188621,-0.323072689081356,0.161658219155089
TRUE,1012,21.9055214293071,380,600,300,300,-3.36661216405726,0.000380488142691143,-0.346432140922677,0.0167122670447026
TRUE,1013,21.8579724125891,380,600,300,300,-5.3673645436478,3.9947734952261e-08,-0.539576375910774,0.00457570253965177
TRUE,1014,21.892592348622,380,600,300,300,-3.80558370937734,7.07350781088258e-05,-0.40637641661913,0.230093091965905
TRUE,1015,21.4462205028188,380,600,300,300,-4.30875150434516,8.2089352975132e-06,-0.448819505499286,0.146168155452808
TRUE,1016,21.5151270937347,380,600,300,300,-4.78976034030796,8.34903132573739e-07,-0.477115031694425,0.177631808966503
TRUE,1017,22.3176728263811,380,600,300,300,-1.82696935934578,0.0338521882502993,-0.192521072326359,0.0640969596377431
TRUE,1018,22.0496657437474,380,600,300,300,-3.89044066024825,5.00311724539744e-05,-0.420653431605164,0.175339174577158
TRUE,1019,22.3026551630554,380,600,300,300,-2.42609993610582,0.00763103346751225,-0.25109724273054,0.647270940350691
TRUE,1020,21.7509659920259,380,600,300,300,-3.92449294167346,4.34563037219543e-05,-0.41861761269988,0.0062648313488007
TRUE,1021,21.5096695976383,380,600,300,300,-3.76396047627624,8.36216642353783e-05,-0.363950731297612,0.445066171366567
TRUE,1022,21.9071985472852,380,600,300,300,-4.57771423768468,2.35042128069473e-06,-0.452159836017054,0.317868139584642
TRUE,1023,22.550910527464,380,600,300,300,-3.140300690007,0.000843872532699548,-0.327948396048407,0.393883249191145
TRUE,1024,21.4725058733245,380,600,300,300,-2.40822491203312,0.00801515099171465,-0.247170735154962,0.360128428872849
TRUE,1025,20.7602596514108,380,600,300,300,-2.88357161357842,0.00196596616641685,-0.288858092739127,0.51699943888646
TRUE,1026,21.7564084679447,380,600,300,300,-3.92709096437715,4.29897349148778e-05,-0.410985703565614,0.0445028159067981
TRUE,1027,21.5328706271475,380,600,300,300,-1.22346135770955,0.11057774539314,-0.127045334367966,0.9272671234669
TRUE,1028,20.832764427112,380,600,300,300,-4.05373840484894,2.52027901498454e-05,-0.42009185359898,0.142642540235115
TRUE,1029,20.7311109018953,380,600,300,300,-2.93624907562603,0.00166103731559315,-0.299749019283121,0.834848813484988
TRUE,1030,20.4324761972596,380,600,300,300,-2.93537826511859,0.00166570650344799,-0.307212907775761,0.0211758452181764
TRUE,1031,21.3679239427153,380,600,300,300,-4.10293163367041,2.03973911944325e-05,-0.414171070639615,0.0953338377789753
TRUE,1032,21.5409234771054,380,600,300,300,-3.21377885794918,0.000655002620126981,-0.322738475908248,0.0271429129062058
TRUE,1033,22.0945700105013,380,600,300,300,-4.48525140868522,3.64140057652688e-06,-0.448263927954636,0.0432729763867416
TRUE,1034,21.7510715352068,380,600,300,300,-3.07590296383773,0.00104933066202796,-0.324667702589771,0.101702165116957
TRUE,1035,21.8188730054024,380,600,300,300,-2.33485068653019,0.00977561112786681,-0.261816082265518,0.322229123728521
TRUE,1036,21.1171836372247,380,600,300,300,-3.56997853675177,0.000178505239120606,-0.372550727810489,0.0210418079964223
TRUE,1037,21.7863259724803,380,600,300,300,-3.77403035408893,8.03156017767209e-05,-0.414534095800648,0.295009071635633
TRUE,1038,21.7732297419291,380,600,300,300,-2.10934638431438,0.0174573468953736,-0.211539910980745,0.754971743087452
TRUE,1039,21.2685266499999,380,600,300,300,-2.50967817791474,0.00604206174536912,-0.257238581424661,0.536453517263044
TRUE,1040,21.3801264597941,380,600,300,300,-5.57429365750211,1.24268095981323e-08,-0.574443926434476,0.626776132438435
TRUE,1041,22.1591192187202,380,600,300,300,-4.45477514665894,4.19905819349582e-06,-0.455617329371947,0.00770179138186751
TRUE,1042,21.6937192028482,380,600,300,300,-3.89285511001023,4.95356635868402e-05,-0.389364340386354,0.267727507454146
TRUE,1043,20.8694047773025,380,600,300,300,-3.14744565488956,0.000823518597340912,-0.31493017338379,0.110609215968904
TRUE,1044,21.1665044428439,380,600,300,300,-4.74767130968573,1.02886041206154e-06,-0.496933427769867,0.0200391382538601
TRUE,1045,21.8967520940931,380,600,300,300,-3.60587471620197,0.000155551606408054,-0.380272817717955,0.308592943575843
TRUE,1046,22.5750548177526,380,600,300,300,-1.94429804286515,0.0259297602683052,-0.2086802602283,0.329302978268082
TRUE,1047,21.704565389771,380,600,300,300,-2.86292847215103,0.00209872653902625,-0.294161239477293,0.860095114832638
TRUE,1048,21.6366788589048,380,600,300,300,-3.67196845585789,0.000120344698210087,-0.382356332329682,0.171962600078002
TRUE,1049,20.0602858505924,380,600,300,300,-3.70915630016803,0.00010397551646712,-0.385594433330526,0.00731147318255611
TRUE,1050,21.4814850782389,380,600,300,300,-4.09186140979561,2.13962190885155e-05,-0.419571262686488,0.0351140943674272
TRUE,1051,21.4665579730468,380,600,300,300,-4.1443271289089,1.70406470125179e-05,-0.422643058326437,0.159862358297322
TRUE,1052,21.5694180576193,380,600,300,300,-2.58825500607125,0.00482317695815522,-0.28377724044032,0.28516119194995
TRUE,1053,21.0905684231692,380,600,300,300,-3.41953025766814,0.000313646778735714,-0.349073751019202,0.560766992585715
TRUE,1054,21.9049560573815,380,600,300,300,-3.14740141425438,0.000823643224058243,-0.329275763852648,0.0877105111648131
TRUE,1055,22.0362185756117,380,600,300,300,-3.63608746269311,0.000138405189812531,-0.36854982841485,0.0438902513818893
TRUE,1056,21.6761657863172,380,600,300,300,-4.06399880001579,2.41195368680659e-05,-0.429806224793963,0.0295217508538056
TRUE,1057,22.9116603170801,380,600,300,300,-2.99866818934027,0.00135581221984158,-0.305978683577903,0.283891400049413
TRUE,1058,20.6127740999849,380,600,300,300,-2.87424192802377,0.00202499301447058,-0.29860772535199,0.0957375645203709
TRUE,1059,22.0371113283379,380,600,300,300,-2.27866110678155,0.0113436092131516,-0.232216296185554,0.250576230827429
TRUE,1060,21.9718676028494,380,600,300,300,-3.59765818098265,0.000160547609760883,-0.381784482404294,0.0723983979158263
TRUE,1061,22.3099323214497,380,600,300,300,-4.00398684221104,3.11419151497884e-05,-0.398638162549469,0.711547029830056
TRUE,1062,21.6491040298087,380,600,300,300,-5.92666666729051,1.54572802446281e-09,-0.636352212543365,0.00152740076176864
TRUE,1063,21.6161745487555,380,600,300,300,-2.85002903817072,0.00218576189059872,-0.305847553760165,0.43728033008902
TRUE,1064,21.2032000250928,380,600,300,300,-3.9572029691743,3.791624677392e-05,-0.41442561098074,0.0500201681391323
TRUE,1065,21.1583390957359,380,600,300,300,-1.49485295531023,0.0674764111886612,-0.144475594728626,0.163418276505531
TRUE,1066,21.7174622238612,380,600,300,300,-2.47549358459314,0.00665260760554554,-0.266697927568193,0.507021202026407
TRUE,1067,22.1743087591909,380,600,300,300,-2.63125253421807,0.00425353982884206,-0.265971975351898,0.362433894643292
TRUE,1068,21.4183204222501,380,600,300,300,-4.52260376950169,3.05417615367624e-06,-0.465941652459258,0.212921230292583
TRUE,1069,19.8947394405713,380,600,300,300,-3.33051969332387,0.00043342015835359,-0.351446306203979,0.163200882927365
TRUE,1070,22.374120166565,380,600,300,300,-3.28810921130295,0.000504313523458955,-0.350903559079998,0.0796798266624529
TRUE,1071,20.7479631010205,380,600,300,300,-3.73739111397846,9.2969785300264e-05,-0.397671566948191,0.253718263993804
TRUE,1072,21.8655204714422,380,600,300,300,-5.79149065205966,3.48822213480992e-09,-0.578847913552563,0.000149336404412337
TRUE,1073,21.273864205332,380,600,300,300,-1.86546861311032,0.0310578738524271,-0.192848277368978,0.267396847113569
TRUE,1074,21.6196861238507,380,600,300,300,-3.51237697904928,0.000222058778996931,-0.368219856285028,0.290939797702993
TRUE,1075,21.0077849678991,380,600,300,300,-4.31179797454151,8.0966179566354e-06,-0.436793568522695,0.100114711003195
TRUE,1076,22.3437816033356,380,600,300,300,-4.48784461372859,3.5973686296701e-06,-0.466811836494396,0.0605379478890549
TRUE,1077,22.0406707551699,380,600,300,300,-4.56741475341237,2.46888192708689e-06,-0.467174078978869,0.0532223640443798
TRUE,1078,21.9059833584328,380,600,300,300,-3.7617576178516,8.43617576264091e-05,-0.396566775704059,0.0283782996599387
TRUE,1079,20.523074660087,380,600,300,300,-2.4420722325928,0.00730161222221732,-0.244056038161547,0.195433441294291
TRUE,1080,21.184509793818,380,600,300,300,-3.66245048108563,0.000124907026955861,-0.38405023691221,0.104348699257184
TRUE,1081,21.3239632636212,380,600,300,300,-3.79494909215519,7.38368768574982e-05,-0.390853459163329,0.0310219329598382
TRUE,1082,21.5535286272637,380,600,300,300,-1.84696230032134,0.0323763021701998,-0.19142137458296,0.786628985939574
TRUE,1083,22.0431368092708,380,600,300,300,-4.23238584036158,1.15612643278152e-05,-0.43443362776926,0.522540374588046
TRUE,1084,21.6030131473852,380,600,300,300,-4.54395919194037,2.76036750846837e-06,-0.459178639369018,0.0385264886941048
TRUE,1085,21.6752538111976,380,600,300,300,-2.03296536622033,0.0210280110914883,-0.204669306488686,0.775483887095593
TRUE,1086,21.5810441217346,380,600,300,300,-2.51977939329825,0.00587142027367992,-0.252591839555638,0.0316525572677307
TRUE,1087,21.3400921805987,380,600,300,300,-3.42651833725015,0.000305686240126861,-0.343140334381938,0.461037012682829
TRUE,1088,21.6345572362796,380,600,300,300,-5.02283339430796,2.54573545041708e-07,-0.520200344551264,0.467980386866788
TRUE,1089,21.7722784732635,380,600,300,300,-3.75029832584536,8.83121556137016e-05,-0.39045398866232,0.0630522230411297
TRUE,1090,21.0856118984016,380,600,300,300,-3.56173553213302,0.000184205697754535,-0.375112112740594,0.221983055357376
TRUE,1091,21.7296226169221,380,600,300,300,-4.89653417640095,4.87708451961145e-07,-0.510640870279782,0.451840463290419
TRUE,1092,21.7213982608449,380,600,300,300,-3.69144446030312,0.000111492045925882,-0.388069527083749,0.315054914818987
TRUE,1093,21.2400620203661,380,600,300,300,-1.99017929619178,0.0232855940743875,-0.215834113282755,0.809953833034502
TRUE,1094,22.3817995463557,380,600,300,300,-3.02302108176277,0.00125132404054563,-0.305214594677737,0.748463606062154
TRUE,1095,20.6993838930086,380,600,300,300,-5.31555028000608,5.31677406539232e-08,-0.550169355183073,0.256815374423292
TRUE,1096,21.4289156242646,380,600,300,300,-2.80138146752898,0.00254421651608377,-0.287768537400925,0.0935821580362716
TRUE,1097,22.351501628843,380,600,300,300,-2.55678648070581,0.00528220205514835,-0.263195499726763,0.244927529689022
TRUE,1098,21.1773136195972,380,600,300,300,-2.99985021453534,0.00135056200727096,-0.308159703402722,0.179121311512987
TRUE,1099,21.7719621488918,380,600,300,300,-3.57288536688982,0.000176534672789855,-0.366152804850177,0.152267253054316
TRUE,1100,20.977858729186,380,600,300,300,-4.90118605640138,4.76298921848705e-07,-0.517113534090053,0.0634122678758966
TRUE,1101,21.5425965107968,380,600,300,300,-2.70935644167398,0.00337069360234722,-0.276264859785257,0.512686464157961
TRUE,1102,21.9437345385808,380,600,300,300,-2.99221939065152,0.00138478575042986,-0.306884189770802,0.797474589036962
TRUE,1103,23.1658575226847,380,600,300,300,-4.00794987175624,3.06240580148887e-05,-0.43649257243096,0.0128142044520423
TRUE,1104,21.5021879712562,380,600,300,300,-2.92796754496408,0.00170592828726483,-0.309951886819532,0.309351345881951
TRUE,1105,22.7545767123173,380,600,300,300,-2.75132470085697,0.0029677389037164,-0.279012994010159,0.688681063085319
TRUE,1106,21.8178148408576,380,600,300,300,-3.72826029205884,9.64030908893943e-05,-0.385149344912713,0.0367435919493731
TRUE,1107,21.4961363199671,380,600,300,300,-4.28337044817771,9.2041650678766e-06,-0.457229246679591,0.0161827181990042
TRUE,1108,20.9509260494168,380,600,300,300,-1.67510370470665,0.0469569431108749,-0.169751510941555,0.479688062511069
TRUE,1109,21.1506046011071,380,600,300,300,-5.08783868375275,1.81083612217777e-07,-0.520768477223534,0.00778128888622342
TRUE,1110,22.348867242419,380,600,300,300,-2.87732401082289,0.00200531776681377,-0.287187882755762,0.101892040162491
TRUE,1111,21.9780363690667,380,600,300,300,-3.18019614852459,0.000735876974148338,-0.322752446099542,0.348737568430363
TRUE,1112,21.6638750534772,380,600,300,300,-2.97646958140288,0.00145794003578672,-0.307872170446669,0.46853631937833
TRUE,1113,21.4088367989069,380,600,300,300,-3.49588882805725,0.000236242753921747,-0.36401582508996,0.0278813187790624
TRUE,1114,21.5367487568037,380,600,300,300,-3.19750510391351,0.000693109790981218,-0.322752230988273,0.38649702283928
TRUE,1115,22.4222251436918,380,600,300,300,-2.65242693345581,0.00399577111569865,-0.277167571698037,0.808111441866598
TRUE,1116,21.3278814768085,380,600,300,300,-2.90870848641529,0.00181462548844879,-0.310241401867505,0.0960422494647953
TRUE,1117,22.6977399752627,380,600,300,300,-3.77160784678598,8.10995134543424e-05,-0.389405558174007,0.156347607946624
TRUE,1118,21.2077363640216,380,600,300,300,-2.89290860609232,0.00190846172719949,-0.298225736137734,0.469149899442097
TRUE,1119,22.4177929338546,380,600,300,300,-2.84275660191355,0.00223626059596087,-0.282886479381731,0.0153489850597025
TRUE,1120,20.8853391180919,380,600,300,300,-2.23757020221467,0.0126245482693831,-0.231209067571332,0.850078493763247
TRUE,1121,21.4392130839723,380,600,300,300,-4.26306460800991,1.00821092835641e-05,-0.430255567240014,0.0323626875296274
TRUE,1122,21.8483060237256,380,600,300,300,-2.81952806161398,0.00240471627983045,-0.31016235290342,0.281782112507928
TRUE,1123,22.0098406786027,380,600,300,300,-3.7039863386533,0.000106118846488215,-0.379234448912445,0.21713125928091
TRUE,1124,20.6990735483063,380,600,300,300,-4.59490035753482,2.16478053633498e-06,-0.461334030864553,0.321174907912648
TRUE,1125,22.753949642064,380,600,300,300,-3.4317722823357,0.000299825419796971,-0.352576807201687,0.514823393958862
TRUE,1126,21.2225218909737,380,600,300,300,-2.59963852640457,0.00466610021629204,-0.255785314291651,0.569454841043695
TRUE,1127,21.193579571102,380,600,300,300,-3.935892965056,4.14439560170713e-05,-0.379405667896528,0.241732769587012
TRUE,1128,21.4264419206151,380,600,300,300,-4.48059858001567,3.72169951076999e-06,-0.426126538987447,0.294885526134926
TRUE,1129,20.7481982026143,380,600,300,300,-2.72880528469834,0.00317821120258099,-0.285136221030773,0.271897110428294
TRUE,1130,22.4184895410746,380,600,300,300,-2.98765095924322,0.0014056520914716,-0.317915907293936,0.580939651503532
TRUE,1131,22.2114801919539,380,600,300,300,-2.78142554379092,0.00270603717918036,-0.283547142209018,0.235248234969757
TRUE,1132,21.9841230234185,380,600,300,300,-3.74890051421995,8.88057593645684e-05,-0.383741092787014,0.0853027003827521
TRUE,1133,21.0413940172375,380,600,300,300,-3.20274735106108,0.000680616726580953,-0.337081942660098,0.567735698958736
TRUE,1134,21.0923003601098,380,600,300,300,-3.44724293458093,0.000283169540280739,-0.35641941324951,0.0960390396728251
TRUE,1135,21.7339102626612,380,600,300,300,-4.35681319681036,6.59849027616213e-06,-0.442197621647389,0.156748404947994
TRUE,1136,21.817550466694,380,600,300,300,-1.87629532438714,0.0303073693627314,-0.191099385307952,0.332521445556498
TRUE,1137,21.0236274558416,380,600,300,300,-4.29266899170097,8.82690458643171e-06,-0.435863016626178,0.0876080650990464
TRUE,1138,20.815247376734,380,600,300,300,-4.99535438501019,2.93639112745795e-07,-0.499575827860471,0.346653288175356
TRUE,1139,22.7751301911196,380,600,300,300,-3.41035852305623,0.000324387668707121,-0.352813430907038,0.297012897587404
TRUE,1140,21.3339362340331,380,600,300,300,-3.94048680033909,4.06582126331259e-05,-0.417111917248411,0.0737970160488945
TRUE,1141,21.0782832922661,380,600,300,300,-1.26162881236595,0.103541191737685,-0.130565409995371,0.354899888497387
TRUE,1142,21.8710675748989,380,600,300,300,-2.69564836824234,0.0035125891824198,-0.260512579619319,0.0777983189312588
TRUE,1143,22.0612863247537,380,600,300,300,-3.97711553838812,3.48781383162518e-05,-0.424537339171699,0.094872752258634
TRUE,1144,21.6533980799681,380,600,300,300,-3.7133798456166,0.000102254791293722,-0.357507229301184,0.0958214051248494
TRUE,1145,21.6475948407909,380,600,300,300,-4.812864641491,7.43910327445356e-07,-0.485700824369426,0.0217822816886474
TRUE,1146,21.8352350920702,380,600,300,300,-3.20337365353324,0.000679138124998722,-0.336629944891755,0.548807864582533
TRUE,1147,21.4730500261802,380,600,300,300,-3.62616203158927,0.000143832445233893,-0.380704417549712,0.0957482248120868
TRUE,1148,21.2258863129467,380,600,300,300,-4.84454324504987,6.34516382719366e-07,-0.504809854588507,0.629802753733123
TRUE,1149,21.2467196064899,380,600,300,300,-4.26198610466234,1.01309022387216e-05,-0.460637981927861,0.032650717866147
TRUE,1150,20.6996838239917,380,600,300,300,-4.7697029426325,9.22488937914459e-07,-0.497171298820114,0.1432055678749
TRUE,1151,20.3881367865298,380,600,300,300,-3.49934090392302,0.000233204924670047,-0.37318910200291,0.124750685957486
TRUE,1152,22.0759075766635,380,600,300,300,-2.56536299729509,0.00515339575672328,-0.26805324529447,0.0962886237895617
TRUE,1153,21.6132191709951,380,600,300,300,-2.39907052258629,0.00821837436568811,-0.246366349863505,0.608323023923614
TRUE,1154,21.438826985368,380,600,300,300,-3.26544385698612,0.000546463344833929,-0.335302706726775,0.0812913438106898
TRUE,1155,21.977484942481,380,600,300,300,-5.52482014601624,1.64911651568275e-08,-0.568634040652113,0.000157374864159353
TRUE,1156,21.9586235450235,380,600,300,300,-3.41851338312736,0.000314821106477891,-0.336882312777999,0.042205144110781
TRUE,1157,20.6435075355713,380,600,300,300,-5.02029578428579,2.57959871732535e-07,-0.521811065158384,0.381663519603212
TRUE,1158,20.9738601235967,380,600,300,300,-3.19929247720931,0.000688826645469755,-0.320031590145899,0.396855559170548
TRUE,1159,20.9839837115473,380,600,300,300,-3.875414747984,5.32216212249352e-05,-0.38481843229185,0.89517818545798
TRUE,1160,20.7082051508789,380,600,300,300,-3.17195537210306,0.000757081367784438,-0.325920057435856,0.643022058005224
TRUE,1161,21.0029315617965,380,600,300,300,-2.89700450177057,0.00188372174620632,-0.311262987763272,0.585893380048238
TRUE,1162,21.8294467086811,380,600,300,300,-3.50686922580689,0.000226705959397072,-0.373405541998811,0.87572224236964
TRUE,1163,21.4935049006903,380,600,300,300,-2.16171255681038,0.0153201695782488,-0.228326987196604,0.133260838180077
TRUE,1164,20.7859754284538,380,600,300,300,-4.6670506625584,1.52777004590917e-06,-0.475255390498443,0.0335642201187113
TRUE,1165,21.3162960003287,380,600,300,300,-4.06795406468745,2.37138638362755e-05,-0.423642730463067,0.125101168517658
TRUE,1166,22.3067083225865,380,600,300,300,-4.05970010018236,2.45678922104229e-05,-0.419125875216365,0.306048290701483
TRUE,1167,21.9220287879321,380,600,300,300,-4.22911348631056,1.17306990659818e-05,-0.426896548692796,0.241532599742203
TRUE,1168,22.5616548799505,380,600,300,300,-3.64857219732983,0.000131850899904675,-0.377073706770941,0.00494496630072397
TRUE,1169,21.9035124880691,380,600,300,300,-3.34875184166506,0.000405882340243696,-0.334906177396215,0.503299069458677
TRUE,1170,21.0576671606464,380,600,300,300,-5.0880971542209,1.80837042504491e-07,-0.516883173492643,0.217926266829198
TRUE,1171,22.6205220222753,380,600,300,300,-3.45404302857422,0.000276124627945532,-0.361806648959745,0.343611905246003
TRUE,1172,21.6601716134199,380,600,300,300,-2.03727807433068,0.0208110918747723,-0.212527163586405,0.0672806537220435
TRUE,1173,21.6567310935818,380,600,300,300,-6.53381716642982,3.2057103785302e-11,-0.673130710723078,0.0296453748357473
TRUE,1174,21.5074829582807,380,600,300,300,-5.06783939578644,2.01178331158869e-07,-0.514293617824036,0.389912038890414
TRUE,1175,21.7133630018582,380,600,300,300,-4.18181658625443,1.44594610457334e-05,-0.462500118249794,0.163723932959624
TRUE,1176,21.1255425166673,380,600,300,300,-4.00919156178613,3.04634885300675e-05,-0.41098776339553,0.758646072337942
TRUE,1177,21.803758102766,380,600,300,300,-3.34136439077679,0.000416838652478533,-0.347370723462525,0.126780909319455
TRUE,1178,20.9113266861835,380,600,300,300,-5.17161839854212,1.16037575208926e-07,-0.531403895786477,0.399454418993426
TRUE,1179,23.1844866201411,380,600,300,300,-0.867632521797294,0.19279776840235,-0.0920531012931012,0.959935176557511
TRUE,1180,20.9305160245713,380,600,300,300,-3.29094275748127,0.000499261148487727,-0.339846376204871,0.270524482891642
TRUE,1181,21.3437101482494,380,600,300,300,-2.37719190426168,0.00872250479681605,-0.239218321219156,0.25730808902014
TRUE,1182,22.333420992824,380,600,300,300,-3.99313426756178,3.26028103379242e-05,-0.417327375394764,0.501978708137473
TRUE,1183,20.9466135026857,380,600,300,300,-3.14407071860583,0.00083307584829058,-0.326110626059366,0.467935528080812
TRUE,1184,21.1985539812414,380,600,300,300,-4.66731844675827,1.52578092575772e-06,-0.462532641254305,0.484724406423999
TRUE,1185,21.2589701070854,380,600,300,300,-3.5692700089121,0.000178988664814341,-0.374907239003458,0.0532129902305798
TRUE,1186,21.6538469884196,380,600,300,300,-4.58530936531959,2.2665736006691e-06,-0.473659287099923,0.0091719349776894
TRUE,1187,21.4544072598964,380,600,300,300,-3.11106253142127,0.000932077297395285,-0.330838708272776,0.610290503455991
TRUE,1188,21.6449008398878,380,600,300,300,-3.8137340545344,6.84413831714224e-05,-0.398681222907513,0.0334308876561923
TRUE,1189,21.4190593270778,380,600,300,300,-4.04405892978347,2.62668528318431e-05,-0.419153393292251,0.0959542096735785
TRUE,1190,20.86455249502,380,600,300,300,-2.73912503618714,0.00308014699872379,-0.28645871848948,0.0112025929154711
TRUE,1191,21.0326554013122,380,600,300,300,-3.04325712992878,0.00117016133841231,-0.317596841573925,0.0441560533116885
TRUE,1192,22.1464454224184,380,600,300,300,-5.55357192032791,1.39945214624854e-08,-0.580124048230918,0.00255136284441423
TRUE,1193,21.7280888720602,380,600,300,300,-3.3316208331291,0.000431709037652714,-0.340039629905586,0.0610274589748667
TRUE,1194,21.8500775835532,380,600,300,300,-3.60565396410312,0.000155683908631763,-0.372699331797276,0.0588619716308588
TRUE,1195,21.4806133514643,380,600,300,300,-3.88180616755267,5.18417536890843e-05,-0.394447412107025,0.091860211988785
TRUE,1196,22.1283836645045,380,600,300,300,-2.02265081986435,0.0215545803543362,-0.218210672391952,0.21262081774418
TRUE,1197,20.5388247048199,380,600,300,300,-2.51474069354369,0.00595599803737639,-0.249263687752931,0.901152577904627
TRUE,1198,20.3718931199472,380,600,300,300,-2.29102977167723,0.0109808459123966,-0.23598821085869,0.927910648813363
TRUE,1199,21.0829484818215,380,600,300,300,-2.51868923401954,0.00588962843758644,-0.258162551162752,0.225601434407992
TRUE,1200,20.8420082399994,380,600,300,300,-3.08957261605378,0.00100222350151597,-0.322332738310341,0.00823403844259294
TRUE,1201,21.6029671061908,380,600,300,300,-4.22129997451051,1.21448719383962e-05,-0.430196121687547,0.0606270356173721
TRUE,1202,21.5029907945171,380,600,300,300,-4.48969294301346,3.56629578364843e-06,-0.44648162575664,0.024934369598348
TRUE,1203,22.5620619402676,380,600,300,300,-4.84131378636256,6.44917549728758e-07,-0.494632325803717,0.105317897317855
TRUE,1204,21.0659339598435,380,600,300,300,-3.95081427920741,3.89428738726286e-05,-0.41730334864779,0.174296580168576
TRUE,1205,21.4086685198403,380,600,300,300,-4.88947857020358,5.05517140025848e-07,-0.502763218245658,0.111708043615367
TRUE,1206,22.2410916924576,380,600,300,300,-4.07510214862341,2.29970766636303e-05,-0.417416602807287,0.0491817471101667
TRUE,1207,20.6664968167436,380,600,300,300,-3.28890117404036,0.000502896663871816,-0.368013602952239,0.170514071920749
TRUE,1208,20.7187456911136,380,600,300,300,-1.48413148490746,0.0688870209659337,-0.161996086021901,0.0820032280999185
TRUE,1209,21.9988699322547,380,600,300,300,-4.11468756972971,1.93852092532165e-05,-0.440494426133527,0.0863461309069556
TRUE,1210,21.6596103976236,380,600,300,300,-2.50550022604596,0.00611391600757958,-0.252021528150866,0.792636817207191
TRUE,1211,21.9428959736321,380,600,300,300,-4.03375021767084,2.74468344303097e-05,-0.404804014231165,0.0716307903111793
TRUE,1212,22.2806621664792,380,600,300,300,-3.43362634034875,0.00029778229016285,-0.343274649999625,0.120690856425707
TRUE,1213,21.873829119578,380,600,300,300,-3.00912417667178,0.00131001002922666,-0.305137460994233,0.36835509079959
TRUE,1214,22.0084594058402,380,600,300,300,-2.63687665894955,0.00418366246536038,-0.276065718259952,0.0379798964920028
TRUE,1215,22.9148164117023,380,600,300,300,-3.34063273277374,0.000417938574397385,-0.353481670178899,0.0157077002973434
TRUE,1216,20.8030617166048,380,600,300,300,-3.56370309005562,0.000182829771247303,-0.361266291650604,0.0424388588585985
TRUE,1217,21.5864815281238,380,600,300,300,-3.11981091457266,0.000904835828031734,-0.321709329317674,0.505016815207718
TRUE,1218,21.2735272727228,380,600,300,300,-4.66212847044652,1.56477859900697e-06,-0.493577177971027,0.0671989941235281
TRUE,1219,21.6185876545891,380,600,300,300,-3.52796162785728,0.000209386429161185,-0.353139227644175,0.00637689266231509
TRUE,1220,21.4887753539634,380,600,300,300,-4.57152444418398,2.42094397089912e-06,-0.471323920727858,0.257865944045965
TRUE,1221,22.1530604108057,380,600,300,300,-4.41173109167006,5.127371277483e-06,-0.464926959940034,0.314896526204252
TRUE,1222,21.2980266183335,380,600,300,300,-4.12629555932788,1.84326712690122e-05,-0.432835618005166,0.0626700421615247
TRUE,1223,21.0421407425208,380,600,300,300,-4.86626488398349,5.68635360400448e-07,-0.4906338309892,0.127386554425127
TRUE,1224,21.4361452931052,380,600,300,300,-1.36473113617017,0.0861687848613459,-0.140203144895326,0.0778981934394178
TRUE,1225,21.0759233875825,380,600,300,300,-2.59279069113811,0.0047600344970619,-0.264417940020479,0.512732026208348
TRUE,1226,21.1870398443271,380,600,300,300,-3.25461068411873,0.000567739519999789,-0.335032315036479,0.0629465294278598
TRUE,1227,22.1041974667407,380,600,300,300,-2.98159122680417,0.00143377298825395,-0.29735813524935,0.431326503117218
TRUE,1228,20.832656135326,380,600,300,300,-3.74954506057721,8.85778317806085e-05,-0.394290654192251,0.541914583352837
TRUE,1229,21.0958588011749,380,600,300,300,-5.43345997414832,2.76358430687503e-08,-0.556179355249169,0.0863141517750753
TRUE,1230,21.8048169107503,380,600,300,300,-5.23697322541812,8.16156807466665e-08,-0.53613526184344,0.0101367417662232
TRUE,1231,21.0266270558629,380,600,300,300,-4.00795301608337,3.06236503952206e-05,-0.420013643653549,0.00163364913748058
TRUE,1232,21.7252304321408,380,600,300,300,-2.81900709845459,0.00240862263996821,-0.290952342101768,0.756033464066104
TRUE,1233,22.8443235822983,380,600,300,300,-4.58988275541378,2.21747525049039e-06,-0.483193165100353,0.31413403234383
TRUE,1234,21.097010459468,380,600,300,300,-2.36859764327268,0.00892783323748035,-0.243674706738147,0.165085886889175
TRUE,1235,21.7355640010876,380,600,300,300,-3.06881326772599,0.00107455437902949,-0.309120382774028,0.214265641377521
TRUE,1236,20.4044915769808,380,600,300,300,-2.42442000350876,0.00766643050150382,-0.261326603443381,0.34837819759174
TRUE,1237,21.2543759149457,380,600,300,300,-2.91255792247604,0.00179240854550505,-0.295847621725784,0.631234291252991
TRUE,1238,21.79690478947,380,600,300,300,-4.61573271044128,1.95855416791487e-06,-0.467091127051543,0.0171850486324343
TRUE,1239,20.7167718488931,380,600,300,300,-2.71234785572121,0.00334042213406654,-0.273583705653988,0.239726155836064
TRUE,1240,21.603159807448,380,600,300,300,-2.91862744569322,0.00175788063614975,-0.285641298698984,0.173793963056032
TRUE,1241,21.306008243667,380,600,300,300,-2.78229671530613,0.00269878338343545,-0.285079372385335,0.682265299502972
TRUE,1242,20.7970966531699,380,600,300,300,-2.12675997141988,0.0167200158812225,-0.227625279525832,0.710608400651501
TRUE,1243,21.6883923746004,380,600,300,300,-2.19869735476534,0.0139497245889432,-0.226800187209767,0.863664012819849
TRUE,1244,21.4904654625944,380,600,300,300,-3.67089753417666,0.000120850114367843,-0.384392767580439,0.59325400325231
TRUE,1245,21.9623932320977,380,600,300,300,-2.52774091798651,0.00573995157502219,-0.25839087396945,0.14103690562135
TRUE,1246,20.7981164750252,380,600,300,300,-3.34149780756252,0.000416638372994008,-0.340038562990104,0.105915542294745
TRUE,1247,23.515930438063,380,600,300,300,-5.24560651148442,7.78845188206415e-08,-0.562667508172956,0.00124131121745119
TRUE,1248,21.3128062174469,380,600,300,300,-4.58061681121276,2.31803294490958e-06,-0.478363578567627,0.0358373944843068
TRUE,1249,22.2699914000654,380,600,300,300,-2.61546220846508,0.00445533907280605,-0.265666847686881,0.526014435884908
TRUE,1250,22.4173078985419,380,600,300,300,-2.01800677096082,0.0217952780782385,-0.214567901051348,0.153190515330128
TRUE,1251,21.8529308632573,380,600,300,300,-2.05591450953835,0.0198953786489795,-0.216748518533285,0.498207748259853
TRUE,1252,22.5349377595101,380,600,300,300,-2.24524303183373,0.0123762674919826,-0.243121043023747,0.317750726408133
TRUE,1253,21.9796820967703,380,600,300,300,-4.55602964332709,2.60647914001178e-06,-0.454412788936203,0.217880991524819
TRUE,1254,21.8766256575992,380,600,300,300,-4.18977270104242,1.39617010685912e-05,-0.429882936051257,0.571030683645927
TRUE,1255,21.8138256847913,380,600,300,300,-3.29987913677599,0.000483632379143532,-0.333877277646373,0.267374634705022
TRUE,1256,21.1620519574707,380,600,300,300,-2.17387214108635,0.0148573693957082,-0.226330830010142,0.806954027832989
TRUE,1257,21.5734908464178,380,600,300,300,-5.02047921090527,2.57713647794427e-07,-0.528070589490751,0.00246223402503761
TRUE,1258,21.013443445062,380,600,300,300,-4.10528511681806,2.01908253285434e-05,-0.425576962655836,0.552224642105657
TRUE,1259,21.1012806431596,380,600,300,300,-2.98913417762807,0.0013988462130512,-0.323076161757517,0.0969095799488807
TRUE,1260,21.950591646747,380,600,300,300,-4.94634629078977,3.78096933572928e-07,-0.516099825740765,0.00687818585471768
TRUE,1261,21.5302977663789,380,600,300,300,-3.53435368609144,0.000204386841752873,-0.3779228548835,0.739307772728123
TRUE,1262,21.025963571677,380,600,300,300,-3.23848195059681,0.00060083812126806,-0.3341737150078,0.48709721631094
TRUE,1263,22.2157790163941,380,600,300,300,-4.21173481456527,1.26708470228805e-05,-0.430730429828855,0.0548671075352752
TRUE,1264,22.0214249144455,380,600,300,300,-4.48339321233797,3.67326874930567e-06,-0.462391193023905,0.196268155006731
TRUE,1265,21.4249762407769,380,600,300,300,-2.1677585360463,0.0150885315734472,-0.225420249908155,0.712025496025247
TRUE,1266,22.2149499245163,380,600,300,300,-4.35531124352907,6.64389885869986e-06,-0.446770230219611,0.217982347102319
TRUE,1267,21.8771477209619,380,600,300,300,-4.7143667884785,1.21231782045644e-06,-0.454854968450272,0.2379209896977
TRUE,1268,22.3370254841856,380,600,300,300,-1.81292685530281,0.034921551781718,-0.193894596849612,0.260539398050657
TRUE,1269,21.4820911712103,380,600,300,300,-2.78195093322449,0.00270166042855812,-0.289946255195456,0.523063387413964
TRUE,1270,20.7644219916787,380,600,300,300,-2.86510756777847,0.00208433805016285,-0.290570071725993,0.23550063858402
TRUE,1271,21.2592588494724,380,600,300,300,-2.33228828155974,0.00984276529328777,-0.233066904499477,0.0833774952014444
TRUE,1272,21.1469023000684,380,600,300,300,-3.13396039337781,0.000862320664198887,-0.312927883604245,0.300268297136132
TRUE,1273,21.4447210747509,380,600,300,300,-3.45420106128985,0.000275962863816754,-0.351301428717979,0.350554294443449
TRUE,1274,21.8524310236562,380,600,300,300,-2.75203147644252,0.00296134139501342,-0.282790320397754,0.433237995147374
TRUE,1275,21.6612347733901,380,600,300,300,-5.13632460410854,1.40081790057102e-07,-0.521077919988391,0.015813762283116
TRUE,1276,21.7012353730695,380,600,300,300,-4.44027356840312,4.49222964936051e-06,-0.454298785717419,0.554753704718532
TRUE,1277,21.5361366290346,380,600,300,300,-2.27199538778282,0.0115433944526503,-0.23184747009486,0.289682712935208
TRUE,1278,20.8978179588518,380,600,300,300,-3.14614955055199,0.000827176949787011,-0.333040164546413,0.542242208857659
TRUE,1279,21.615739463603,380,600,300,300,-1.81655323547006,0.0346427747653345,-0.186901023027061,0.363997356320225
TRUE,1280,21.1925870684868,380,600,300,300,-1.39245848858151,0.081891801832604,-0.148508052532842,0.0655240800809567
TRUE,1281,20.8909613024693,380,600,300,300,-4.40958994622621,5.17832681214801e-06,-0.452236667666469,0.107860506881966
TRUE,1282,21.8977733920077,380,600,300,300,-3.27677645769829,0.000524997320705551,-0.338714243535728,0.654003873121661
TRUE,1283,21.7643677746308,380,600,300,300,-2.42826725047956,0.00758557966909848,-0.238041768993584,0.0789797012137774
TRUE,1284,21.0954809580006,380,600,300,300,-3.67174680980758,0.000120449139936615,-0.376417598415239,0.23366760283913
TRUE,1285,21.5726317868697,380,600,300,300,-4.81300883797642,7.43373557892017e-07,-0.485233877709285,0.135642287511981
TRUE,1286,21.592128480571,380,600,300,300,-5.36312986140015,4.08960792200984e-08,-0.542471008155079,0.160498217499958
TRUE,1287,21.0479304141163,380,600,300,300,-4.66948373868922,1.50978799336636e-06,-0.461522869810168,0.0261113749477425
TRUE,1288,22.154779919507,380,600,300,300,-3.14211621772795,0.000838657220934321,-0.334687953543613,0.241546336020305
TRUE,1289,22.2416601835138,380,600,300,300,-2.93805892250178,0.00165137123199315,-0.299842082127738,0.00321527803733421
TRUE,1290,21.3152594691329,380,600,300,300,-3.7241018692751,9.8005886193767e-05,-0.388602345982489,0.616979377863672
TRUE,1291,21.8459980954465,380,600,300,300,-4.415326134182,5.04289080744009e-06,-0.441416129095017,0.0134198212463152
TRUE,1292,21.3376405332708,380,600,300,300,-4.29856673904206,8.59530699008518e-06,-0.443357559121379,0.0833191068001643
TRUE,1293,22.0778344468145,380,600,300,300,-3.99822722383094,3.19093359209271e-05,-0.429419347589349,0.0305956768475365
TRUE,1294,20.5559832729164,380,600,300,300,-3.3193551761367,0.000451127956860173,-0.325832097605465,0.19997318140688
TRUE,1295,21.6683646987832,380,600,300,300,-2.83227475909981,0.00231090577284177,-0.283175609308205,0.681773747746428
TRUE,1296,22.3201874326466,380,600,300,300,-5.02276728082006,2.54661224109621e-07,-0.530390781886686,0.0228071986487316
TRUE,1297,22.8875346348954,380,600,300,300,-3.31314438354409,0.000461266710064888,-0.363749942297461,0.886754053231071
TRUE,1298,21.5446254888824,380,600,300,300,-3.74541070964291,9.00494478048173e-05,-0.387305196350378,0.0851277299229631
TRUE,1299,21.4236880795641,380,600,300,300,-2.71990186995219,0.00326506460196893,-0.267820001670077,0.714942006366444
TRUE,1300,21.0089488124067,380,600,300,300,-6.29179798959515,1.56904850127199e-10,-0.591738380344491,0.0552140675965091
TRUE,1301,22.0673038429746,380,600,300,300,-3.73944479049352,9.22135734810371e-05,-0.402269883159852,0.0489008862907297
TRUE,1302,21.4874143547133,380,600,300,300,-2.70680182628626,0.00339673985352766,-0.284975806685228,0.13734480796986
TRUE,1303,22.7702615208881,380,600,300,300,-2.09368545482498,0.0181440047371327,-0.208751910056967,0.705159946883827
TRUE,1304,21.3436542885685,380,600,300,300,-3.76733526724963,8.24996736210585e-05,-0.393668577628354,0.410710679688397
TRUE,1305,20.8245127725471,380,600,300,300,-2.95101905276126,0.00158363689514386,-0.297755851864039,0.0708457548628299
TRUE,1306,21.5634164633752,380,600,300,300,-3.11291090252372,0.000926259672500307,-0.319786104015984,0.178172939599802
TRUE,1307,21.0373087043222,380,600,300,300,-3.28609094535147,0.000507941023257872,-0.326554452013634,0.00595110669286938
TRUE,1308,21.6429976799916,380,600,300,300,-3.11783716211056,0.0009109171554973,-0.327407889723486,0.854490644992014
TRUE,1309,21.9567668150797,380,600,300,300,-3.82689175733198,6.48857725549383e-05,-0.405304508437172,0.32430664699495
TRUE,1310,20.499623409724,380,600,300,300,-3.10291433391189,0.000958125502451857,-0.329384476730015,0.724929597384769
TRUE,1311,22.3282888753725,380,600,300,300,-2.57039377020489,0.00507914881557091,-0.268001873969457,0.212635045945278
TRUE,1312,22.7472525120683,380,600,300,300,-4.02792807598604,2.81352754348739e-05,-0.41848072799524,0.0602480572582415
TRUE,1313,21.2854911992606,380,600,300,300,-4.3776264117855,5.99893875559513e-06,-0.440282872961252,0.0442224064576534
TRUE,1314,21.4963597030977,380,600,300,300,-4.59942544137432,2.11828892264531e-06,-0.489028762435718,0.0303205865165058
TRUE,1315,21.7604868679642,380,600,300,300,-3.62138458835879,0.000146515262058031,-0.368530491784395,0.194637530249624
TRUE,1316,21.6063093915766,380,600,300,300,-4.36669603957011,6.3070037150958e-06,-0.435492841287204,0.164778628132713
TRUE,1317,20.3440679023359,380,600,300,300,-3.454276982625,0.000275885181249044,-0.356055257401519,0.444647413737691
TRUE,1318,22.2422714618761,380,600,300,300,-2.87360563763925,0.00202907669091942,-0.290446921075088,0.183212068014174
TRUE,1319,21.279729168779,380,600,300,300,-4.66477255054341,1.5447929203084e-06,-0.475450469107783,5.8222143894211e-05
TRUE,1320,21.5433162187692,380,600,300,300,-2.98240308234152,0.00142997591496351,-0.315754254872109,0.630760475718921
TRUE,1321,22.757081348625,380,600,300,300,-4.15732299512964,1.60999292074336e-05,-0.432010065217307,0.0190543724491366
TRUE,1322,21.166824954846,380,600,300,300,-1.17468599961262,0.120060181301232,-0.12202455679568,0.19242528487851
TRUE,1323,20.9741401728282,380,600,300,300,-1.07941631557324,0.140201090431625,-0.120097042942842,0.289053202581966
TRUE,1324,22.4549599496329,380,600,300,300,-5.05399737928322,2.16328772872582e-07,-0.535062765374984,0.412784448441341
TRUE,1325,21.1631225295279,380,600,300,300,-4.69245491861621,1.34973016214238e-06,-0.488589823443041,0.0202787351765723
TRUE,1326,21.0263271111655,380,600,300,300,-3.5132197566273,0.000221355577150406,-0.357878748547216,0.0996166981927314
TRUE,1327,21.4035683522308,380,600,300,300,-5.16445847129074,1.20568001895425e-07,-0.555979811085163,0.0251746592071664
TRUE,1328,22.3125189253339,380,600,300,300,-3.66671377995963,0.00012284376478754,-0.378539493350917,0.0786974026772068
TRUE,1329,21.4584799753853,380,600,300,300,-1.97235075609416,0.0242847896057923,-0.204401964776425,0.678635741651833
TRUE,1330,20.0032742920239,380,600,300,300,-3.99606428945118,3.22021253425877e-05,-0.391580738247649,0.0850859391450074
TRUE,1331,22.3996285705677,380,600,300,300,-2.67744919902038,0.00370925507454765,-0.270067677101621,0.66497431299213
TRUE,1332,20.9241853066152,380,600,300,300,-3.28570574560074,0.000508636094864069,-0.338957172682753,0.605278455957196
TRUE,1333,21.7518090071445,380,600,300,300,-2.66075798687,0.00389824868380216,-0.274980599433264,0.595181768722476
TRUE,1334,20.8292661644798,380,600,300,300,-3.09434973321636,0.000986224117969097,-0.316625153111375,0.242109976509262
TRUE,1335,21.548263906515,380,600,300,300,-4.44748400008707,4.34409640988729e-06,-0.455848871079436,0.0823511960854102
TRUE,1336,20.985824813481,380,600,300,300,-3.21544706087236,0.000651207574089829,-0.321695579629862,0.0368716763688586
TRUE,1337,22.281972694894,380,600,300,300,-3.45204956685929,0.000278172757307276,-0.36627758485405,0.011911708600964
TRUE,1338,21.7744714788068,380,600,300,300,-3.42606068473714,0.000306201770965209,-0.347781330077517,0.810195426635648
TRUE,1339,21.3773695993703,380,600,300,300,-4.89985048488529,4.79548071697181e-07,-0.51577520003089,0.0245632444998748
TRUE,1340,21.7409474263576,380,600,300,300,-2.58518176279965,0.00486638369503812,-0.27533010510168,0.00974288047258067
TRUE,1341,21.6877382815909,380,600,300,300,-3.8913491995188,4.98441696395815e-05,-0.40134658689391,0.102727335573827
TRUE,1342,20.7610448438229,380,600,300,300,-3.87758090579045,5.27501245413102e-05,-0.382099045362645,0.151510245599755
TRUE,1343,21.2195456561561,380,600,300,300,-3.73573981230755,9.35820573048019e-05,-0.384180093948181,0.135212292501642
TRUE,1344,20.810978814857,380,600,300,300,-3.75187703913671,8.77577735338034e-05,-0.368602619585168,0.360822550135209
TRUE,1345,20.7627544709783,380,600,300,300,-3.24219625173557,0.000593061561874786,-0.340205866651457,0.15558372743766
TRUE,1346,21.4688057179983,380,600,300,300,-2.74299492719842,0.00304408129989401,-0.276672056101032,0.13193752003348
TRUE,1347,20.8348607812402,380,600,300,300,-3.85647612798416,5.75166630904099e-05,-0.408018728038451,0.0449407399050339
TRUE,1348,21.228660306525,380,600,300,300,-4.09044828283728,2.15270105680602e-05,-0.425052759867142,0.0715115460414009
TRUE,1349,22.7403339664824,380,600,300,300,-4.46588001530495,3.98701464495937e-06,-0.462328063514504,0.0370709865783092
TRUE,1350,21.3097968507115,380,600,300,300,-2.31649801483768,0.0102655463510369,-0.230000774055506,0.662461977585943
TRUE,1351,21.8915964545061,380,600,300,300,-2.37655031999962,0.00873768882247511,-0.243428752442082,0.193337575788862
TRUE,1352,22.1826634524018,380,600,300,300,-5.17676629123355,1.12882366277408e-07,-0.530991352674501,0.0392982516964936
TRUE,1353,21.9503813111586,380,600,300,300,-4.05880554322618,2.46621825839804e-05,-0.410445272337207,0.0828085457259797
TRUE,1354,21.9801267461078,380,600,300,300,-2.77414667631355,0.00276733590269953,-0.275249343914229,0.58549079631768
TRUE,1355,21.0960756797696,380,600,300,300,-3.20411263422401,0.00067739731868715,-0.320787911020545,0.639771165577276
TRUE,1356,21.9557491754559,380,600,300,300,-5.07444683892471,1.94312428694052e-07,-0.515038384433757,0.00142814981203258
TRUE,1357,22.7307314145192,380,600,300,300,-4.6690909715269,1.51267699691896e-06,-0.479598922974054,0.656111671669331
TRUE,1358,22.1164653187966,380,600,300,300,-2.38828163926191,0.00846368207441993,-0.246929061686341,0.275326748357479
TRUE,1359,22.2528528662714,380,600,300,300,-4.2123484429451,1.26364641290758e-05,-0.430037348124387,0.0168311473154981
TRUE,1360,22.1238492189975,380,600,300,300,-2.53289795042905,0.0056561940666512,-0.255985529946924,0.728822454628792
TRUE,1361,21.2317128916242,380,600,300,300,-3.40280228352503,0.000333492640385271,-0.329642436789468,0.405667486796613
TRUE,1362,22.2088044223971,380,600,300,300,-2.55498552330678,0.00530961072216053,-0.255987520730691,0.462508421123716
TRUE,1363,21.3782160730856,380,600,300,300,-4.83192572439851,6.76093525976742e-07,-0.486802161422101,0.081748243272391
TRUE,1364,20.4684731910094,380,600,300,300,-3.56530608187118,0.000181715898064767,-0.361042272242167,0.150713104204202
TRUE,1365,22.8675349363312,380,600,300,300,-3.40179382480689,0.000334725608437048,-0.358163256967295,0.105418461119409
TRUE,1366,20.6315635878034,380,600,300,300,-2.15613601535344,0.0155365229879251,-0.217354585304881,0.78061341849245
TRUE,1367,22.1149738370252,380,600,300,300,-4.38092601620217,5.90879976857187e-06,-0.443020376246713,0.288466389160912
TRUE,1368,22.3684779222216,380,600,300,300,-3.00338608149597,0.00133496742310945,-0.313533155458454,0.286061164863075
TRUE,1369,21.8676596827958,380,600,300,300,-3.15199040178415,0.000810808018436082,-0.325974744104898,0.557376475666283
TRUE,1370,22.1320260140765,380,600,300,300,-2.55502301750414,0.00530903881337136,-0.265336490888423,0.789066484907603
TRUE,1371,21.032123560942,380,600,300,300,-3.77566927308916,7.97893052313474e-05,-0.384109300014199,0.255026146323553
TRUE,1372,21.214960827634,380,600,300,300,-3.94349164515734,4.01518951528323e-05,-0.398858033853163,0.0260737550424545
TRUE,1373,22.5729994896836,380,600,300,300,-3.43662404047402,0.000294506288667491,-0.357172825316767,0.00790887308071404
TRUE,1374,21.8697676599026,380,600,300,300,-4.44933428615361,4.30684301754466e-06,-0.453193506078157,0.0640972833482434
TRUE,1375,21.2594817404761,380,600,300,300,-1.52087977098864,0.0641450056191782,-0.150797429389236,0.469086249731308
TRUE,1376,21.8112174285731,380,600,300,300,-3.27479575810919,0.000528691953366127,-0.342225974579107,0.0688481762538788
TRUE,1377,22.080940646257,380,600,300,300,-3.34810028033609,0.000406837816496852,-0.349587290030562,0.41995837287412
TRUE,1378,21.1426105099536,380,600,300,300,-3.13411274853526,0.000861873046956414,-0.318243420010062,0.161317034181767
TRUE,1379,21.41319710298,380,600,300,300,-4.80205085250129,7.85243973489511e-07,-0.515679861627996,0.160020390011176
TRUE,1380,21.5296598372491,380,600,300,300,-2.07309682478436,0.0190816347300407,-0.217139680859761,0.366713213901073
TRUE,1381,20.6373458093494,380,600,300,300,-3.78232427202597,7.76853873963956e-05,-0.384997055620094,0.173101352504322
TRUE,1382,21.3539747203421,380,600,300,300,-2.46252988555072,0.00689803374042602,-0.246236422925857,0.124279024402449
TRUE,1383,21.9939044061175,380,600,300,300,-2.00532883717904,0.02246395195195,-0.207871962508862,0.320253797154977
TRUE,1384,21.6000271749108,380,600,300,300,-4.58467923020331,2.27341960373857e-06,-0.466775263821706,0.0287659635970152
TRUE,1385,21.2112633201666,380,600,300,300,-3.19926294352431,0.000688897219292175,-0.31505913662191,0.0872854556198131
TRUE,1386,20.9118097563833,380,600,300,300,-2.43768099265968,0.00739090614351446,-0.249529891563139,0.623440914521566
TRUE,1387,21.6480222133353,380,600,300,300,-3.22322110567185,0.000633788340905527,-0.330445346186673,0.191262991732173
TRUE,1388,22.1856549237779,380,600,300,300,-5.20417280980966,9.74313073982299e-08,-0.552494883888741,0.163072241895232
TRUE,1389,21.246031420911,380,600,300,300,-5.14018409156611,1.37234711757552e-07,-0.525807895103474,0.121987982412314
TRUE,1390,20.6763088062861,380,600,300,300,-5.10596197678759,1.64557934941462e-07,-0.505461838354026,0.296856724950905
TRUE,1391,21.629150061258,380,600,300,300,-3.71756882585978,0.000100574598300474,-0.400495023793756,0.010161582097241
TRUE,1392,22.0123762407896,380,600,300,300,-3.75472581147088,8.6765668683963e-05,-0.39277368284086,0.0272825040958598
TRUE,1393,21.1510090212508,380,600,300,300,-4.30460527161228,8.36418664061937e-06,-0.444382744813749,0.000961490637852793
TRUE,1394,20.5389911427663,380,600,300,300,-5.56285235499854,1.32700213773705e-08,-0.572108542590751,0.0402123224172403
TRUE,1395,22.8619272714487,380,600,300,300,-4.62566138370777,1.8670246177384e-06,-0.483556976554871,0.0583808518771422
TRUE,1396,21.4520534344643,380,600,300,300,-3.37596425092262,0.000367787381303289,-0.343232880944671,0.195775642811893
TRUE,1397,21.2002775437822,380,600,300,300,-3.00642480088794,0.00132169713374767,-0.316243997784726,0.123133662292715
TRUE,1398,21.9702627260444,380,600,300,300,-5.00588519548036,2.78029466130839e-07,-0.503873674486517,0.155485011124249
TRUE,1399,22.9469681284465,380,600,300,300,-3.96189757882468,3.71782191275319e-05,-0.410349237271921,0.0542392178442782
TRUE,1400,21.0822015578613,380,600,300,300,-2.54455037103515,0.00547092645959209,-0.269434428721088,0.323157328265235
TRUE,1401,21.2697129484251,380,600,300,300,-2.72072762840598,0.00325692038758796,-0.273730172932839,0.418696675184479
TRUE,1402,21.7496120363023,380,600,300,300,-3.11649871491399,0.000915062390786153,-0.318133277577082,0.0117575831428575
TRUE,1403,21.0701847848576,380,600,300,300,-4.68927823801641,1.37085190640662e-06,-0.496297326066773,0.190873117643745
TRUE,1404,21.8038539633351,380,600,300,300,-2.66598522730144,0.00383815330052669,-0.26703034721075,0.474247368213008
TRUE,1405,21.3728051105887,380,600,300,300,-3.26682342524541,0.000543807471270779,-0.342789055587281,0.512239563337711
TRUE,1406,20.4033688972145,380,600,300,300,-0.913878286989612,0.180390402027715,-0.0916901199350472,0.00270114854790025
TRUE,1407,22.110475836239,380,600,300,300,-2.79622941581593,0.00258513424256077,-0.288647592534634,0.479672108669509
TRUE,1408,20.5599363174564,380,600,300,300,-3.96134708655237,3.7264052174606e-05,-0.427207410052479,0.367013532514472
TRUE,1409,21.8645903866603,380,600,300,300,-4.47808558674,3.76577037433602e-06,-0.454525286325841,0.000960735322996784
TRUE,1410,20.6493419637331,380,600,300,300,-3.11314354276356,0.00092552982125037,-0.308227696691157,0.151950486450995
TRUE,1411,22.397578804503,380,600,300,300,-3.11643151894321,0.000915270956178004,-0.32402103439955,0.207814193266559
TRUE,1412,22.1695721119345,380,600,300,300,-3.82603413994175,6.51121187996454e-05,-0.401078302090088,0.140082253177562
TRUE,1413,21.5933682148531,380,600,300,300,-4.57030527124637,2.43507134933112e-06,-0.465325092492288,0.24718657525107
TRUE,1414,22.6783478007911,380,600,300,300,-2.53857840833141,0.00556519294473696,-0.270131347293284,0.171493680600125
TRUE,1415,22.6555923974795,380,600,300,300,-3.24188026684365,0.000593719496221986,-0.332242951009291,0.011755078602036
TRUE,1416,21.676445206264,380,600,300,300,-3.73606967714724,9.3459447417444e-05,-0.37286510169539,0.721558409394577
TRUE,1417,21.6766614086136,380,600,300,300,-3.30424075884679,0.000476170041895314,-0.345909371984351,0.431184523885694
TRUE,1418,21.9575258057518,380,600,300,300,-3.85801710697247,5.71553244484352e-05,-0.390119877521415,0.907644573859516
TRUE,1419,22.2080560161762,380,600,300,300,-2.95888557530594,0.00154376860818344,-0.299217190750066,0.094655467131971
TRUE,1420,20.5437964139987,380,600,300,300,-2.12608346511654,0.0167481552223445,-0.231502342922676,0.185343021849215
TRUE,1421,21.0838166933941,380,600,300,300,-3.43354703368049,0.000297869418327724,-0.376801405729013,0.12052098986043
TRUE,1422,21.7311523842496,380,600,300,300,-5.25277146999225,7.49136971726672e-08,-0.545506341631788,0.0324453544062204
TRUE,1423,21.3031083559255,380,600,300,300,-2.49942438212558,0.0062197621914691,-0.254373509124276,0.354893868623526
TRUE,1424,22.0695631422289,380,600,300,300,-3.86023122019153,5.66398915235701e-05,-0.40891331639427,0.129863678959329
TRUE,1425,21.7337546638223,380,600,300,300,-2.43255242988623,0.00749641035891146,-0.24596623934533,0.0716499313178319
TRUE,1426,21.1448882560453,380,600,300,300,-3.67208448343808,0.000120290058796714,-0.387217637487718,0.0124402458395086
TRUE,1427,20.8596232205785,380,600,300,300,-3.72707517212155,9.68573480184866e-05,-0.376045341877105,0.0224151181719096
TRUE,1428,20.8599405725482,380,600,300,300,-3.99189907037891,3.2773135430145e-05,-0.39502634248956,0.617602473004962
TRUE,1429,22.8880600963533,380,600,300,300,-2.39104349112564,0.00840028130007566,-0.253117144417194,0.0500436135839923
TRUE,1430,21.5093720361464,380,600,300,300,-2.36052589897498,0.00912452200703498,-0.240776522269935,0.11794208375797
TRUE,1431,21.7088717354981,380,600,300,300,-4.15410475196297,1.63281778921126e-05,-0.435779604572392,0.806436836686821
TRUE,1432,22.4027183700483,380,600,300,300,-2.18017381768178,0.0146222898072736,-0.218367984570064,0.685825199425955
TRUE,1433,20.8819893894194,380,600,300,300,-1.38318423821419,0.0833041906950769,-0.148517942993868,0.591319516657967
TRUE,1434,20.8580534127145,380,600,300,300,-4.42403109050846,4.84380347626019e-06,-0.454455446258261,0.103480931591785
TRUE,1435,21.5691440019975,380,600,300,300,-3.27434140336363,0.000529542854040365,-0.325544671341689,0.00633794353118591
TRUE,1436,21.4633237142312,380,600,300,300,-3.23897853683464,0.000599793001041217,-0.330201471599604,0.733658251716531
TRUE,1437,20.991155027082,380,600,300,300,-1.95005781575694,0.0255846142028173,-0.202918020040554,0.107807989423683
TRUE,1438,21.4258736167713,380,600,300,300,-1.64583413573766,0.0498989561179967,-0.170285815420163,0.177556489667129
TRUE,1439,21.2852000392063,380,600,300,300,-2.17666705059456,0.0147527092092104,-0.22015563586282,0.397470270170905
TRUE,1440,21.7295516534959,380,600,300,300,-2.69917404788689,0.00347559059965375,-0.272516981440984,0.230020090373148
TRUE,1441,22.0032911652784,380,600,300,300,-3.8696999293219,5.44846949168034e-05,-0.412063952217833,0.00647341425874752
TRUE,1442,21.1110368855204,380,600,300,300,-4.12633551979046,1.84294702560495e-05,-0.433927884088576,0.465577287784592
TRUE,1443,21.6041257535078,380,600,300,300,-3.48983746070862,0.000241657205605568,-0.365023963881533,0.184854013643738
TRUE,1444,21.8665060330657,380,600,300,300,-4.22514080892201,1.19395710251911e-05,-0.446465992400997,0.112386550226553
TRUE,1445,22.4689633174986,380,600,300,300,-4.15911329031233,1.59742709911708e-05,-0.441751879801365,0.00451552766489697
TRUE,1446,22.3643793843873,380,600,300,300,-3.47832815128725,0.000252275919931405,-0.357441369087038,0.663930558093234
TRUE,1447,22.4161455321077,380,600,300,300,-3.80234626016517,7.16661056360162e-05,-0.410571388212832,0.327488123217086
TRUE,1448,20.9231158876242,380,600,300,300,-2.88541944038004,0.00195446244238954,-0.289745582821647,0.0210345262819232
TRUE,1449,21.2783810540957,380,600,300,300,-2.60480838616523,0.00459628267559623,-0.275355746333411,0.612119530050866
TRUE,1450,20.4647516442583,380,600,300,300,-2.55150651617146,0.00536291592057177,-0.267635769503267,0.124546134207966
TRUE,1451,21.8422541336645,380,600,300,300,-3.05625887472919,0.00112058831312441,-0.316742935152812,0.477294068952086
TRUE,1452,22.3913360898285,380,600,300,300,-3.77152100806654,8.1127747265402e-05,-0.392069955058344,0.692645724560842
TRUE,1453,21.6799902479937,380,600,300,300,-2.13498917136209,0.0163809473261655,-0.221902099511951,0.462503961417718
TRUE,1454,20.4843698896849,380,600,300,300,-2.51930049903431,0.00587941274950664,-0.259333356305744,0.719966472773487
TRUE,1455,21.1915134514881,380,600,300,300,-1.95951823484289,0.0250260632547707,-0.202907237255493,0.0876342902313432
TRUE,1456,21.5257707980981,380,600,300,300,-3.16702288623515,0.000770040987394537,-0.319531798007281,0.280368513780834
TRUE,1457,21.3824131528661,380,600,300,300,-5.79908599248724,3.3338668149195e-09,-0.598298186251806,0.00256228850159303
TRUE,1458,22.4670169137748,380,600,300,300,-1.39570405961208,0.0814018156619313,-0.144454392847125,0.0458679812490801
TRUE,1459,22.3451251551982,380,600,300,300,-2.0062509552312,0.0224147399136421,-0.203603860809851,0.891161996732858
TRUE,1460,20.1248959106242,380,600,300,300,-4.84742718253864,6.25364587909123e-07,-0.485119511422718,0.0971678343739035
TRUE,1461,21.3502522470774,380,600,300,300,-6.02909174619555,8.2441835257243e-10,-0.602879098650852,0.00289394287592011
TRUE,1462,21.9422164220642,380,600,300,300,-5.80945349142756,3.13385510940094e-09,-0.606065743347133,0.0246972672722056
TRUE,1463,22.2663813550706,380,600,300,300,-2.40481780774392,0.00809026516631262,-0.248363236261648,0.0771232593131503
TRUE,1464,21.62425321877,380,600,300,300,-4.93574815131126,3.99220435246704e-07,-0.485157670541261,0.0403989098053761
TRUE,1465,20.527102960148,380,600,300,300,-2.94080083698926,0.00163682471585003,-0.300889047416892,0.960219718736154
TRUE,1466,21.8979508326834,380,600,300,300,-4.34771497048013,6.87816075995278e-06,-0.427101462516402,0.66741347023731
TRUE,1467,21.5845196861455,380,600,300,300,-2.37422314480982,0.00879295946529479,-0.239123778918746,0.325919078314374
TRUE,1468,23.2990578194006,380,600,300,300,-3.2917478689729,0.000497834161080696,-0.347416203158934,0.180057463894107
TRUE,1469,22.3578463317858,380,600,300,300,-3.16107185013536,0.000785948595747732,-0.321884970004959,0.0753172790109515
TRUE,1470,21.1834053722941,380,600,300,300,-2.99477550981649,0.00137323447823212,-0.310809611722735,0.139621982960566
TRUE,1471,22.3669362713584,380,600,300,300,-3.56357993255748,0.000182915613415069,-0.365587555493938,0.464124066653686
TRUE,1472,20.7166600033804,380,600,300,300,-2.84472447838402,0.002222492654776,-0.294414998974181,0.596677157482969
TRUE,1473,22.3821043074076,380,600,300,300,-4.32297547987139,7.69694241188027e-06,-0.438185846975025,0.00707200212276817
TRUE,1474,21.5316828983179,380,600,300,300,-4.84380826496499,6.36869265478054e-07,-0.491348472129425,0.00979705784545551
TRUE,1475,21.4922219621562,380,600,300,300,-3.04476213946016,0.00116432198876329,-0.312000590454546,0.319915495148656
TRUE,1476,21.6777405077807,380,600,300,300,-3.66495869180682,0.000123689253697923,-0.379695143068624,0.580609747760033
TRUE,1477,21.8706624004911,380,600,300,300,-4.13028788574058,1.81154623752941e-05,-0.432535498529002,0.164642684132946
TRUE,1478,21.8439077392872,380,600,300,300,-4.20810801510067,1.28758885643614e-05,-0.440274218613905,0.00687609491551973
TRUE,1479,21.6859159164688,380,600,300,300,-3.79578602367286,7.35882005861495e-05,-0.394871100004246,0.005204362185372
TRUE,1480,21.1245192263515,380,600,300,300,-3.46822712702162,0.000261952144793113,-0.356220647914247,0.259893831560839
TRUE,1481,21.5700481065288,380,600,300,300,-3.93221644516602,4.20831152341408e-05,-0.397087654781718,0.033024427685545
TRUE,1482,21.5356798695925,380,600,300,300,-3.20308243201946,0.000679825284217476,-0.323003192855766,0.23276769919607
TRUE,1483,22.3870272625904,380,600,300,300,-5.06734884434085,2.01697301817348e-07,-0.518191627942467,0.0710903214668775
TRUE,1484,21.4540494929635,380,600,300,300,-3.77255453596896,8.07923162780005e-05,-0.383443823433718,0.119544913575356
TRUE,1485,22.341647829484,380,600,300,300,-4.33619828894729,7.24840894388913e-06,-0.442542164386042,0.0120298423189543
TRUE,1486,22.005609854255,380,600,300,300,-3.95006268807217,3.90653636352436e-05,-0.406755212949539,0.206473567401199
TRUE,1487,21.887543169526,380,600,300,300,-1.43996333098921,0.0749388868682707,-0.156032466443449,0.389196191898984
TRUE,1488,21.2235546314412,380,600,300,300,-3.94730022854359,3.95187095538898e-05,-0.407562168817586,0.191280428240493
TRUE,1489,22.3564391193802,380,600,300,300,-4.92219804489939,4.2788772453315e-07,-0.511611836487571,0.073043566668194
TRUE,1490,22.7016150241066,380,600,300,300,-2.93423882703284,0.00167183409507804,-0.317463841008699,0.240480981417352
TRUE,1491,22.7967101868576,380,600,300,300,-4.21544309467897,1.24644123778877e-05,-0.444973778197087,0.0343050516234272
TRUE,1492,21.2661492594292,380,600,300,300,-2.98787188513395,0.00140463644062599,-0.298543175190421,0.63147946767993
TRUE,1493,21.8948000433335,380,600,300,300,-2.81691475355767,0.00242436966591927,-0.292648402297387,0.0209656129841753
TRUE,1494,22.2713190105675,380,600,300,300,-3.73281575228071,9.46755524817406e-05,-0.370995430611189,0.0549174470367729
TRUE,1495,21.7857186358452,380,600,300,300,-3.20088873219292,0.000685022132300531,-0.349371935076838,0.528496943025176
TRUE,1496,21.25478013908,380,600,300,300,-4.95067107554924,3.69790057552227e-07,-0.505576664021524,0.0087931950793653
TRUE,1497,20.9301561852479,380,600,300,300,-3.06721427266831,0.00108031957264562,-0.319715509011839,0.180133591734553
TRUE,1498,21.032942779821,380,600,300,300,-3.05518051327803,0.0011246255012446,-0.310488415774926,0.455954326458799
TRUE,1499,21.2546244741741,380,600,300,300,-3.56736843779329,0.000180292158255621,-0.377943401037561,0.024148565780689
TRUE,1500,21.6254843511359,380,600,300,300,-4.30764877045506,8.24995576518375e-06,-0.448355123116874,0.10996001576395
TRUE,1501,21.1433885027779,380,600,300,300,-2.73894324613159,0.00308185062646506,-0.29208318429325,0.00270376672274209
TRUE,1502,21.4222872141439,380,600,300,300,-2.30809679023672,0.0104968768387791,-0.246469262186853,0.647685737932959
TRUE,1503,21.826115728271,380,600,300,300,-3.41371001424745,0.000320423729897964,-0.34616638610662,0.443092084231281
TRUE,1504,21.3039333619138,380,600,300,300,-2.70876152468492,0.0033767431479046,-0.286225414636996,0.718505482453322
TRUE,1505,21.6994988907315,380,600,300,300,-2.31150756082206,0.010402418011823,-0.247121574024197,0.718928139738557
TRUE,1506,21.9184405287342,380,600,300,300,-3.99601386475659,3.22089814073106e-05,-0.402803613051096,0.0764377814824005
TRUE,1507,22.1448303093873,380,600,300,300,-3.75468174299039,8.678093519057e-05,-0.382061681629248,0.0625414564656598
TRUE,1508,20.7348218121282,380,600,300,300,-3.18195638355139,0.000731419233056862,-0.327294415538698,0.285093816855088
TRUE,1509,21.1593418990541,380,600,300,300,-3.85680336168331,5.74397515189817e-05,-0.395672302113921,0.52093813795616
TRUE,1510,21.6228913883585,380,600,300,300,-2.80994780165767,0.00247747677322044,-0.285306285544423,0.0728008187030251
TRUE,1511,21.7047559421784,380,600,300,300,-2.09191721375875,0.0182229609773968,-0.215219322745102,0.154403892575536
TRUE,1512,22.3167254388908,380,600,300,300,-3.31198162316054,0.000463188154669298,-0.342139413254285,0.0993052146453303
TRUE,1513,21.0665079718549,380,600,300,300,-3.19994594939535,0.000687266810469305,-0.313203108781572,0.211351921897317
TRUE,1514,21.7934010660476,380,600,300,300,-3.14935396716189,0.000818159333420052,-0.321859433513735,0.0298139892581384
TRUE,1515,22.8236284467138,380,600,300,300,-5.10724597615755,1.63444052758297e-07,-0.499285589058104,0.550506599457567
TRUE,1516,21.193552127768,380,600,300,300,-1.5923850939193,0.055649101716333,-0.159958866636473,0.299047180950464
TRUE,1517,22.706553723517,380,600,300,300,-3.09245723329142,0.000992534171349216,-0.316772763275413,0.177583583855998
TRUE,1518,21.7251706712144,380,600,300,300,-4.19314175254801,1.37558703099974e-05,-0.435365572592625,0.464501068512996
TRUE,1519,22.1643882049118,380,600,300,300,-3.71620248250086,0.000101119765005626,-0.386720189163011,0.0948010912015111
TRUE,1520,21.7152259310991,380,600,300,300,-3.0971356222346,0.000977002272311984,-0.305261731794095,0.763865739701028
TRUE,1521,22.0959309244519,380,600,300,300,-3.96026488645114,3.74333360107456e-05,-0.399125618216345,0.0909201018709231
TRUE,1522,21.5230286136169,380,600,300,300,-3.97341291569842,3.54250345296805e-05,-0.412170031959684,0.173050763177325
TRUE,1523,21.4302293136902,380,600,300,300,-3.08894985431415,0.0010043266975747,-0.321093799048827,0.0322519277554361
TRUE,1524,21.7168642862533,380,600,300,300,-3.65682428599344,0.000127679649357813,-0.381623476833657,0.404109614353158
TRUE,1525,21.3975321793937,380,600,300,300,-2.24621734629704,0.0123450448450469,-0.232893657613966,0.78416083384252
TRUE,1526,22.0766499271965,380,600,300,300,-2.40901500117034,0.00799782024284653,-0.248545124352162,0.0105686829913952
TRUE,1527,20.7506995841015,380,600,300,300,-5.25561843704256,7.37639375000376e-08,-0.542181592410462,0.0349802569958877
TRUE,1528,22.2965476356917,380,600,300,300,-2.96188594986849,0.00152880509383419,-0.318270177199233,0.910571279122278
TRUE,1529,22.798339926438,380,600,300,300,-3.06933436926588,0.00107268164496933,-0.327641667947817,0.531481382186176
TRUE,1530,22.0400591388996,380,600,300,300,-2.62209638756823,0.00436953556231462,-0.271911438363006,0.0295722414387472
TRUE,1531,22.4275509201083,380,600,300,300,-4.46186819938061,4.06240977476514e-06,-0.465000620089094,0.264359088989783
TRUE,1532,21.2131977390831,380,600,300,300,-3.46327606915085,0.000266820286028493,-0.353145582591891,0.660638029195412
TRUE,1533,20.8429812249541,380,600,300,300,-1.21697300211325,0.111807244018929,-0.122844019928102,0.037204788792262
TRUE,1534,21.5393553607323,380,600,300,300,-3.66853497203514,0.000121972164670776,-0.379969386090259,0.0286225495343744
TRUE,1535,21.5865676847708,380,600,300,300,-2.02701839750201,0.0213302656148763,-0.205733758639047,0.407669048611527
TRUE,1536,21.4407499581771,380,600,300,300,-3.5635762844464,0.000182918156764283,-0.371326563677598,0.282840006486506
TRUE,1537,22.5439939428119,380,600,300,300,-5.32477540162039,5.0538926406026e-08,-0.543993770903647,0.31463148612218
TRUE,1538,22.520588173302,380,600,300,300,-4.94577758160191,3.79202570898266e-07,-0.504755906173949,0.0652722365802732
TRUE,1539,21.78610909857,380,600,300,300,-4.79359019465182,8.19113772762871e-07,-0.493882983654654,0.00571701510099211
TRUE,1540,22.2976951518576,380,600,300,300,-2.69356453169647,0.00353462295968984,-0.265884344876867,0.279993012526131
TRUE,1541,20.8369148438312,380,600,300,300,-4.40964227362509,5.177075766472e-06,-0.439838699982019,0.101416120583238
TRUE,1542,21.84110832202,380,600,300,300,-3.59459434036453,0.000162448702039304,-0.369458912890424,0.0713893074855201
TRUE,1543,21.2634641992968,380,600,300,300,-3.35295142976373,0.000399773680659462,-0.333091903614611,0.11378512940555
TRUE,1544,21.4326599096938,380,600,300,300,-3.47105534283756,0.00025920857111071,-0.330422215567234,0.646209639020298
TRUE,1545,21.8172518591843,380,600,300,300,-3.90482892585108,4.71460317995866e-05,-0.418555889618123,0.414596459235946
TRUE,1546,21.7774732258798,380,600,300,300,-3.23925325991906,0.00059921553796755,-0.326072626616685,0.00808990540558807
TRUE,1547,21.505195947049,380,600,300,300,-4.26305041748953,1.00827498267273e-05,-0.445613689157376,0.204192828930633
TRUE,1548,22.4111219407229,380,600,300,300,-3.54644195301578,0.000195235377274635,-0.363051739008442,0.197045253733328
TRUE,1549,22.3024571423136,380,600,300,300,-4.59250762744599,2.18975749247445e-06,-0.46483079707903,0.0660016994169724
TRUE,1550,20.5913856121584,380,600,300,300,-3.38338337193553,0.000357993050771764,-0.335926468183353,0.000545399777018492
TRUE,1551,22.0545735620629,380,600,300,300,-3.37516207591851,0.000368861150641412,-0.350669321116961,0.060213164200922
TRUE,1552,21.7677852964979,380,600,300,300,-2.43309015769402,0.00748528636597976,-0.254815558325391,0.107446211317124
TRUE,1553,21.4499270985854,380,600,300,300,-2.34082965841034,0.00962047178676891,-0.240486544727679,0.370489903686829
TRUE,1554,22.0305750337243,380,600,300,300,-3.46397017226256,0.000266132763271001,-0.372827589793403,0.218514269552306
TRUE,1555,20.7227480007035,380,600,300,300,-3.22487099706819,0.000630147222801237,-0.332603724048673,0.200584410781071
TRUE,1556,22.0070221090827,380,600,300,300,-4.36597941347209,6.32771997272546e-06,-0.451120958142655,0.722054393035312
TRUE,1557,21.7221952084545,380,600,300,300,-3.38408198947434,0.000357083367060763,-0.339842071378949,0.410346896026956
TRUE,1558,21.2305558657803,380,600,300,300,-2.5524949776468,0.005347722576315,-0.261534893446838,0.0255803259276328
TRUE,1559,21.4581461359404,380,600,300,300,-2.85242903147619,0.00216932495619742,-0.298378058170863,0.0690686154818804
TRUE,1560,21.089909642275,380,600,300,300,-3.44725099220318,0.000283161094394902,-0.350458092422317,0.375634819280698
TRUE,1561,22.3946238473571,380,600,300,300,-3.95211054416654,3.87324692453816e-05,-0.404019650380262,0.101256030105587
TRUE,1562,22.1489551260504,380,600,300,300,-4.27612002059231,9.50893609440386e-06,-0.448152029234708,0.536406577939619
TRUE,1563,20.8562380090356,380,600,300,300,-2.03894436626493,0.0207277901548296,-0.199138230909726,0.484651014949123
TRUE,1564,21.7424103527381,380,600,300,300,-2.95143368611626,0.00158151228647842,-0.301345893388604,0.0856535142474267
TRUE,1565,20.8506480249198,380,600,300,300,-3.09909688887747,0.000970557647194633,-0.326745987472026,0.0985505302075056
TRUE,1566,21.6676274001269,380,600,300,300,-3.94191615613727,4.04166176820747e-05,-0.394943163981616,0.0304466364561033
TRUE,1567,21.2971940067597,380,600,300,300,-4.22060692665988,1.21822727390354e-05,-0.431375516821909,0.0210416836715229
TRUE,1568,22.2578772338875,380,600,300,300,-3.48413445287027,0.000246865696006203,-0.354920426788079,0.0762807017078015
TRUE,1569,21.948631778395,380,600,300,300,-4.27959713675155,9.36159548302413e-06,-0.438356361552907,0.142531585683434
TRUE,1570,21.6333627821874,380,600,300,300,-2.74558627740205,0.00302014413728355,-0.282785790147,0.478374278569001
TRUE,1571,21.0434394190651,380,600,300,300,-1.75026795140092,0.0400360441550172,-0.173263835808355,0.0565642924594431
TRUE,1572,20.7641342688818,380,600,300,300,-2.0438065833387,0.0204863292746888,-0.206210835138533,0.278858914590438
TRUE,1573,21.2070362960782,380,600,300,300,-3.45475777611121,0.000275393707010522,-0.335688860685722,0.848175260419632
TRUE,1574,21.9720575600402,380,600,300,300,-4.10408473926307,2.02959334904651e-05,-0.416881693271303,0.0951542140706305
TRUE,1575,20.6222815068159,380,600,300,300,-2.93202452250443,0.00168380077314953,-0.294229344108769,0.194390428749755
TRUE,1576,21.3304240965843,380,600,300,300,-2.97502416484412,0.00146482734352218,-0.304694658873397,0.374573146208971
TRUE,1577,21.187400706728,380,600,300,300,-5.22198364823513,8.85083017420712e-08,-0.529251523602059,0.0556561467305059
TRUE,1578,21.0073487213293,380,600,300,300,-4.61297380666885,1.98474171196936e-06,-0.476385177924128,0.154340167899258
TRUE,1579,20.763094778663,380,600,300,300,-4.58489945752401,2.27102473023819e-06,-0.470805540442422,0.0123331225307552
TRUE,1580,20.8750285527065,380,600,300,300,-2.80713558110934,0.00249920995488008,-0.282925093050512,0.570100721645233
TRUE,1581,21.851616741713,380,600,300,300,-4.22859184161545,1.17579259864205e-05,-0.440393615325772,0.268991025644896
TRUE,1582,22.4634322152953,380,600,300,300,-2.95416628539456,0.00156757512803989,-0.296812839315495,0.122724880820913
TRUE,1583,21.3157545327496,380,600,300,300,-1.61872694488619,0.0527530133638993,-0.16845844648628,0.28522979506477
TRUE,1584,21.0344923826493,380,600,300,300,-3.30730342772594,0.00047099398899125,-0.339347979281433,0.0259741294914609
TRUE,1585,20.8028807820662,380,600,300,300,-2.93126995691156,0.0016878964258241,-0.315972541111492,0.0119307758165448
TRUE,1586,21.0615197895969,380,600,300,300,-4.17612879594419,1.48255988098194e-05,-0.437708741247795,0.12020320419687
TRUE,1587,22.699881823219,380,600,300,300,-2.67748428279815,0.00370886663345775,-0.267827486513199,0.182966645886961
TRUE,1588,21.3480037522084,380,600,300,300,-3.28864531175236,0.000503354010419346,-0.35541023978899,0.00667838222866963
TRUE,1589,21.9135772245487,380,600,300,300,-4.29510832448648,8.73040285047738e-06,-0.434088371872565,0.158019028672163
TRUE,1590,22.5858551649867,380,600,300,300,-2.79933899137477,0.00256036735672809,-0.281055302841233,0.272213142771449
TRUE,1591,20.3855895359775,380,600,300,300,-3.61215723238399,0.000151830172933872,-0.385144161273905,0.157942103947078
TRUE,1592,21.637051634117,380,600,300,300,-4.69414696359463,1.3386076017319e-06,-0.467624736103562,0.129270211315803
TRUE,1593,21.9424048595376,380,600,300,300,-2.7576421624465,0.00291099457638899,-0.284517558994991,0.124952103304891
TRUE,1594,20.9212997358339,380,600,300,300,-4.34117042345902,7.08628702451598e-06,-0.436267877236481,0.123252179167384
TRUE,1595,22.0001487744008,380,600,300,300,-4.28878947814185,8.98247742444883e-06,-0.4346466437136,0.00262900612765755
TRUE,1596,23.2221845749413,380,600,300,300,-3.04587686325081,0.00116001414111285,-0.316536474349233,0.421588493348958
TRUE,1597,21.7872942370679,380,600,300,300,-2.34242062315825,0.00957955445796129,-0.248906571512234,0.18206447321693
TRUE,1598,19.9846785391431,380,600,300,300,-4.41732776871048,4.99643193982226e-06,-0.453493581143762,0.159782445121327
TRUE,1599,20.5877498589272,380,600,300,300,-3.13479566465066,0.000859869273590777,-0.315399301261837,0.195381391567705
TRUE,1600,21.0529724590363,380,600,300,300,-3.91111859065284,4.59348233231798e-05,-0.395013816737616,0.651963623117572
TRUE,1601,21.7494814547058,380,600,300,300,-3.93903546312448,4.09049192291349e-05,-0.41861618778016,0.102354998073358
TRUE,1602,21.5152869251998,380,600,300,300,-1.78548614095433,0.0370912486732461,-0.180968476311755,0.0833057081819771
TRUE,1603,22.0445963845553,380,600,300,300,-2.96635372459122,0.00150676836670275,-0.300310735704189,0.463270459151408
TRUE,1604,21.8377597165375,380,600,300,300,-2.97005945832774,0.00148871057421154,-0.319151475057513,0.747971675512151
TRUE,1605,20.581090940767,380,600,300,300,-2.36856319326076,0.00892866474429203,-0.240825746517811,0.798061846555325
TRUE,1606,21.9836828555212,380,600,300,300,-5.57028571313105,1.27160967305266e-08,-0.583854215617047,0.00693784887316677
TRUE,1607,21.3365027441203,380,600,300,300,-2.82074598386237,0.00239560623990565,-0.293353829147434,0.692363957447401
TRUE,1608,22.3977399380844,380,600,300,300,-3.89314829775489,4.9475810151241e-05,-0.407631496181007,0.133156775627585
TRUE,1609,21.6062848943045,380,600,300,300,-0.451625532488958,0.32576938654711,-0.0477865525082121,0.0285081556741761
TRUE,1610,21.502125030189,380,600,300,300,-3.72375627852067,9.81402093110568e-05,-0.375355479961144,0.741200697176144
TRUE,1611,21.5430585175303,380,600,300,300,-4.04258609777297,2.64324456747674e-05,-0.407130426007371,0.164167850570138
TRUE,1612,21.9005719084436,380,600,300,300,-4.88289048395029,5.22709699142574e-07,-0.493867588111663,0.131162569153446
TRUE,1613,21.5444608894579,380,600,300,300,-2.27384400343281,0.0114876837414908,-0.234126894681056,0.0640479081137736
TRUE,1614,21.1827534283559,380,600,300,300,-4.46892439196632,3.93069551336924e-06,-0.460812654953902,0.00496364172072669
TRUE,1615,20.6862131370212,380,600,300,300,-4.760577880509,9.65197117856256e-07,-0.485183110722648,0.278300942347466
TRUE,1616,22.2346656043455,380,600,300,300,-3.60496787924665,0.000156095769205029,-0.359888961477009,0.182938716131012
TRUE,1617,22.0076385565102,380,600,300,300,-3.98469076342932,3.37840292905081e-05,-0.405820377469736,0.0697564396082078
TRUE,1618,21.3852171992505,380,600,300,300,-4.05604395487249,2.49554354162898e-05,-0.406367380759073,0.427191278757887
TRUE,1619,21.756301605409,380,600,300,300,-2.68240877829174,0.00365470416955097,-0.273794833942831,0.146249153236142
TRUE,1620,21.2863452966354,380,600,300,300,-2.25108142278636,0.0121901904037272,-0.234295936529435,0.221181225880644
TRUE,1621,22.5357906025746,380,600,300,300,-2.67508513361759,0.00373551379058267,-0.273949366381418,0.0125648002231445
TRUE,1622,22.0813969572796,380,600,300,300,-4.40409019191773,5.31143722592441e-06,-0.452979178636341,0.118558271587937
TRUE,1623,21.7258020109546,380,600,300,300,-3.49341484247461,0.000238442527259594,-0.362085506521559,0.138189076165595
TRUE,1624,22.6599542618285,380,600,300,300,-3.36552274701167,0.000381993838212144,-0.358815755786263,0.410895767732364
TRUE,1625,22.2947254023743,380,600,300,300,-3.70896560377694,0.000104053846632309,-0.389379510139416,0.272377932536488
TRUE,1626,21.8881293484969,380,600,300,300,-2.72016400061964,0.00326247730158129,-0.275339019599116,0.496261459183593
TRUE,1627,20.4347461379001,380,600,300,300,-2.49247783480777,0.0063427623986953,-0.256047546243241,0.0445182922840563
TRUE,1628,22.0261428707524,380,600,300,300,-2.39186476070144,0.0083815089210763,-0.260165284610904,0.478394214294984
TRUE,1629,21.9917148042467,380,600,300,300,-1.79630867696362,0.0362227193215861,-0.188995847184544,0.412595290678181
TRUE,1630,22.1684100405872,380,600,300,300,-4.46496873539527,4.0040222411777e-06,-0.46435808294868,0.000259155052286704
TRUE,1631,21.1502653796869,380,600,300,300,-2.90818129757348,0.00181768756876313,-0.300346092405314,0.0180077155825256
TRUE,1632,23.3660384792928,380,600,300,300,-4.0671204372652,2.37988232892179e-05,-0.423350715654882,0.202494645493209
TRUE,1633,21.1816373473617,380,600,300,300,-3.17055589398915,0.000760737792188621,-0.323072689081356,0.161658219155089
TRUE,1634,21.9055214293071,380,600,300,300,-3.36661216405726,0.000380488142691143,-0.346432140922677,0.0167122670447026
TRUE,1635,21.8579724125891,380,600,300,300,-5.3673645436478,3.9947734952261e-08,-0.539576375910774,0.00457570253965177
TRUE,1636,21.892592348622,380,600,300,300,-3.80558370937734,7.07350781088258e-05,-0.40637641661913,0.230093091965905
TRUE,1637,21.4462205028188,380,600,300,300,-4.30875150434516,8.2089352975132e-06,-0.448819505499286,0.146168155452808
TRUE,1638,21.5151270937347,380,600,300,300,-4.78976034030796,8.34903132573739e-07,-0.477115031694425,0.177631808966503
TRUE,1639,22.3176728263811,380,600,300,300,-1.82696935934578,0.0338521882502993,-0.192521072326359,0.0640969596377431
TRUE,1640,22.0496657437474,380,600,300,300,-3.89044066024825,5.00311724539744e-05,-0.420653431605164,0.175339174577158
TRUE,1641,22.3026551630554,380,600,300,300,-2.42609993610582,0.00763103346751225,-0.25109724273054,0.647270940350691
TRUE,1642,21.7509659920259,380,600,300,300,-3.92449294167346,4.34563037219543e-05,-0.41861761269988,0.0062648313488007
TRUE,1643,21.5096695976383,380,600,300,300,-3.76396047627624,8.36216642353783e-05,-0.363950731297612,0.445066171366567
TRUE,1644,21.9071985472852,380,600,300,300,-4.57771423768468,2.35042128069473e-06,-0.452159836017054,0.317868139584642
TRUE,1645,22.550910527464,380,600,300,300,-3.140300690007,0.000843872532699548,-0.327948396048407,0.393883249191145
TRUE,1646,21.4725058733245,380,600,300,300,-2.40822491203312,0.00801515099171465,-0.247170735154962,0.360128428872849
TRUE,1647,20.7602596514108,380,600,300,300,-2.88357161357842,0.00196596616641685,-0.288858092739127,0.51699943888646
TRUE,1648,21.7564084679447,380,600,300,300,-3.92709096437715,4.29897349148778e-05,-0.410985703565614,0.0445028159067981
TRUE,1649,21.5328706271475,380,600,300,300,-1.22346135770955,0.11057774539314,-0.127045334367966,0.9272671234669
TRUE,1650,20.832764427112,380,600,300,300,-4.05373840484894,2.52027901498454e-05,-0.42009185359898,0.142642540235115
TRUE,1651,20.7311109018953,380,600,300,300,-2.93624907562603,0.00166103731559315,-0.299749019283121,0.834848813484988
TRUE,1652,20.4324761972596,380,600,300,300,-2.93537826511859,0.00166570650344799,-0.307212907775761,0.0211758452181764
TRUE,1653,21.3679239427153,380,600,300,300,-4.10293163367041,2.03973911944325e-05,-0.414171070639615,0.0953338377789753
TRUE,1654,21.5409234771054,380,600,300,300,-3.21377885794918,0.000655002620126981,-0.322738475908248,0.0271429129062058
TRUE,1655,22.0945700105013,380,600,300,300,-4.48525140868522,3.64140057652688e-06,-0.448263927954636,0.0432729763867416
TRUE,1656,21.7510715352068,380,600,300,300,-3.07590296383773,0.00104933066202796,-0.324667702589771,0.101702165116957
TRUE,1657,21.8188730054024,380,600,300,300,-2.33485068653019,0.00977561112786681,-0.261816082265518,0.322229123728521
TRUE,1658,21.1171836372247,380,600,300,300,-3.56997853675177,0.000178505239120606,-0.372550727810489,0.0210418079964223
TRUE,1659,21.7863259724803,380,600,300,300,-3.77403035408893,8.03156017767209e-05,-0.414534095800648,0.295009071635633
TRUE,1660,21.7732297419291,380,600,300,300,-2.10934638431438,0.0174573468953736,-0.211539910980745,0.754971743087452
TRUE,1661,21.2685266499999,380,600,300,300,-2.50967817791474,0.00604206174536912,-0.257238581424661,0.536453517263044
TRUE,1662,21.3801264597941,380,600,300,300,-5.57429365750211,1.24268095981323e-08,-0.574443926434476,0.626776132438435
TRUE,1663,22.1591192187202,380,600,300,300,-4.45477514665894,4.19905819349582e-06,-0.455617329371947,0.00770179138186751
TRUE,1664,21.6937192028482,380,600,300,300,-3.89285511001023,4.95356635868402e-05,-0.389364340386354,0.267727507454146
TRUE,1665,20.8694047773025,380,600,300,300,-3.14744565488956,0.000823518597340912,-0.31493017338379,0.110609215968904
TRUE,1666,21.1665044428439,380,600,300,300,-4.74767130968573,1.02886041206154e-06,-0.496933427769867,0.0200391382538601
TRUE,1667,21.8967520940931,380,600,300,300,-3.60587471620197,0.000155551606408054,-0.380272817717955,0.308592943575843
TRUE,1668,22.5750548177526,380,600,300,300,-1.94429804286515,0.0259297602683052,-0.2086802602283,0.329302978268082
TRUE,1669,21.704565389771,380,600,300,300,-2.86292847215103,0.00209872653902625,-0.294161239477293,0.860095114832638
TRUE,1670,21.6366788589048,380,600,300,300,-3.67196845585789,0.000120344698210087,-0.382356332329682,0.171962600078002
TRUE,1671,20.0602858505924,380,600,300,300,-3.70915630016803,0.00010397551646712,-0.385594433330526,0.00731147318255611
TRUE,1672,21.4814850782389,380,600,300,300,-4.09186140979561,2.13962190885155e-05,-0.419571262686488,0.0351140943674272
TRUE,1673,21.4665579730468,380,600,300,300,-4.1443271289089,1.70406470125179e-05,-0.422643058326437,0.159862358297322
TRUE,1674,21.5694180576193,380,600,300,300,-2.58825500607125,0.00482317695815522,-0.28377724044032,0.28516119194995
TRUE,1675,21.0905684231692,380,600,300,300,-3.41953025766814,0.000313646778735714,-0.349073751019202,0.560766992585715
TRUE,1676,21.9049560573815,380,600,300,300,-3.14740141425438,0.000823643224058243,-0.329275763852648,0.0877105111648131
TRUE,1677,22.0362185756117,380,600,300,300,-3.63608746269311,0.000138405189812531,-0.36854982841485,0.0438902513818893
TRUE,1678,21.6761657863172,380,600,300,300,-4.06399880001579,2.41195368680659e-05,-0.429806224793963,0.0295217508538056
TRUE,1679,22.9116603170801,380,600,300,300,-2.99866818934027,0.00135581221984158,-0.305978683577903,0.283891400049413
TRUE,1680,20.6127740999849,380,600,300,300,-2.87424192802377,0.00202499301447058,-0.29860772535199,0.0957375645203709
TRUE,1681,22.0371113283379,380,600,300,300,-2.27866110678155,0.0113436092131516,-0.232216296185554,0.250576230827429
TRUE,1682,21.9718676028494,380,600,300,300,-3.59765818098265,0.000160547609760883,-0.381784482404294,0.0723983979158263
TRUE,1683,22.3099323214497,380,600,300,300,-4.00398684221104,3.11419151497884e-05,-0.398638162549469,0.711547029830056
TRUE,1684,21.6491040298087,380,600,300,300,-5.92666666729051,1.54572802446281e-09,-0.636352212543365,0.00152740076176864
TRUE,1685,21.6161745487555,380,600,300,300,-2.85002903817072,0.00218576189059872,-0.305847553760165,0.43728033008902
TRUE,1686,21.2032000250928,380,600,300,300,-3.9572029691743,3.791624677392e-05,-0.41442561098074,0.0500201681391323
TRUE,1687,21.1583390957359,380,600,300,300,-1.49485295531023,0.0674764111886612,-0.144475594728626,0.163418276505531
TRUE,1688,21.7174622238612,380,600,300,300,-2.47549358459314,0.00665260760554554,-0.266697927568193,0.507021202026407
TRUE,1689,22.1743087591909,380,600,300,300,-2.63125253421807,0.00425353982884206,-0.265971975351898,0.362433894643292
TRUE,1690,21.4183204222501,380,600,300,300,-4.52260376950169,3.05417615367624e-06,-0.465941652459258,0.212921230292583
TRUE,1691,19.8947394405713,380,600,300,300,-3.33051969332387,0.00043342015835359,-0.351446306203979,0.163200882927365
TRUE,1692,22.374120166565,380,600,300,300,-3.28810921130295,0.000504313523458955,-0.350903559079998,0.0796798266624529
TRUE,1693,20.7479631010205,380,600,300,300,-3.73739111397846,9.2969785300264e-05,-0.397671566948191,0.253718263993804
TRUE,1694,21.8655204714422,380,600,300,300,-5.79149065205966,3.48822213480992e-09,-0.578847913552563,0.000149336404412337
TRUE,1695,21.273864205332,380,600,300,300,-1.86546861311032,0.0310578738524271,-0.192848277368978,0.267396847113569
TRUE,1696,21.6196861238507,380,600,300,300,-3.51237697904928,0.000222058778996931,-0.368219856285028,0.290939797702993
TRUE,1697,21.0077849678991,380,600,300,300,-4.31179797454151,8.0966179566354e-06,-0.436793568522695,0.100114711003195
TRUE,1698,22.3437816033356,380,600,300,300,-4.48784461372859,3.5973686296701e-06,-0.466811836494396,0.0605379478890549
TRUE,1699,22.0406707551699,380,600,300,300,-4.56741475341237,2.46888192708689e-06,-0.467174078978869,0.0532223640443798
TRUE,1700,21.9059833584328,380,600,300,300,-3.7617576178516,8.43617576264091e-05,-0.396566775704059,0.0283782996599387
TRUE,1701,20.523074660087,380,600,300,300,-2.4420722325928,0.00730161222221732,-0.244056038161547,0.195433441294291
TRUE,1702,21.184509793818,380,600,300,300,-3.66245048108563,0.000124907026955861,-0.38405023691221,0.104348699257184
TRUE,1703,21.3239632636212,380,600,300,300,-3.79494909215519,7.38368768574982e-05,-0.390853459163329,0.0310219329598382
TRUE,1704,21.5535286272637,380,600,300,300,-1.84696230032134,0.0323763021701998,-0.19142137458296,0.786628985939574
TRUE,1705,22.0431368092708,380,600,300,300,-4.23238584036158,1.15612643278152e-05,-0.43443362776926,0.522540374588046
TRUE,1706,21.6030131473852,380,600,300,300,-4.54395919194037,2.76036750846837e-06,-0.459178639369018,0.0385264886941048
TRUE,1707,21.6752538111976,380,600,300,300,-2.03296536622033,0.0210280110914883,-0.204669306488686,0.775483887095593
TRUE,1708,21.5810441217346,380,600,300,300,-2.51977939329825,0.00587142027367992,-0.252591839555638,0.0316525572677307
TRUE,1709,21.3400921805987,380,600,300,300,-3.42651833725015,0.000305686240126861,-0.343140334381938,0.461037012682829
TRUE,1710,21.6345572362796,380,600,300,300,-5.02283339430796,2.54573545041708e-07,-0.520200344551264,0.467980386866788
TRUE,1711,21.7722784732635,380,600,300,300,-3.75029832584536,8.83121556137016e-05,-0.39045398866232,0.0630522230411297
TRUE,1712,21.0856118984016,380,600,300,300,-3.56173553213302,0.000184205697754535,-0.375112112740594,0.221983055357376
TRUE,1713,21.7296226169221,380,600,300,300,-4.89653417640095,4.87708451961145e-07,-0.510640870279782,0.451840463290419
TRUE,1714,21.7213982608449,380,600,300,300,-3.69144446030312,0.000111492045925882,-0.388069527083749,0.315054914818987
TRUE,1715,21.2400620203661,380,600,300,300,-1.99017929619178,0.0232855940743875,-0.215834113282755,0.809953833034502
TRUE,1716,22.3817995463557,380,600,300,300,-3.02302108176277,0.00125132404054563,-0.305214594677737,0.748463606062154
TRUE,1717,20.6993838930086,380,600,300,300,-5.31555028000608,5.31677406539232e-08,-0.550169355183073,0.256815374423292
TRUE,1718,21.4289156242646,380,600,300,300,-2.80138146752898,0.00254421651608377,-0.287768537400925,0.0935821580362716
TRUE,1719,22.351501628843,380,600,300,300,-2.55678648070581,0.00528220205514835,-0.263195499726763,0.244927529689022
TRUE,1720,21.1773136195972,380,600,300,300,-2.99985021453534,0.00135056200727096,-0.308159703402722,0.179121311512987
TRUE,1721,21.7719621488918,380,600,300,300,-3.57288536688982,0.000176534672789855,-0.366152804850177,0.152267253054316
TRUE,1722,20.977858729186,380,600,300,300,-4.90118605640138,4.76298921848705e-07,-0.517113534090053,0.0634122678758966
TRUE,1723,21.5425965107968,380,600,300,300,-2.70935644167398,0.00337069360234722,-0.276264859785257,0.512686464157961
TRUE,1724,21.9437345385808,380,600,300,300,-2.99221939065152,0.00138478575042986,-0.306884189770802,0.797474589036962
TRUE,1725,23.1658575226847,380,600,300,300,-4.00794987175624,3.06240580148887e-05,-0.43649257243096,0.0128142044520423
TRUE,1726,21.5021879712562,380,600,300,300,-2.92796754496408,0.00170592828726483,-0.309951886819532,0.309351345881951
TRUE,1727,22.7545767123173,380,600,300,300,-2.75132470085697,0.0029677389037164,-0.279012994010159,0.688681063085319
TRUE,1728,21.8178148408576,380,600,300,300,-3.72826029205884,9.64030908893943e-05,-0.385149344912713,0.0367435919493731
TRUE,1729,21.4961363199671,380,600,300,300,-4.28337044817771,9.2041650678766e-06,-0.457229246679591,0.0161827181990042
TRUE,1730,20.9509260494168,380,600,300,300,-1.67510370470665,0.0469569431108749,-0.169751510941555,0.479688062511069
TRUE,1731,21.1506046011071,380,600,300,300,-5.08783868375275,1.81083612217777e-07,-0.520768477223534,0.00778128888622342
TRUE,1732,22.348867242419,380,600,300,300,-2.87732401082289,0.00200531776681377,-0.287187882755762,0.101892040162491
TRUE,1733,21.9780363690667,380,600,300,300,-3.18019614852459,0.000735876974148338,-0.322752446099542,0.348737568430363
TRUE,1734,21.6638750534772,380,600,300,300,-2.97646958140288,0.00145794003578672,-0.307872170446669,0.46853631937833
TRUE,1735,21.4088367989069,380,600,300,300,-3.49588882805725,0.000236242753921747,-0.36401582508996,0.0278813187790624
TRUE,1736,21.5367487568037,380,600,300,300,-3.19750510391351,0.000693109790981218,-0.322752230988273,0.38649702283928
TRUE,1737,22.4222251436918,380,600,300,300,-2.65242693345581,0.00399577111569865,-0.277167571698037,0.808111441866598
TRUE,1738,21.3278814768085,380,600,300,300,-2.90870848641529,0.00181462548844879,-0.310241401867505,0.0960422494647953
TRUE,1739,22.6977399752627,380,600,300,300,-3.77160784678598,8.10995134543424e-05,-0.389405558174007,0.156347607946624
TRUE,1740,21.2077363640216,380,600,300,300,-2.89290860609232,0.00190846172719949,-0.298225736137734,0.469149899442097
TRUE,1741,22.4177929338546,380,600,300,300,-2.84275660191355,0.00223626059596087,-0.282886479381731,0.0153489850597025
TRUE,1742,20.8853391180919,380,600,300,300,-2.23757020221467,0.0126245482693831,-0.231209067571332,0.850078493763247
TRUE,1743,21.4392130839723,380,600,300,300,-4.26306460800991,1.00821092835641e-05,-0.430255567240014,0.0323626875296274
TRUE,1744,21.8483060237256,380,600,300,300,-2.81952806161398,0.00240471627983045,-0.31016235290342,0.281782112507928
TRUE,1745,22.0098406786027,380,600,300,300,-3.7039863386533,0.000106118846488215,-0.379234448912445,0.21713125928091
TRUE,1746,20.6990735483063,380,600,300,300,-4.59490035753482,2.16478053633498e-06,-0.461334030864553,0.321174907912648
TRUE,1747,22.753949642064,380,600,300,300,-3.4317722823357,0.000299825419796971,-0.352576807201687,0.514823393958862
TRUE,1748,21.2225218909737,380,600,300,300,-2.59963852640457,0.00466610021629204,-0.255785314291651,0.569454841043695
TRUE,1749,21.193579571102,380,600,300,300,-3.935892965056,4.14439560170713e-05,-0.379405667896528,0.241732769587012
TRUE,1750,21.4264419206151,380,600,300,300,-4.48059858001567,3.72169951076999e-06,-0.426126538987447,0.294885526134926
TRUE,1751,20.7481982026143,380,600,300,300,-2.72880528469834,0.00317821120258099,-0.285136221030773,0.271897110428294
TRUE,1752,22.4184895410746,380,600,300,300,-2.98765095924322,0.0014056520914716,-0.317915907293936,0.580939651503532
TRUE,1753,22.2114801919539,380,600,300,300,-2.78142554379092,0.00270603717918036,-0.283547142209018,0.235248234969757
TRUE,1754,21.9841230234185,380,600,300,300,-3.74890051421995,8.88057593645684e-05,-0.383741092787014,0.0853027003827521
TRUE,1755,21.0413940172375,380,600,300,300,-3.20274735106108,0.000680616726580953,-0.337081942660098,0.567735698958736
TRUE,1756,21.0923003601098,380,600,300,300,-3.44724293458093,0.000283169540280739,-0.35641941324951,0.0960390396728251
TRUE,1757,21.7339102626612,380,600,300,300,-4.35681319681036,6.59849027616213e-06,-0.442197621647389,0.156748404947994
TRUE,1758,21.817550466694,380,600,300,300,-1.87629532438714,0.0303073693627314,-0.191099385307952,0.332521445556498
TRUE,1759,21.0236274558416,380,600,300,300,-4.29266899170097,8.82690458643171e-06,-0.435863016626178,0.0876080650990464
TRUE,1760,20.815247376734,380,600,300,300,-4.99535438501019,2.93639112745795e-07,-0.499575827860471,0.346653288175356
TRUE,1761,22.7751301911196,380,600,300,300,-3.41035852305623,0.000324387668707121,-0.352813430907038,0.297012897587404
TRUE,1762,21.3339362340331,380,600,300,300,-3.94048680033909,4.06582126331259e-05,-0.417111917248411,0.0737970160488945
TRUE,1763,21.0782832922661,380,600,300,300,-1.26162881236595,0.103541191737685,-0.130565409995371,0.354899888497387
TRUE,1764,21.8710675748989,380,600,300,300,-2.69564836824234,0.0035125891824198,-0.260512579619319,0.0777983189312588
TRUE,1765,22.0612863247537,380,600,300,300,-3.97711553838812,3.48781383162518e-05,-0.424537339171699,0.094872752258634
TRUE,1766,21.6533980799681,380,600,300,300,-3.7133798456166,0.000102254791293722,-0.357507229301184,0.0958214051248494
TRUE,1767,21.6475948407909,380,600,300,300,-4.812864641491,7.43910327445356e-07,-0.485700824369426,0.0217822816886474
TRUE,1768,21.8352350920702,380,600,300,300,-3.20337365353324,0.000679138124998722,-0.336629944891755,0.548807864582533
TRUE,1769,21.4730500261802,380,600,300,300,-3.62616203158927,0.000143832445233893,-0.380704417549712,0.0957482248120868
TRUE,1770,21.2258863129467,380,600,300,300,-4.84454324504987,6.34516382719366e-07,-0.504809854588507,0.629802753733123
TRUE,1771,21.2467196064899,380,600,300,300,-4.26198610466234,1.01309022387216e-05,-0.460637981927861,0.032650717866147
TRUE,1772,20.6996838239917,380,600,300,300,-4.7697029426325,9.22488937914459e-07,-0.497171298820114,0.1432055678749
TRUE,1773,20.3881367865298,380,600,300,300,-3.49934090392302,0.000233204924670047,-0.37318910200291,0.124750685957486
TRUE,1774,22.0759075766635,380,600,300,300,-2.56536299729509,0.00515339575672328,-0.26805324529447,0.0962886237895617
TRUE,1775,21.6132191709951,380,600,300,300,-2.39907052258629,0.00821837436568811,-0.246366349863505,0.608323023923614
TRUE,1776,21.438826985368,380,600,300,300,-3.26544385698612,0.000546463344833929,-0.335302706726775,0.0812913438106898
TRUE,1777,21.977484942481,380,600,300,300,-5.52482014601624,1.64911651568275e-08,-0.568634040652113,0.000157374864159353
TRUE,1778,21.9586235450235,380,600,300,300,-3.41851338312736,0.000314821106477891,-0.336882312777999,0.042205144110781
TRUE,1779,20.6435075355713,380,600,300,300,-5.02029578428579,2.57959871732535e-07,-0.521811065158384,0.381663519603212
TRUE,1780,20.9738601235967,380,600,300,300,-3.19929247720931,0.000688826645469755,-0.320031590145899,0.396855559170548
TRUE,1781,20.9839837115473,380,600,300,300,-3.875414747984,5.32216212249352e-05,-0.38481843229185,0.89517818545798
TRUE,1782,20.7082051508789,380,600,300,300,-3.17195537210306,0.000757081367784438,-0.325920057435856,0.643022058005224
TRUE,1783,21.0029315617965,380,600,300,300,-2.89700450177057,0.00188372174620632,-0.311262987763272,0.585893380048238
TRUE,1784,21.8294467086811,380,600,300,300,-3.50686922580689,0.000226705959397072,-0.373405541998811,0.87572224236964
TRUE,1785,21.4935049006903,380,600,300,300,-2.16171255681038,0.0153201695782488,-0.228326987196604,0.133260838180077
TRUE,1786,20.7859754284538,380,600,300,300,-4.6670506625584,1.52777004590917e-06,-0.475255390498443,0.0335642201187113
TRUE,1787,21.3162960003287,380,600,300,300,-4.06795406468745,2.37138638362755e-05,-0.423642730463067,0.125101168517658
TRUE,1788,22.3067083225865,380,600,300,300,-4.05970010018236,2.45678922104229e-05,-0.419125875216365,0.306048290701483
TRUE,1789,21.9220287879321,380,600,300,300,-4.22911348631056,1.17306990659818e-05,-0.426896548692796,0.241532599742203
TRUE,1790,22.5616548799505,380,600,300,300,-3.64857219732983,0.000131850899904675,-0.377073706770941,0.00494496630072397
TRUE,1791,21.9035124880691,380,600,300,300,-3.34875184166506,0.000405882340243696,-0.334906177396215,0.503299069458677
TRUE,1792,21.0576671606464,380,600,300,300,-5.0880971542209,1.80837042504491e-07,-0.516883173492643,0.217926266829198
TRUE,1793,22.6205220222753,380,600,300,300,-3.45404302857422,0.000276124627945532,-0.361806648959745,0.343611905246003
TRUE,1794,21.6601716134199,380,600,300,300,-2.03727807433068,0.0208110918747723,-0.212527163586405,0.0672806537220435
TRUE,1795,21.6567310935818,380,600,300,300,-6.53381716642982,3.2057103785302e-11,-0.673130710723078,0.0296453748357473
TRUE,1796,21.5074829582807,380,600,300,300,-5.06783939578644,2.01178331158869e-07,-0.514293617824036,0.389912038890414
TRUE,1797,21.7133630018582,380,600,300,300,-4.18181658625443,1.44594610457334e-05,-0.462500118249794,0.163723932959624
TRUE,1798,21.1255425166673,380,600,300,300,-4.00919156178613,3.04634885300675e-05,-0.41098776339553,0.758646072337942
TRUE,1799,21.803758102766,380,600,300,300,-3.34136439077679,0.000416838652478533,-0.347370723462525,0.126780909319455
TRUE,1800,20.9113266861835,380,600,300,300,-5.17161839854212,1.16037575208926e-07,-0.531403895786477,0.399454418993426
TRUE,1801,23.1844866201411,380,600,300,300,-0.867632521797294,0.19279776840235,-0.0920531012931012,0.959935176557511
TRUE,1802,20.9305160245713,380,600,300,300,-3.29094275748127,0.000499261148487727,-0.339846376204871,0.270524482891642
TRUE,1803,21.3437101482494,380,600,300,300,-2.37719190426168,0.00872250479681605,-0.239218321219156,0.25730808902014
TRUE,1804,22.333420992824,380,600,300,300,-3.99313426756178,3.26028103379242e-05,-0.417327375394764,0.501978708137473
TRUE,1805,20.9466135026857,380,600,300,300,-3.14407071860583,0.00083307584829058,-0.326110626059366,0.467935528080812
TRUE,1806,21.1985539812414,380,600,300,300,-4.66731844675827,1.52578092575772e-06,-0.462532641254305,0.484724406423999
TRUE,1807,21.2589701070854,380,600,300,300,-3.5692700089121,0.000178988664814341,-0.374907239003458,0.0532129902305798
TRUE,1808,21.6538469884196,380,600,300,300,-4.58530936531959,2.2665736006691e-06,-0.473659287099923,0.0091719349776894
TRUE,1809,21.4544072598964,380,600,300,300,-3.11106253142127,0.000932077297395285,-0.330838708272776,0.610290503455991
TRUE,1810,21.6449008398878,380,600,300,300,-3.8137340545344,6.84413831714224e-05,-0.398681222907513,0.0334308876561923
TRUE,1811,21.4190593270778,380,600,300,300,-4.04405892978347,2.62668528318431e-05,-0.419153393292251,0.0959542096735785
TRUE,1812,20.86455249502,380,600,300,300,-2.73912503618714,0.00308014699872379,-0.28645871848948,0.0112025929154711
TRUE,1813,21.0326554013122,380,600,300,300,-3.04325712992878,0.00117016133841231,-0.317596841573925,0.0441560533116885
TRUE,1814,22.1464454224184,380,600,300,300,-5.55357192032791,1.39945214624854e-08,-0.580124048230918,0.00255136284441423
TRUE,1815,21.7280888720602,380,600,300,300,-3.3316208331291,0.000431709037652714,-0.340039629905586,0.0610274589748667
TRUE,1816,21.8500775835532,380,600,300,300,-3.60565396410312,0.000155683908631763,-0.372699331797276,0.0588619716308588
TRUE,1817,21.4806133514643,380,600,300,300,-3.88180616755267,5.18417536890843e-05,-0.394447412107025,0.091860211988785
TRUE,1818,22.1283836645045,380,600,300,300,-2.02265081986435,0.0215545803543362,-0.218210672391952,0.21262081774418
TRUE,1819,20.5388247048199,380,600,300,300,-2.51474069354369,0.00595599803737639,-0.249263687752931,0.901152577904627
TRUE,1820,20.3718931199472,380,600,300,300,-2.29102977167723,0.0109808459123966,-0.23598821085869,0.927910648813363
TRUE,1821,21.0829484818215,380,600,300,300,-2.51868923401954,0.00588962843758644,-0.258162551162752,0.225601434407992
TRUE,1822,20.8420082399994,380,600,300,300,-3.08957261605378,0.00100222350151597,-0.322332738310341,0.00823403844259294
TRUE,1823,21.6029671061908,380,600,300,300,-4.22129997451051,1.21448719383962e-05,-0.430196121687547,0.0606270356173721
TRUE,1824,21.5029907945171,380,600,300,300,-4.48969294301346,3.56629578364843e-06,-0.44648162575664,0.024934369598348
TRUE,1825,22.5620619402676,380,600,300,300,-4.84131378636256,6.44917549728758e-07,-0.494632325803717,0.105317897317855
TRUE,1826,21.0659339598435,380,600,300,300,-3.95081427920741,3.89428738726286e-05,-0.41730334864779,0.174296580168576
TRUE,1827,21.4086685198403,380,600,300,300,-4.88947857020358,5.05517140025848e-07,-0.502763218245658,0.111708043615367
TRUE,1828,22.2410916924576,380,600,300,300,-4.07510214862341,2.29970766636303e-05,-0.417416602807287,0.0491817471101667
TRUE,1829,20.6664968167436,380,600,300,300,-3.28890117404036,0.000502896663871816,-0.368013602952239,0.170514071920749
TRUE,1830,20.7187456911136,380,600,300,300,-1.48413148490746,0.0688870209659337,-0.161996086021901,0.0820032280999185
TRUE,1831,21.9988699322547,380,600,300,300,-4.11468756972971,1.93852092532165e-05,-0.440494426133527,0.0863461309069556
TRUE,1832,21.6596103976236,380,600,300,300,-2.50550022604596,0.00611391600757958,-0.252021528150866,0.792636817207191
TRUE,1833,21.9428959736321,380,600,300,300,-4.03375021767084,2.74468344303097e-05,-0.404804014231165,0.0716307903111793
TRUE,1834,22.2806621664792,380,600,300,300,-3.43362634034875,0.00029778229016285,-0.343274649999625,0.120690856425707
TRUE,1835,21.873829119578,380,600,300,300,-3.00912417667178,0.00131001002922666,-0.305137460994233,0.36835509079959
TRUE,1836,22.0084594058402,380,600,300,300,-2.63687665894955,0.00418366246536038,-0.276065718259952,0.0379798964920028
TRUE,1837,22.9148164117023,380,600,300,300,-3.34063273277374,0.000417938574397385,-0.353481670178899,0.0157077002973434
TRUE,1838,20.8030617166048,380,600,300,300,-3.56370309005562,0.000182829771247303,-0.361266291650604,0.0424388588585985
TRUE,1839,21.5864815281238,380,600,300,300,-3.11981091457266,0.000904835828031734,-0.321709329317674,0.505016815207718
TRUE,1840,21.2735272727228,380,600,300,300,-4.66212847044652,1.56477859900697e-06,-0.493577177971027,0.0671989941235281
TRUE,1841,21.6185876545891,380,600,300,300,-3.52796162785728,0.000209386429161185,-0.353139227644175,0.00637689266231509
TRUE,1842,21.4887753539634,380,600,300,300,-4.57152444418398,2.42094397089912e-06,-0.471323920727858,0.257865944045965
TRUE,1843,22.1530604108057,380,600,300,300,-4.41173109167006,5.127371277483e-06,-0.464926959940034,0.314896526204252
TRUE,1844,21.2980266183335,380,600,300,300,-4.12629555932788,1.84326712690122e-05,-0.432835618005166,0.0626700421615247
TRUE,1845,21.0421407425208,380,600,300,300,-4.86626488398349,5.68635360400448e-07,-0.4906338309892,0.127386554425127
TRUE,1846,21.4361452931052,380,600,300,300,-1.36473113617017,0.0861687848613459,-0.140203144895326,0.0778981934394178
TRUE,1847,21.0759233875825,380,600,300,300,-2.59279069113811,0.0047600344970619,-0.264417940020479,0.512732026208348
TRUE,1848,21.1870398443271,380,600,300,300,-3.25461068411873,0.000567739519999789,-0.335032315036479,0.0629465294278598
TRUE,1849,22.1041974667407,380,600,300,300,-2.98159122680417,0.00143377298825395,-0.29735813524935,0.431326503117218
TRUE,1850,20.832656135326,380,600,300,300,-3.74954506057721,8.85778317806085e-05,-0.394290654192251,0.541914583352837
TRUE,1851,21.0958588011749,380,600,300,300,-5.43345997414832,2.76358430687503e-08,-0.556179355249169,0.0863141517750753
TRUE,1852,21.8048169107503,380,600,300,300,-5.23697322541812,8.16156807466665e-08,-0.53613526184344,0.0101367417662232
TRUE,1853,21.0266270558629,380,600,300,300,-4.00795301608337,3.06236503952206e-05,-0.420013643653549,0.00163364913748058
TRUE,1854,21.7252304321408,380,600,300,300,-2.81900709845459,0.00240862263996821,-0.290952342101768,0.756033464066104
TRUE,1855,22.8443235822983,380,600,300,300,-4.58988275541378,2.21747525049039e-06,-0.483193165100353,0.31413403234383
TRUE,1856,21.097010459468,380,600,300,300,-2.36859764327268,0.00892783323748035,-0.243674706738147,0.165085886889175
TRUE,1857,21.7355640010876,380,600,300,300,-3.06881326772599,0.00107455437902949,-0.309120382774028,0.214265641377521
TRUE,1858,20.4044915769808,380,600,300,300,-2.42442000350876,0.00766643050150382,-0.261326603443381,0.34837819759174
TRUE,1859,21.2543759149457,380,600,300,300,-2.91255792247604,0.00179240854550505,-0.295847621725784,0.631234291252991
TRUE,1860,21.79690478947,380,600,300,300,-4.61573271044128,1.95855416791487e-06,-0.467091127051543,0.0171850486324343
TRUE,1861,20.7167718488931,380,600,300,300,-2.71234785572121,0.00334042213406654,-0.273583705653988,0.239726155836064
TRUE,1862,21.603159807448,380,600,300,300,-2.91862744569322,0.00175788063614975,-0.285641298698984,0.173793963056032
TRUE,1863,21.306008243667,380,600,300,300,-2.78229671530613,0.00269878338343545,-0.285079372385335,0.682265299502972
TRUE,1864,20.7970966531699,380,600,300,300,-2.12675997141988,0.0167200158812225,-0.227625279525832,0.710608400651501
TRUE,1865,21.6883923746004,380,600,300,300,-2.19869735476534,0.0139497245889432,-0.226800187209767,0.863664012819849
TRUE,1866,21.4904654625944,380,600,300,300,-3.67089753417666,0.000120850114367843,-0.384392767580439,0.59325400325231
TRUE,1867,21.9623932320977,380,600,300,300,-2.52774091798651,0.00573995157502219,-0.25839087396945,0.14103690562135
TRUE,1868,20.7981164750252,380,600,300,300,-3.34149780756252,0.000416638372994008,-0.340038562990104,0.105915542294745
TRUE,1869,23.515930438063,380,600,300,300,-5.24560651148442,7.78845188206415e-08,-0.562667508172956,0.00124131121745119
TRUE,1870,21.3128062174469,380,600,300,300,-4.58061681121276,2.31803294490958e-06,-0.478363578567627,0.0358373944843068
TRUE,1871,22.2699914000654,380,600,300,300,-2.61546220846508,0.00445533907280605,-0.265666847686881,0.526014435884908
TRUE,1872,22.4173078985419,380,600,300,300,-2.01800677096082,0.0217952780782385,-0.214567901051348,0.153190515330128
TRUE,1873,21.8529308632573,380,600,300,300,-2.05591450953835,0.0198953786489795,-0.216748518533285,0.498207748259853
TRUE,1874,22.5349377595101,380,600,300,300,-2.24524303183373,0.0123762674919826,-0.243121043023747,0.317750726408133
TRUE,1875,21.9796820967703,380,600,300,300,-4.55602964332709,2.60647914001178e-06,-0.454412788936203,0.217880991524819
TRUE,1876,21.8766256575992,380,600,300,300,-4.18977270104242,1.39617010685912e-05,-0.429882936051257,0.571030683645927
TRUE,1877,21.8138256847913,380,600,300,300,-3.29987913677599,0.000483632379143532,-0.333877277646373,0.267374634705022
TRUE,1878,21.1620519574707,380,600,300,300,-2.17387214108635,0.0148573693957082,-0.226330830010142,0.806954027832989
TRUE,1879,21.5734908464178,380,600,300,300,-5.02047921090527,2.57713647794427e-07,-0.528070589490751,0.00246223402503761
TRUE,1880,21.013443445062,380,600,300,300,-4.10528511681806,2.01908253285434e-05,-0.425576962655836,0.552224642105657
TRUE,1881,21.1012806431596,380,600,300,300,-2.98913417762807,0.0013988462130512,-0.323076161757517,0.0969095799488807
TRUE,1882,21.950591646747,380,600,300,300,-4.94634629078977,3.78096933572928e-07,-0.516099825740765,0.00687818585471768
TRUE,1883,21.5302977663789,380,600,300,300,-3.53435368609144,0.000204386841752873,-0.3779228548835,0.739307772728123
TRUE,1884,21.025963571677,380,600,300,300,-3.23848195059681,0.00060083812126806,-0.3341737150078,0.48709721631094
TRUE,1885,22.2157790163941,380,600,300,300,-4.21173481456527,1.26708470228805e-05,-0.430730429828855,0.0548671075352752
TRUE,1886,22.0214249144455,380,600,300,300,-4.48339321233797,3.67326874930567e-06,-0.462391193023905,0.196268155006731
TRUE,1887,21.4249762407769,380,600,300,300,-2.1677585360463,0.0150885315734472,-0.225420249908155,0.712025496025247
TRUE,1888,22.2149499245163,380,600,300,300,-4.35531124352907,6.64389885869986e-06,-0.446770230219611,0.217982347102319
TRUE,1889,21.8771477209619,380,600,300,300,-4.7143667884785,1.21231782045644e-06,-0.454854968450272,0.2379209896977
TRUE,1890,22.3370254841856,380,600,300,300,-1.81292685530281,0.034921551781718,-0.193894596849612,0.260539398050657
TRUE,1891,21.4820911712103,380,600,300,300,-2.78195093322449,0.00270166042855812,-0.289946255195456,0.523063387413964
TRUE,1892,20.7644219916787,380,600,300,300,-2.86510756777847,0.00208433805016285,-0.290570071725993,0.23550063858402
TRUE,1893,21.2592588494724,380,600,300,300,-2.33228828155974,0.00984276529328777,-0.233066904499477,0.0833774952014444
TRUE,1894,21.1469023000684,380,600,300,300,-3.13396039337781,0.000862320664198887,-0.312927883604245,0.300268297136132
TRUE,1895,21.4447210747509,380,600,300,300,-3.45420106128985,0.000275962863816754,-0.351301428717979,0.350554294443449
TRUE,1896,21.8524310236562,380,600,300,300,-2.75203147644252,0.00296134139501342,-0.282790320397754,0.433237995147374
TRUE,1897,21.6612347733901,380,600,300,300,-5.13632460410854,1.40081790057102e-07,-0.521077919988391,0.015813762283116
TRUE,1898,21.7012353730695,380,600,300,300,-4.44027356840312,4.49222964936051e-06,-0.454298785717419,0.554753704718532
TRUE,1899,21.5361366290346,380,600,300,300,-2.27199538778282,0.0115433944526503,-0.23184747009486,0.289682712935208
TRUE,1900,20.8978179588518,380,600,300,300,-3.14614955055199,0.000827176949787011,-0.333040164546413,0.542242208857659
TRUE,1901,21.615739463603,380,600,300,300,-1.81655323547006,0.0346427747653345,-0.186901023027061,0.363997356320225
TRUE,1902,21.1925870684868,380,600,300,300,-1.39245848858151,0.081891801832604,-0.148508052532842,0.0655240800809567
TRUE,1903,20.8909613024693,380,600,300,300,-4.40958994622621,5.17832681214801e-06,-0.452236667666469,0.107860506881966
TRUE,1904,21.8977733920077,380,600,300,300,-3.27677645769829,0.000524997320705551,-0.338714243535728,0.654003873121661
TRUE,1905,21.7643677746308,380,600,300,300,-2.42826725047956,0.00758557966909848,-0.238041768993584,0.0789797012137774
TRUE,1906,21.0954809580006,380,600,300,300,-3.67174680980758,0.000120449139936615,-0.376417598415239,0.23366760283913
TRUE,1907,21.5726317868697,380,600,300,300,-4.81300883797642,7.43373557892017e-07,-0.485233877709285,0.135642287511981
TRUE,1908,21.592128480571,380,600,300,300,-5.36312986140015,4.08960792200984e-08,-0.542471008155079,0.160498217499958
TRUE,1909,21.0479304141163,380,600,300,300,-4.66948373868922,1.50978799336636e-06,-0.461522869810168,0.0261113749477425
TRUE,1910,22.154779919507,380,600,300,300,-3.14211621772795,0.000838657220934321,-0.334687953543613,0.241546336020305
TRUE,1911,22.2416601835138,380,600,300,300,-2.93805892250178,0.00165137123199315,-0.299842082127738,0.00321527803733421
TRUE,1912,21.3152594691329,380,600,300,300,-3.7241018692751,9.8005886193767e-05,-0.388602345982489,0.616979377863672
TRUE,1913,21.8459980954465,380,600,300,300,-4.415326134182,5.04289080744009e-06,-0.441416129095017,0.0134198212463152
TRUE,1914,21.3376405332708,380,600,300,300,-4.29856673904206,8.59530699008518e-06,-0.443357559121379,0.0833191068001643
TRUE,1915,22.0778344468145,380,600,300,300,-3.99822722383094,3.19093359209271e-05,-0.429419347589349,0.0305956768475365
TRUE,1916,20.5559832729164,380,600,300,300,-3.3193551761367,0.000451127956860173,-0.325832097605465,0.19997318140688
TRUE,1917,21.6683646987832,380,600,300,300,-2.83227475909981,0.00231090577284177,-0.283175609308205,0.681773747746428
TRUE,1918,22.3201874326466,380,600,300,300,-5.02276728082006,2.54661224109621e-07,-0.530390781886686,0.0228071986487316
TRUE,1919,22.8875346348954,380,600,300,300,-3.31314438354409,0.000461266710064888,-0.363749942297461,0.886754053231071
TRUE,1920,21.5446254888824,380,600,300,300,-3.74541070964291,9.00494478048173e-05,-0.387305196350378,0.0851277299229631
TRUE,1921,21.4236880795641,380,600,300,300,-2.71990186995219,0.00326506460196893,-0.267820001670077,0.714942006366444
TRUE,1922,21.0089488124067,380,600,300,300,-6.29179798959515,1.56904850127199e-10,-0.591738380344491,0.0552140675965091
TRUE,1923,22.0673038429746,380,600,300,300,-3.73944479049352,9.22135734810371e-05,-0.402269883159852,0.0489008862907297
TRUE,1924,21.4874143547133,380,600,300,300,-2.70680182628626,0.00339673985352766,-0.284975806685228,0.13734480796986
TRUE,1925,22.7702615208881,380,600,300,300,-2.09368545482498,0.0181440047371327,-0.208751910056967,0.705159946883827
TRUE,1926,21.3436542885685,380,600,300,300,-3.76733526724963,8.24996736210585e-05,-0.393668577628354,0.410710679688397
TRUE,1927,20.8245127725471,380,600,300,300,-2.95101905276126,0.00158363689514386,-0.297755851864039,0.0708457548628299
TRUE,1928,21.5634164633752,380,600,300,300,-3.11291090252372,0.000926259672500307,-0.319786104015984,0.178172939599802
TRUE,1929,21.0373087043222,380,600,300,300,-3.28609094535147,0.000507941023257872,-0.326554452013634,0.00595110669286938
TRUE,1930,21.6429976799916,380,600,300,300,-3.11783716211056,0.0009109171554973,-0.327407889723486,0.854490644992014
TRUE,1931,21.9567668150797,380,600,300,300,-3.82689175733198,6.48857725549383e-05,-0.405304508437172,0.32430664699495
TRUE,1932,20.499623409724,380,600,300,300,-3.10291433391189,0.000958125502451857,-0.329384476730015,0.724929597384769
TRUE,1933,22.3282888753725,380,600,300,300,-2.57039377020489,0.00507914881557091,-0.268001873969457,0.212635045945278
TRUE,1934,22.7472525120683,380,600,300,300,-4.02792807598604,2.81352754348739e-05,-0.41848072799524,0.0602480572582415
TRUE,1935,21.2854911992606,380,600,300,300,-4.3776264117855,5.99893875559513e-06,-0.440282872961252,0.0442224064576534
TRUE,1936,21.4963597030977,380,600,300,300,-4.59942544137432,2.11828892264531e-06,-0.489028762435718,0.0303205865165058
TRUE,1937,21.7604868679642,380,600,300,300,-3.62138458835879,0.000146515262058031,-0.368530491784395,0.194637530249624
TRUE,1938,21.6063093915766,380,600,300,300,-4.36669603957011,6.3070037150958e-06,-0.435492841287204,0.164778628132713
TRUE,1939,20.3440679023359,380,600,300,300,-3.454276982625,0.000275885181249044,-0.356055257401519,0.444647413737691
TRUE,1940,22.2422714618761,380,600,300,300,-2.87360563763925,0.00202907669091942,-0.290446921075088,0.183212068014174
TRUE,1941,21.279729168779,380,600,300,300,-4.66477255054341,1.5447929203084e-06,-0.475450469107783,5.8222143894211e-05
TRUE,1942,21.5433162187692,380,600,300,300,-2.98240308234152,0.00142997591496351,-0.315754254872109,0.630760475718921
TRUE,1943,22.757081348625,380,600,300,300,-4.15732299512964,1.60999292074336e-05,-0.432010065217307,0.0190543724491366
TRUE,1944,21.166824954846,380,600,300,300,-1.17468599961262,0.120060181301232,-0.12202455679568,0.19242528487851
TRUE,1945,20.9741401728282,380,600,300,300,-1.07941631557324,0.140201090431625,-0.120097042942842,0.289053202581966
TRUE,1946,22.4549599496329,380,600,300,300,-5.05399737928322,2.16328772872582e-07,-0.535062765374984,0.412784448441341
TRUE,1947,21.1631225295279,380,600,300,300,-4.69245491861621,1.34973016214238e-06,-0.488589823443041,0.0202787351765723
TRUE,1948,21.0263271111655,380,600,300,300,-3.5132197566273,0.000221355577150406,-0.357878748547216,0.0996166981927314
TRUE,1949,21.4035683522308,380,600,300,300,-5.16445847129074,1.20568001895425e-07,-0.555979811085163,0.0251746592071664
TRUE,1950,22.3125189253339,380,600,300,300,-3.66671377995963,0.00012284376478754,-0.378539493350917,0.0786974026772068
TRUE,1951,21.4584799753853,380,600,300,300,-1.97235075609416,0.0242847896057923,-0.204401964776425,0.678635741651833
TRUE,1952,20.0032742920239,380,600,300,300,-3.99606428945118,3.22021253425877e-05,-0.391580738247649,0.0850859391450074
TRUE,1953,22.3996285705677,380,600,300,300,-2.67744919902038,0.00370925507454765,-0.270067677101621,0.66497431299213
TRUE,1954,20.9241853066152,380,600,300,300,-3.28570574560074,0.000508636094864069,-0.338957172682753,0.605278455957196
TRUE,1955,21.7518090071445,380,600,300,300,-2.66075798687,0.00389824868380216,-0.274980599433264,0.595181768722476
TRUE,1956,20.8292661644798,380,600,300,300,-3.09434973321636,0.000986224117969097,-0.316625153111375,0.242109976509262
TRUE,1957,21.548263906515,380,600,300,300,-4.44748400008707,4.34409640988729e-06,-0.455848871079436,0.0823511960854102
TRUE,1958,20.985824813481,380,600,300,300,-3.21544706087236,0.000651207574089829,-0.321695579629862,0.0368716763688586
TRUE,1959,22.281972694894,380,600,300,300,-3.45204956685929,0.000278172757307276,-0.36627758485405,0.011911708600964
TRUE,1960,21.7744714788068,380,600,300,300,-3.42606068473714,0.000306201770965209,-0.347781330077517,0.810195426635648
TRUE,1961,21.3773695993703,380,600,300,300,-4.89985048488529,4.79548071697181e-07,-0.51577520003089,0.0245632444998748
TRUE,1962,21.7409474263576,380,600,300,300,-2.58518176279965,0.00486638369503812,-0.27533010510168,0.00974288047258067
TRUE,1963,21.6877382815909,380,600,300,300,-3.8913491995188,4.98441696395815e-05,-0.40134658689391,0.102727335573827
TRUE,1964,20.7610448438229,380,600,300,300,-3.87758090579045,5.27501245413102e-05,-0.382099045362645,0.151510245599755
TRUE,1965,21.2195456561561,380,600,300,300,-3.73573981230755,9.35820573048019e-05,-0.384180093948181,0.135212292501642
TRUE,1966,20.810978814857,380,600,300,300,-3.75187703913671,8.77577735338034e-05,-0.368602619585168,0.360822550135209
TRUE,1967,20.7627544709783,380,600,300,300,-3.24219625173557,0.000593061561874786,-0.340205866651457,0.15558372743766
TRUE,1968,21.4688057179983,380,600,300,300,-2.74299492719842,0.00304408129989401,-0.276672056101032,0.13193752003348
TRUE,1969,20.8348607812402,380,600,300,300,-3.85647612798416,5.75166630904099e-05,-0.408018728038451,0.0449407399050339
TRUE,1970,21.228660306525,380,600,300,300,-4.09044828283728,2.15270105680602e-05,-0.425052759867142,0.0715115460414009
TRUE,1971,22.7403339664824,380,600,300,300,-4.46588001530495,3.98701464495937e-06,-0.462328063514504,0.0370709865783092
TRUE,1972,21.3097968507115,380,600,300,300,-2.31649801483768,0.0102655463510369,-0.230000774055506,0.662461977585943
TRUE,1973,21.8915964545061,380,600,300,300,-2.37655031999962,0.00873768882247511,-0.243428752442082,0.193337575788862
TRUE,1974,22.1826634524018,380,600,300,300,-5.17676629123355,1.12882366277408e-07,-0.530991352674501,0.0392982516964936
TRUE,1975,21.9503813111586,380,600,300,300,-4.05880554322618,2.46621825839804e-05,-0.410445272337207,0.0828085457259797
TRUE,1976,21.9801267461078,380,600,300,300,-2.77414667631355,0.00276733590269953,-0.275249343914229,0.58549079631768
TRUE,1977,21.0960756797696,380,600,300,300,-3.20411263422401,0.00067739731868715,-0.320787911020545,0.639771165577276
TRUE,1978,21.9557491754559,380,600,300,300,-5.07444683892471,1.94312428694052e-07,-0.515038384433757,0.00142814981203258
TRUE,1979,22.7307314145192,380,600,300,300,-4.6690909715269,1.51267699691896e-06,-0.479598922974054,0.656111671669331
TRUE,1980,22.1164653187966,380,600,300,300,-2.38828163926191,0.00846368207441993,-0.246929061686341,0.275326748357479
TRUE,1981,22.2528528662714,380,600,300,300,-4.2123484429451,1.26364641290758e-05,-0.430037348124387,0.0168311473154981
TRUE,1982,22.1238492189975,380,600,300,300,-2.53289795042905,0.0056561940666512,-0.255985529946924,0.728822454628792
TRUE,1983,21.2317128916242,380,600,300,300,-3.40280228352503,0.000333492640385271,-0.329642436789468,0.405667486796613
TRUE,1984,22.2088044223971,380,600,300,300,-2.55498552330678,0.00530961072216053,-0.255987520730691,0.462508421123716
TRUE,1985,21.3782160730856,380,600,300,300,-4.83192572439851,6.76093525976742e-07,-0.486802161422101,0.081748243272391
TRUE,1986,20.4684731910094,380,600,300,300,-3.56530608187118,0.000181715898064767,-0.361042272242167,0.150713104204202
TRUE,1987,22.8675349363312,380,600,300,300,-3.40179382480689,0.000334725608437048,-0.358163256967295,0.105418461119409
TRUE,1988,20.6315635878034,380,600,300,300,-2.15613601535344,0.0155365229879251,-0.217354585304881,0.78061341849245
TRUE,1989,22.1149738370252,380,600,300,300,-4.38092601620217,5.90879976857187e-06,-0.443020376246713,0.288466389160912
TRUE,1990,22.3684779222216,380,600,300,300,-3.00338608149597,0.00133496742310945,-0.313533155458454,0.286061164863075
TRUE,1991,21.8676596827958,380,600,300,300,-3.15199040178415,0.000810808018436082,-0.325974744104898,0.557376475666283
TRUE,1992,22.1320260140765,380,600,300,300,-2.55502301750414,0.00530903881337136,-0.265336490888423,0.789066484907603
TRUE,1993,21.032123560942,380,600,300,300,-3.77566927308916,7.97893052313474e-05,-0.384109300014199,0.255026146323553
TRUE,1994,21.214960827634,380,600,300,300,-3.94349164515734,4.01518951528323e-05,-0.398858033853163,0.0260737550424545
TRUE,1995,22.5729994896836,380,600,300,300,-3.43662404047402,0.000294506288667491,-0.357172825316767,0.00790887308071404
TRUE,1996,21.8697676599026,380,600,300,300,-4.44933428615361,4.30684301754466e-06,-0.453193506078157,0.0640972833482434
TRUE,1997,21.2594817404761,380,600,300,300,-1.52087977098864,0.0641450056191782,-0.150797429389236,0.469086249731308
TRUE,1998,21.8112174285731,380,600,300,300,-3.27479575810919,0.000528691953366127,-0.342225974579107,0.0688481762538788
TRUE,1999,22.080940646257,380,600,300,300,-3.34810028033609,0.000406837816496852,-0.349587290030562,0.41995837287412
TRUE,2000,21.1426105099536,380,600,300,300,-3.13411274853526,0.000861873046956414,-0.318243420010062,0.161317034181767
